[0m[[0m[0mdebug[0m] [0m[0m> Exec(early(addDefaultCommands), None, None)[0m
[0m[[0m[0mdebug[0m] [0m[0m> Exec(addDefaultCommands, None, None)[0m
[0m[[0m[0mdebug[0m] [0m[0m> Exec(early(initialize), None, None)[0m
[0m[[0m[0mdebug[0m] [0m[0m> Exec(initialize, None, None)[0m
[0m[[0m[0mdebug[0m] [0m[0m> Exec(--addPluginSbtFile=/private/var/folders/7t/d933nkdj58326ztk2ml1hclr0000gn/T/idea671.sbt, None, None)[0m
[0m[[0m[0mdebug[0m] [0m[0m> Exec(addPluginSbtFile=/private/var/folders/7t/d933nkdj58326ztk2ml1hclr0000gn/T/idea671.sbt, None, None)[0m
[0m[[0m[0mdebug[0m] [0m[0m> Exec(boot, None, None)[0m
[0m[[0m[0mdebug[0m] [0m[0m> Exec(writeSbtVersion, None, None)[0m
[0m[[0m[0mdebug[0m] [0m[0m> Exec(reload, None, None)[0m
[0m[[0m[0mdebug[0m] [0m[0m> Exec(sbtStashOnFailure, None, None)[0m
[0m[[0m[0mdebug[0m] [0m[0m> Exec(onFailure loadFailed, None, None)[0m
[0m[[0m[0mdebug[0m] [0m[0m> Exec(loadp, None, None)[0m
[0m[[0m[0minfo[0m] [0m[0mwelcome to sbt 1.7.1 (JetBrains s.r.o Java 11.0.4)[0m
[0m[[0m[0mdebug[0m] [0m[0m      Load.loadUnit: plugins took 287.382709ms[0m
[0m[[0m[0mdebug[0m] [0m[0m      Load.loadUnit: defsScala took 0.77031ms[0m
[0m[[0m[0mdebug[0m] [0m[0m[Loading] Scanning directory /Users/MartinOwono/.sbt/1.0/plugins[0m
[0m[[0m[0mdebug[0m] [0m[0m[Loading] Found non-root projects [0m
[0m[[0m[0mdebug[0m] [0m[0m[Loading] Done in /Users/MartinOwono/.sbt/1.0/plugins, returning: ()[0m
[0m[[0m[0mdebug[0m] [0m[0mdeducing auto plugins based on known facts Set(Atom(sbt.plugins.CorePlugin)) and clauses Clauses(Clause(Atom(sbt.plugins.JvmPlugin),Set(Atom(sbt.plugins.IvyPlugin)))[0m
[0m[[0m[0mdebug[0m] [0m[0mClause(Atom(sbt.ScriptedPlugin),Set(Atom(sbt.plugins.JvmPlugin)))[0m
[0m[[0m[0mdebug[0m] [0m[0mClause(Atom(sbt.plugins.SbtPlugin),Set(Atom(sbt.ScriptedPlugin)))[0m
[0m[[0m[0mdebug[0m] [0m[0mClause(Atom(sbt.plugins.SemanticdbPlugin),Set(Atom(sbt.plugins.JvmPlugin)))[0m
[0m[[0m[0mdebug[0m] [0m[0mClause(Atom(sbt.plugins.JUnitXmlReportPlugin),Set(Atom(sbt.plugins.JvmPlugin)))[0m
[0m[[0m[0mdebug[0m] [0m[0mClause(Atom(sbt.plugins.MiniDependencyTreePlugin),Set(Atom(sbt.plugins.JvmPlugin)))[0m
[0m[[0m[0mdebug[0m] [0m[0mClause(Atom(sbt.plugins.CorePlugin),Set(Atom(sbt.plugins.IvyPlugin)))[0m
[0m[[0m[0mdebug[0m] [0m[0mClause(Atom(sbt.plugins.IvyPlugin),Set(Atom(sbt.plugins.JvmPlugin)))[0m
[0m[[0m[0mdebug[0m] [0m[0mClause(Atom(sbt.plugins.JvmPlugin),Set(Atom(sbt.plugins.SemanticdbPlugin)))[0m
[0m[[0m[0mdebug[0m] [0m[0mClause(Atom(sbt.plugins.JvmPlugin),Set(Atom(sbt.plugins.JUnitXmlReportPlugin)))[0m
[0m[[0m[0mdebug[0m] [0m[0mClause(Atom(sbt.plugins.CorePlugin),Set(Atom(sbt.plugins.Giter8TemplatePlugin)))[0m
[0m[[0m[0mdebug[0m] [0m[0mClause(Atom(sbt.plugins.JvmPlugin),Set(Atom(sbt.plugins.MiniDependencyTreePlugin))))[0m
[0m[[0m[0mdebug[0m] [0m[0m  :: deduced result: Matched(sbt.plugins.CorePlugin,sbt.plugins.Giter8TemplatePlugin,sbt.plugins.IvyPlugin,sbt.plugins.JvmPlugin,sbt.plugins.MiniDependencyTreePlugin,sbt.plugins.JUnitXmlReportPlugin,sbt.plugins.SemanticdbPlugin)[0m
[0m[[0m[0mdebug[0m] [0m[0mPlugins.deducer#function took 47.477815 ms[0m
[0m[[0m[0mdebug[0m] [0m[0m          Load.resolveProject(global-plugins) took 117.627595ms[0m
[0m[[0m[0mdebug[0m] [0m[0m        Load.loadTransitive: finalizeProject(Project(id global-plugins, base: /Users/MartinOwono/.sbt/1.0/plugins, plugins: List(<none>))) took 242.454759ms[0m
[0m[[0m[0mdebug[0m] [0m[0m[Loading] Done in /Users/MartinOwono/.sbt/1.0/plugins, returning: (global-plugins)[0m
[0m[[0m[0mdebug[0m] [0m[0m      Load.loadUnit: loadedProjectsRaw took 299.236803ms[0m
[0m[[0m[0mdebug[0m] [0m[0m      Load.loadUnit: cleanEvalClasses took 0.625293ms[0m
[0m[[0m[0mdebug[0m] [0m[0m    Load.loadUnit(file:/Users/MartinOwono/.sbt/1.0/plugins/, ...) took 609.510206ms[0m
[0m[[0m[0mdebug[0m] [0m[0m  Load.apply: load took 1965.110299ms[0m
[0m[[0m[0mdebug[0m] [0m[0m  Load.apply: resolveProjects took 20.219908ms[0m
[0m[[0m[0mdebug[0m] [0m[0m  Load.apply: finalTransforms took 138.743849ms[0m
[0m[[0m[0mdebug[0m] [0m[0m  Load.apply: config.delegates took 21.11159ms[0m
[0m[[0m[0mdebug[0m] [0m[0m  Load.apply: Def.make(settings)... took 978.863102ms[0m
[0m[[0m[0mdebug[0m] [0m[0m  Load.apply: structureIndex took 189.196609ms[0m
[0m[[0m[0mdebug[0m] [0m[0m  Load.apply: mkStreams took 3.149345ms[0m
[0m[[0m[0minfo[0m] [0m[0mloading global plugins from /Users/MartinOwono/.sbt/1.0/plugins[0m
[0m[[0m[0mdebug[0m] [0m[0mRunning task... Cancel: Signal, check cycles: false, forcegc: true[0m
[0m[[0m[0mdebug[0m] [0m[0mLoad.defaultLoad until apply took 6578.976397ms[0m
[0m[[0m[0mdebug[0m] [0m[0m          Load.loadUnit: plugins took 29.38877ms[0m
[0m[[0m[0mdebug[0m] [0m[0m          Load.loadUnit: defsScala took 0.008017ms[0m
[0m[[0m[0mdebug[0m] [0m[0m[Loading] Scanning directory /Users/MartinOwono/Desktop/SOSE25/BA/BA_Projekt/project[0m
[0m[[0m[0mdebug[0m] [0m[0m            Load.loadUnit: mkEval took 18.366357ms[0m
[0m[[0m[0mdebug[0m] [0m[0m[Loading] Found non-root projects [0m
[0m[[0m[0mdebug[0m] [0m[0m[Loading] Done in /Users/MartinOwono/Desktop/SOSE25/BA/BA_Projekt/project, returning: ()[0m
[0m[[0m[0mdebug[0m] [0m[0mdeducing auto plugins based on known facts Set(Atom(sbt.plugins.CorePlugin)) and clauses Clauses(Clause(Atom(sbt.plugins.JvmPlugin),Set(Atom(sbt.plugins.IvyPlugin)))[0m
[0m[[0m[0mdebug[0m] [0m[0mClause(Atom(sbt.ScriptedPlugin),Set(Atom(sbt.plugins.JvmPlugin)))[0m
[0m[[0m[0mdebug[0m] [0m[0mClause(Atom(sbt.plugins.SbtPlugin),Set(Atom(sbt.ScriptedPlugin)))[0m
[0m[[0m[0mdebug[0m] [0m[0mClause(Atom(sbt.plugins.SemanticdbPlugin),Set(Atom(sbt.plugins.JvmPlugin)))[0m
[0m[[0m[0mdebug[0m] [0m[0mClause(Atom(sbt.plugins.JUnitXmlReportPlugin),Set(Atom(sbt.plugins.JvmPlugin)))[0m
[0m[[0m[0mdebug[0m] [0m[0mClause(Atom(sbt.plugins.MiniDependencyTreePlugin),Set(Atom(sbt.plugins.JvmPlugin)))[0m
[0m[[0m[0mdebug[0m] [0m[0mClause(Atom(sbt.plugins.CorePlugin),Set(Atom(sbt.plugins.IvyPlugin)))[0m
[0m[[0m[0mdebug[0m] [0m[0mClause(Atom(sbt.plugins.IvyPlugin),Set(Atom(sbt.plugins.JvmPlugin)))[0m
[0m[[0m[0mdebug[0m] [0m[0mClause(Atom(sbt.plugins.JvmPlugin),Set(Atom(sbt.plugins.SemanticdbPlugin)))[0m
[0m[[0m[0mdebug[0m] [0m[0mClause(Atom(sbt.plugins.JvmPlugin),Set(Atom(sbt.plugins.JUnitXmlReportPlugin)))[0m
[0m[[0m[0mdebug[0m] [0m[0mClause(Atom(sbt.plugins.CorePlugin),Set(Atom(sbt.plugins.Giter8TemplatePlugin)))[0m
[0m[[0m[0mdebug[0m] [0m[0mClause(Atom(sbt.plugins.JvmPlugin),Set(Atom(sbt.plugins.MiniDependencyTreePlugin))))[0m
[0m[[0m[0mdebug[0m] [0m[0m  :: deduced result: Matched(sbt.plugins.CorePlugin,sbt.plugins.Giter8TemplatePlugin,sbt.plugins.IvyPlugin,sbt.plugins.JvmPlugin,sbt.plugins.MiniDependencyTreePlugin,sbt.plugins.JUnitXmlReportPlugin,sbt.plugins.SemanticdbPlugin)[0m
[0m[[0m[0mdebug[0m] [0m[0mPlugins.deducer#function took 4.06209 ms[0m
[0m[[0m[0minfo[0m] [0m[0mloading settings for project ba_projekt-build from plugins.sbt,idea671.sbt ...[0m
[0m[[0m[0mdebug[0m] [0m[0m              Load.resolveProject(ba_projekt-build) took 5.098251ms[0m
[0m[[0m[0mdebug[0m] [0m[0m            Load.loadTransitive: finalizeProject(Project(id ba_projekt-build, base: /Users/MartinOwono/Desktop/SOSE25/BA/BA_Projekt/project, plugins: List(<none>))) took 10.303026ms[0m
[0m[[0m[0mdebug[0m] [0m[0m[Loading] Done in /Users/MartinOwono/Desktop/SOSE25/BA/BA_Projekt/project, returning: (ba_projekt-build)[0m
[0m[[0m[0mdebug[0m] [0m[0m          Load.loadUnit: loadedProjectsRaw took 395.676848ms[0m
[0m[[0m[0mdebug[0m] [0m[0m          Load.loadUnit: cleanEvalClasses took 8.159093ms[0m
[0m[[0m[0mdebug[0m] [0m[0m        Load.loadUnit(file:/Users/MartinOwono/Desktop/SOSE25/BA/BA_Projekt/project/, ...) took 434.534031ms[0m
[0m[[0m[0mdebug[0m] [0m[0m      Load.apply: load took 436.301749ms[0m
[0m[[0m[0mdebug[0m] [0m[0m      Load.apply: resolveProjects took 0.13613ms[0m
[0m[[0m[0mdebug[0m] [0m[0m      Load.apply: finalTransforms took 16.878608ms[0m
[0m[[0m[0mdebug[0m] [0m[0m      Load.apply: config.delegates took 0.579734ms[0m
[0m[[0m[0mdebug[0m] [0m[0m      Load.apply: Def.make(settings)... took 241.368965ms[0m
[0m[[0m[0mdebug[0m] [0m[0m      Load.apply: structureIndex took 75.905553ms[0m
[0m[[0m[0mdebug[0m] [0m[0m      Load.apply: mkStreams took 0.006961ms[0m
[0m[[0m[0minfo[0m] [0m[0mloading project definition from /Users/MartinOwono/Desktop/SOSE25/BA/BA_Projekt/project[0m
[0m[[0m[0mdebug[0m] [0m[0mRunning task... Cancel: Signal, check cycles: false, forcegc: true[0m
[0m[[0m[0mdebug[0m] [0m[0m    Load.loadUnit: plugins took 2918.323919ms[0m
[0m[[0m[0mdebug[0m] [0m[0m    Load.loadUnit: defsScala took 0.013917ms[0m
[0m[[0m[0mdebug[0m] [0m[0m[Loading] Scanning directory /Users/MartinOwono/Desktop/SOSE25/BA/BA_Projekt[0m
[0m[[0m[0mdebug[0m] [0m[0m      Load.loadUnit: mkEval took 0.297425ms[0m
[0m[[0m[0mdebug[0m] [0m[0m[Loading] Found non-root projects jcg_annotations,jcg_data_format,jcg_testcases,jcg_annotation_matcher,jcg_wala_testadapter,jcg_soot_testadapter,jcg_opal_testadapter,jcg_doop_testadapter,jcg_js_callgraph_testadapter,jcg_jelly_testadapter,jcg_tajs_testadapter,jcg_code2flow_js_testadapter,jcg_code2flow_py_testadapter,jcg_pycg_testadapter,jcg_pyan_testadapter,jcg_jarvis_testadapter,jcg_dynamic_testadapter,jcg_testadapter_commons,jcg_callgraphs_testadapter,jcg_evaluation[0m
[0m[[0m[0mdebug[0m] [0m[0m[Loading] Loading project jcg_annotations @ /Users/MartinOwono/Desktop/SOSE25/BA/BA_Projekt/jcg_annotations[0m
[0m[[0m[0mdebug[0m] [0m[0mdeducing auto plugins based on known facts Set(Atom(sbt.plugins.CorePlugin)) and clauses Clauses(Clause(Atom(sbt.plugins.JvmPlugin),Set(Atom(sbt.plugins.IvyPlugin)))[0m
[0m[[0m[0mdebug[0m] [0m[0mClause(Atom(sbt.ScriptedPlugin),Set(Atom(sbt.plugins.JvmPlugin)))[0m
[0m[[0m[0mdebug[0m] [0m[0mClause(Atom(sbt.plugins.SbtPlugin),Set(Atom(sbt.ScriptedPlugin)))[0m
[0m[[0m[0mdebug[0m] [0m[0mClause(Atom(sbt.plugins.SemanticdbPlugin),Set(Atom(sbt.plugins.JvmPlugin)))[0m
[0m[[0m[0mdebug[0m] [0m[0mClause(Atom(sbt.plugins.JUnitXmlReportPlugin),Set(Atom(sbt.plugins.JvmPlugin)))[0m
[0m[[0m[0mdebug[0m] [0m[0mClause(Atom(sbt.plugins.MiniDependencyTreePlugin),Set(Atom(sbt.plugins.JvmPlugin)))[0m
[0m[[0m[0mdebug[0m] [0m[0mClause(Atom(sbtassembly.AssemblyPlugin),Set(Atom(sbt.plugins.JvmPlugin)))[0m
[0m[[0m[0mdebug[0m] [0m[0mClause(Atom(com.typesafe.sbt.SbtPgp),Set(Atom(sbt.plugins.IvyPlugin)))[0m
[0m[[0m[0mdebug[0m] [0m[0mClause(Atom(sbtdirtymoney.DirtyMoneyPlugin),Set(Atom(sbt.plugins.IvyPlugin)))[0m
[0m[[0m[0mdebug[0m] [0m[0mClause(Atom(xerial.sbt.Sonatype),Set(Atom(sbt.plugins.JvmPlugin)))[0m
[0m[[0m[0mdebug[0m] [0m[0mClause(Atom(org.jetbrains.sbt.StructurePlugin),Set(Atom(sbt.plugins.JvmPlugin)))[0m
[0m[[0m[0mdebug[0m] [0m[0mClause(Atom(org.jetbrains.sbt.IdeaShellPlugin),Set(Atom(sbt.plugins.JvmPlugin)))[0m
[0m[[0m[0mdebug[0m] [0m[0mClause(Atom(org.jetbrains.sbt.indices.SbtIntellijIndicesPlugin),Set(Atom(sbt.plugins.JvmPlugin)))[0m
[0m[[0m[0mdebug[0m] [0m[0mClause(Atom(sbt.plugins.CorePlugin),Set(Atom(sbt.plugins.IvyPlugin)))[0m
[0m[[0m[0mdebug[0m] [0m[0mClause(Atom(sbt.plugins.IvyPlugin),Set(Atom(sbt.plugins.JvmPlugin)))[0m
[0m[[0m[0mdebug[0m] [0m[0mClause(Atom(sbt.plugins.JvmPlugin),Set(Atom(sbt.plugins.SemanticdbPlugin)))[0m
[0m[[0m[0mdebug[0m] [0m[0mClause(Atom(sbt.plugins.JvmPlugin),Set(Atom(sbt.plugins.JUnitXmlReportPlugin)))[0m
[0m[[0m[0mdebug[0m] [0m[0mClause(Atom(sbt.plugins.CorePlugin),Set(Atom(sbt.plugins.Giter8TemplatePlugin)))[0m
[0m[[0m[0mdebug[0m] [0m[0mClause(Atom(sbt.plugins.JvmPlugin),Set(Atom(sbt.plugins.MiniDependencyTreePlugin)))[0m
[0m[[0m[0mdebug[0m] [0m[0mClause(Atom(sbt.plugins.JvmPlugin),Set(Atom(sbtassembly.AssemblyPlugin)))[0m
[0m[[0m[0mdebug[0m] [0m[0mClause(Atom(sbt.plugins.IvyPlugin),Set(Atom(com.typesafe.sbt.SbtPgp)))[0m
[0m[[0m[0mdebug[0m] [0m[0mClause(Atom(sbt.plugins.IvyPlugin),Set(Atom(sbtdirtymoney.DirtyMoneyPlugin)))[0m
[0m[[0m[0mdebug[0m] [0m[0mClause(Atom(sbt.plugins.JvmPlugin),Set(Atom(xerial.sbt.Sonatype)))[0m
[0m[[0m[0mdebug[0m] [0m[0mClause(Atom(sbt.plugins.JvmPlugin),Set(Atom(org.jetbrains.sbt.StructurePlugin)))[0m
[0m[[0m[0mdebug[0m] [0m[0mClause(Atom(sbt.plugins.JvmPlugin),Set(Atom(org.jetbrains.sbt.IdeaShellPlugin)))[0m
[0m[[0m[0mdebug[0m] [0m[0mClause(And(Set(Atom(sbt.plugins.CorePlugin), Atom(sbt.plugins.JvmPlugin))),Set(Atom(org.jetbrains.sbt.indices.SbtIntellijIndicesPlugin))))[0m
[0m[[0m[0mdebug[0m] [0m[0m  :: deduced result: Matched(sbt.plugins.CorePlugin,sbt.plugins.Giter8TemplatePlugin,sbt.plugins.IvyPlugin,sbtdirtymoney.DirtyMoneyPlugin,com.typesafe.sbt.SbtPgp,sbt.plugins.JvmPlugin,sbt.plugins.SemanticdbPlugin,org.jetbrains.sbt.indices.SbtIntellijIndicesPlugin,sbt.plugins.JUnitXmlReportPlugin,sbtassembly.AssemblyPlugin,xerial.sbt.Sonatype,org.jetbrains.sbt.IdeaShellPlugin,org.jetbrains.sbt.StructurePlugin,sbt.plugins.MiniDependencyTreePlugin)[0m
[0m[[0m[0mdebug[0m] [0m[0mPlugins.deducer#function took 5.22159 ms[0m
[0m[[0m[0minfo[0m] [0m[0mloading settings for project jcg_annotations from build.sbt ...[0m
[0m[[0m[0mdebug[0m] [0m[0m      Load.resolveProject(jcg_annotations) took 52.85363ms[0m
[0m[[0m[0mdebug[0m] [0m[0m[Loading] Loading project jcg_data_format @ /Users/MartinOwono/Desktop/SOSE25/BA/BA_Projekt/jcg_data_format[0m
[0m[[0m[0mdebug[0m] [0m[0mdeducing auto plugins based on known facts Set(Atom(sbt.plugins.CorePlugin)) and clauses Clauses(Clause(Atom(sbt.plugins.JvmPlugin),Set(Atom(sbt.plugins.IvyPlugin)))[0m
[0m[[0m[0mdebug[0m] [0m[0mClause(Atom(sbt.ScriptedPlugin),Set(Atom(sbt.plugins.JvmPlugin)))[0m
[0m[[0m[0mdebug[0m] [0m[0mClause(Atom(sbt.plugins.SbtPlugin),Set(Atom(sbt.ScriptedPlugin)))[0m
[0m[[0m[0mdebug[0m] [0m[0mClause(Atom(sbt.plugins.SemanticdbPlugin),Set(Atom(sbt.plugins.JvmPlugin)))[0m
[0m[[0m[0mdebug[0m] [0m[0mClause(Atom(sbt.plugins.JUnitXmlReportPlugin),Set(Atom(sbt.plugins.JvmPlugin)))[0m
[0m[[0m[0mdebug[0m] [0m[0mClause(Atom(sbt.plugins.MiniDependencyTreePlugin),Set(Atom(sbt.plugins.JvmPlugin)))[0m
[0m[[0m[0mdebug[0m] [0m[0mClause(Atom(sbtassembly.AssemblyPlugin),Set(Atom(sbt.plugins.JvmPlugin)))[0m
[0m[[0m[0mdebug[0m] [0m[0mClause(Atom(com.typesafe.sbt.SbtPgp),Set(Atom(sbt.plugins.IvyPlugin)))[0m
[0m[[0m[0mdebug[0m] [0m[0mClause(Atom(sbtdirtymoney.DirtyMoneyPlugin),Set(Atom(sbt.plugins.IvyPlugin)))[0m
[0m[[0m[0mdebug[0m] [0m[0mClause(Atom(xerial.sbt.Sonatype),Set(Atom(sbt.plugins.JvmPlugin)))[0m
[0m[[0m[0mdebug[0m] [0m[0mClause(Atom(org.jetbrains.sbt.StructurePlugin),Set(Atom(sbt.plugins.JvmPlugin)))[0m
[0m[[0m[0mdebug[0m] [0m[0mClause(Atom(org.jetbrains.sbt.IdeaShellPlugin),Set(Atom(sbt.plugins.JvmPlugin)))[0m
[0m[[0m[0mdebug[0m] [0m[0mClause(Atom(org.jetbrains.sbt.indices.SbtIntellijIndicesPlugin),Set(Atom(sbt.plugins.JvmPlugin)))[0m
[0m[[0m[0mdebug[0m] [0m[0mClause(Atom(sbt.plugins.CorePlugin),Set(Atom(sbt.plugins.IvyPlugin)))[0m
[0m[[0m[0mdebug[0m] [0m[0mClause(Atom(sbt.plugins.IvyPlugin),Set(Atom(sbt.plugins.JvmPlugin)))[0m
[0m[[0m[0mdebug[0m] [0m[0mClause(Atom(sbt.plugins.JvmPlugin),Set(Atom(sbt.plugins.SemanticdbPlugin)))[0m
[0m[[0m[0mdebug[0m] [0m[0mClause(Atom(sbt.plugins.JvmPlugin),Set(Atom(sbt.plugins.JUnitXmlReportPlugin)))[0m
[0m[[0m[0mdebug[0m] [0m[0mClause(Atom(sbt.plugins.CorePlugin),Set(Atom(sbt.plugins.Giter8TemplatePlugin)))[0m
[0m[[0m[0mdebug[0m] [0m[0mClause(Atom(sbt.plugins.JvmPlugin),Set(Atom(sbt.plugins.MiniDependencyTreePlugin)))[0m
[0m[[0m[0mdebug[0m] [0m[0mClause(Atom(sbt.plugins.JvmPlugin),Set(Atom(sbtassembly.AssemblyPlugin)))[0m
[0m[[0m[0mdebug[0m] [0m[0mClause(Atom(sbt.plugins.IvyPlugin),Set(Atom(com.typesafe.sbt.SbtPgp)))[0m
[0m[[0m[0mdebug[0m] [0m[0mClause(Atom(sbt.plugins.IvyPlugin),Set(Atom(sbtdirtymoney.DirtyMoneyPlugin)))[0m
[0m[[0m[0mdebug[0m] [0m[0mClause(Atom(sbt.plugins.JvmPlugin),Set(Atom(xerial.sbt.Sonatype)))[0m
[0m[[0m[0mdebug[0m] [0m[0mClause(Atom(sbt.plugins.JvmPlugin),Set(Atom(org.jetbrains.sbt.StructurePlugin)))[0m
[0m[[0m[0mdebug[0m] [0m[0mClause(Atom(sbt.plugins.JvmPlugin),Set(Atom(org.jetbrains.sbt.IdeaShellPlugin)))[0m
[0m[[0m[0mdebug[0m] [0m[0mClause(And(Set(Atom(sbt.plugins.CorePlugin), Atom(sbt.plugins.JvmPlugin))),Set(Atom(org.jetbrains.sbt.indices.SbtIntellijIndicesPlugin))))[0m
[0m[[0m[0mdebug[0m] [0m[0m  :: deduced result: Matched(sbt.plugins.CorePlugin,sbt.plugins.Giter8TemplatePlugin,sbt.plugins.IvyPlugin,sbtdirtymoney.DirtyMoneyPlugin,com.typesafe.sbt.SbtPgp,sbt.plugins.JvmPlugin,sbt.plugins.SemanticdbPlugin,org.jetbrains.sbt.indices.SbtIntellijIndicesPlugin,sbt.plugins.JUnitXmlReportPlugin,sbtassembly.AssemblyPlugin,xerial.sbt.Sonatype,org.jetbrains.sbt.IdeaShellPlugin,org.jetbrains.sbt.StructurePlugin,sbt.plugins.MiniDependencyTreePlugin)[0m
[0m[[0m[0mdebug[0m] [0m[0mPlugins.deducer#function took 4.783154 ms[0m
[0m[[0m[0mdebug[0m] [0m[0m      Load.resolveProject(jcg_data_format) took 1.404367ms[0m
[0m[[0m[0mdebug[0m] [0m[0m[Loading] Loading project jcg_testcases @ /Users/MartinOwono/Desktop/SOSE25/BA/BA_Projekt/jcg_testcases[0m
[0m[[0m[0mdebug[0m] [0m[0mdeducing auto plugins based on known facts Set(Atom(sbt.plugins.CorePlugin)) and clauses Clauses(Clause(Atom(sbt.plugins.JvmPlugin),Set(Atom(sbt.plugins.IvyPlugin)))[0m
[0m[[0m[0mdebug[0m] [0m[0mClause(Atom(sbt.ScriptedPlugin),Set(Atom(sbt.plugins.JvmPlugin)))[0m
[0m[[0m[0mdebug[0m] [0m[0mClause(Atom(sbt.plugins.SbtPlugin),Set(Atom(sbt.ScriptedPlugin)))[0m
[0m[[0m[0mdebug[0m] [0m[0mClause(Atom(sbt.plugins.SemanticdbPlugin),Set(Atom(sbt.plugins.JvmPlugin)))[0m
[0m[[0m[0mdebug[0m] [0m[0mClause(Atom(sbt.plugins.JUnitXmlReportPlugin),Set(Atom(sbt.plugins.JvmPlugin)))[0m
[0m[[0m[0mdebug[0m] [0m[0mClause(Atom(sbt.plugins.MiniDependencyTreePlugin),Set(Atom(sbt.plugins.JvmPlugin)))[0m
[0m[[0m[0mdebug[0m] [0m[0mClause(Atom(sbtassembly.AssemblyPlugin),Set(Atom(sbt.plugins.JvmPlugin)))[0m
[0m[[0m[0mdebug[0m] [0m[0mClause(Atom(com.typesafe.sbt.SbtPgp),Set(Atom(sbt.plugins.IvyPlugin)))[0m
[0m[[0m[0mdebug[0m] [0m[0mClause(Atom(sbtdirtymoney.DirtyMoneyPlugin),Set(Atom(sbt.plugins.IvyPlugin)))[0m
[0m[[0m[0mdebug[0m] [0m[0mClause(Atom(xerial.sbt.Sonatype),Set(Atom(sbt.plugins.JvmPlugin)))[0m
[0m[[0m[0mdebug[0m] [0m[0mClause(Atom(org.jetbrains.sbt.StructurePlugin),Set(Atom(sbt.plugins.JvmPlugin)))[0m
[0m[[0m[0mdebug[0m] [0m[0mClause(Atom(org.jetbrains.sbt.IdeaShellPlugin),Set(Atom(sbt.plugins.JvmPlugin)))[0m
[0m[[0m[0mdebug[0m] [0m[0mClause(Atom(org.jetbrains.sbt.indices.SbtIntellijIndicesPlugin),Set(Atom(sbt.plugins.JvmPlugin)))[0m
[0m[[0m[0mdebug[0m] [0m[0mClause(Atom(sbt.plugins.CorePlugin),Set(Atom(sbt.plugins.IvyPlugin)))[0m
[0m[[0m[0mdebug[0m] [0m[0mClause(Atom(sbt.plugins.IvyPlugin),Set(Atom(sbt.plugins.JvmPlugin)))[0m
[0m[[0m[0mdebug[0m] [0m[0mClause(Atom(sbt.plugins.JvmPlugin),Set(Atom(sbt.plugins.SemanticdbPlugin)))[0m
[0m[[0m[0mdebug[0m] [0m[0mClause(Atom(sbt.plugins.JvmPlugin),Set(Atom(sbt.plugins.JUnitXmlReportPlugin)))[0m
[0m[[0m[0mdebug[0m] [0m[0mClause(Atom(sbt.plugins.CorePlugin),Set(Atom(sbt.plugins.Giter8TemplatePlugin)))[0m
[0m[[0m[0mdebug[0m] [0m[0mClause(Atom(sbt.plugins.JvmPlugin),Set(Atom(sbt.plugins.MiniDependencyTreePlugin)))[0m
[0m[[0m[0mdebug[0m] [0m[0mClause(Atom(sbt.plugins.JvmPlugin),Set(Atom(sbtassembly.AssemblyPlugin)))[0m
[0m[[0m[0mdebug[0m] [0m[0mClause(Atom(sbt.plugins.IvyPlugin),Set(Atom(com.typesafe.sbt.SbtPgp)))[0m
[0m[[0m[0mdebug[0m] [0m[0mClause(Atom(sbt.plugins.IvyPlugin),Set(Atom(sbtdirtymoney.DirtyMoneyPlugin)))[0m
[0m[[0m[0mdebug[0m] [0m[0mClause(Atom(sbt.plugins.JvmPlugin),Set(Atom(xerial.sbt.Sonatype)))[0m
[0m[[0m[0mdebug[0m] [0m[0mClause(Atom(sbt.plugins.JvmPlugin),Set(Atom(org.jetbrains.sbt.StructurePlugin)))[0m
[0m[[0m[0mdebug[0m] [0m[0mClause(Atom(sbt.plugins.JvmPlugin),Set(Atom(org.jetbrains.sbt.IdeaShellPlugin)))[0m
[0m[[0m[0mdebug[0m] [0m[0mClause(And(Set(Atom(sbt.plugins.CorePlugin), Atom(sbt.plugins.JvmPlugin))),Set(Atom(org.jetbrains.sbt.indices.SbtIntellijIndicesPlugin))))[0m
[0m[[0m[0mdebug[0m] [0m[0m  :: deduced result: Matched(sbt.plugins.CorePlugin,sbt.plugins.Giter8TemplatePlugin,sbt.plugins.IvyPlugin,sbtdirtymoney.DirtyMoneyPlugin,com.typesafe.sbt.SbtPgp,sbt.plugins.JvmPlugin,sbt.plugins.SemanticdbPlugin,org.jetbrains.sbt.indices.SbtIntellijIndicesPlugin,sbt.plugins.JUnitXmlReportPlugin,sbtassembly.AssemblyPlugin,xerial.sbt.Sonatype,org.jetbrains.sbt.IdeaShellPlugin,org.jetbrains.sbt.StructurePlugin,sbt.plugins.MiniDependencyTreePlugin)[0m
[0m[[0m[0mdebug[0m] [0m[0mPlugins.deducer#function took 5.09526 ms[0m
[0m[[0m[0minfo[0m] [0m[0mloading settings for project jcg_testcases from build.sbt ...[0m
[0m[[0m[0mdebug[0m] [0m[0m      Load.resolveProject(jcg_testcases) took 3.036803ms[0m
[0m[[0m[0mdebug[0m] [0m[0m[Loading] Loading project jcg_annotation_matcher @ /Users/MartinOwono/Desktop/SOSE25/BA/BA_Projekt/jcg_annotation_matcher[0m
[0m[[0m[0mdebug[0m] [0m[0mdeducing auto plugins based on known facts Set(Atom(sbt.plugins.CorePlugin)) and clauses Clauses(Clause(Atom(sbt.plugins.JvmPlugin),Set(Atom(sbt.plugins.IvyPlugin)))[0m
[0m[[0m[0mdebug[0m] [0m[0mClause(Atom(sbt.ScriptedPlugin),Set(Atom(sbt.plugins.JvmPlugin)))[0m
[0m[[0m[0mdebug[0m] [0m[0mClause(Atom(sbt.plugins.SbtPlugin),Set(Atom(sbt.ScriptedPlugin)))[0m
[0m[[0m[0mdebug[0m] [0m[0mClause(Atom(sbt.plugins.SemanticdbPlugin),Set(Atom(sbt.plugins.JvmPlugin)))[0m
[0m[[0m[0mdebug[0m] [0m[0mClause(Atom(sbt.plugins.JUnitXmlReportPlugin),Set(Atom(sbt.plugins.JvmPlugin)))[0m
[0m[[0m[0mdebug[0m] [0m[0mClause(Atom(sbt.plugins.MiniDependencyTreePlugin),Set(Atom(sbt.plugins.JvmPlugin)))[0m
[0m[[0m[0mdebug[0m] [0m[0mClause(Atom(sbtassembly.AssemblyPlugin),Set(Atom(sbt.plugins.JvmPlugin)))[0m
[0m[[0m[0mdebug[0m] [0m[0mClause(Atom(com.typesafe.sbt.SbtPgp),Set(Atom(sbt.plugins.IvyPlugin)))[0m
[0m[[0m[0mdebug[0m] [0m[0mClause(Atom(sbtdirtymoney.DirtyMoneyPlugin),Set(Atom(sbt.plugins.IvyPlugin)))[0m
[0m[[0m[0mdebug[0m] [0m[0mClause(Atom(xerial.sbt.Sonatype),Set(Atom(sbt.plugins.JvmPlugin)))[0m
[0m[[0m[0mdebug[0m] [0m[0mClause(Atom(org.jetbrains.sbt.StructurePlugin),Set(Atom(sbt.plugins.JvmPlugin)))[0m
[0m[[0m[0mdebug[0m] [0m[0mClause(Atom(org.jetbrains.sbt.IdeaShellPlugin),Set(Atom(sbt.plugins.JvmPlugin)))[0m
[0m[[0m[0mdebug[0m] [0m[0mClause(Atom(org.jetbrains.sbt.indices.SbtIntellijIndicesPlugin),Set(Atom(sbt.plugins.JvmPlugin)))[0m
[0m[[0m[0mdebug[0m] [0m[0mClause(Atom(sbt.plugins.CorePlugin),Set(Atom(sbt.plugins.IvyPlugin)))[0m
[0m[[0m[0mdebug[0m] [0m[0mClause(Atom(sbt.plugins.IvyPlugin),Set(Atom(sbt.plugins.JvmPlugin)))[0m
[0m[[0m[0mdebug[0m] [0m[0mClause(Atom(sbt.plugins.JvmPlugin),Set(Atom(sbt.plugins.SemanticdbPlugin)))[0m
[0m[[0m[0mdebug[0m] [0m[0mClause(Atom(sbt.plugins.JvmPlugin),Set(Atom(sbt.plugins.JUnitXmlReportPlugin)))[0m
[0m[[0m[0mdebug[0m] [0m[0mClause(Atom(sbt.plugins.CorePlugin),Set(Atom(sbt.plugins.Giter8TemplatePlugin)))[0m
[0m[[0m[0mdebug[0m] [0m[0mClause(Atom(sbt.plugins.JvmPlugin),Set(Atom(sbt.plugins.MiniDependencyTreePlugin)))[0m
[0m[[0m[0mdebug[0m] [0m[0mClause(Atom(sbt.plugins.JvmPlugin),Set(Atom(sbtassembly.AssemblyPlugin)))[0m
[0m[[0m[0mdebug[0m] [0m[0mClause(Atom(sbt.plugins.IvyPlugin),Set(Atom(com.typesafe.sbt.SbtPgp)))[0m
[0m[[0m[0mdebug[0m] [0m[0mClause(Atom(sbt.plugins.IvyPlugin),Set(Atom(sbtdirtymoney.DirtyMoneyPlugin)))[0m
[0m[[0m[0mdebug[0m] [0m[0mClause(Atom(sbt.plugins.JvmPlugin),Set(Atom(xerial.sbt.Sonatype)))[0m
[0m[[0m[0mdebug[0m] [0m[0mClause(Atom(sbt.plugins.JvmPlugin),Set(Atom(org.jetbrains.sbt.StructurePlugin)))[0m
[0m[[0m[0mdebug[0m] [0m[0mClause(Atom(sbt.plugins.JvmPlugin),Set(Atom(org.jetbrains.sbt.IdeaShellPlugin)))[0m
[0m[[0m[0mdebug[0m] [0m[0mClause(And(Set(Atom(sbt.plugins.CorePlugin), Atom(sbt.plugins.JvmPlugin))),Set(Atom(org.jetbrains.sbt.indices.SbtIntellijIndicesPlugin))))[0m
[0m[[0m[0mdebug[0m] [0m[0m  :: deduced result: Matched(sbt.plugins.CorePlugin,sbt.plugins.Giter8TemplatePlugin,sbt.plugins.IvyPlugin,sbtdirtymoney.DirtyMoneyPlugin,com.typesafe.sbt.SbtPgp,sbt.plugins.JvmPlugin,sbt.plugins.SemanticdbPlugin,org.jetbrains.sbt.indices.SbtIntellijIndicesPlugin,sbt.plugins.JUnitXmlReportPlugin,sbtassembly.AssemblyPlugin,xerial.sbt.Sonatype,org.jetbrains.sbt.IdeaShellPlugin,org.jetbrains.sbt.StructurePlugin,sbt.plugins.MiniDependencyTreePlugin)[0m
[0m[[0m[0mdebug[0m] [0m[0mPlugins.deducer#function took 3.760094 ms[0m
[0m[[0m[0minfo[0m] [0m[0mloading settings for project jcg_annotation_matcher from build.sbt ...[0m
[0m[[0m[0mdebug[0m] [0m[0m      Load.resolveProject(jcg_annotation_matcher) took 2.507705ms[0m
[0m[[0m[0mdebug[0m] [0m[0m[Loading] Loading project jcg_wala_testadapter @ /Users/MartinOwono/Desktop/SOSE25/BA/BA_Projekt/jcg_wala_testadapter[0m
[0m[[0m[0mdebug[0m] [0m[0mdeducing auto plugins based on known facts Set(Atom(sbt.plugins.CorePlugin)) and clauses Clauses(Clause(Atom(sbt.plugins.JvmPlugin),Set(Atom(sbt.plugins.IvyPlugin)))[0m
[0m[[0m[0mdebug[0m] [0m[0mClause(Atom(sbt.ScriptedPlugin),Set(Atom(sbt.plugins.JvmPlugin)))[0m
[0m[[0m[0mdebug[0m] [0m[0mClause(Atom(sbt.plugins.SbtPlugin),Set(Atom(sbt.ScriptedPlugin)))[0m
[0m[[0m[0mdebug[0m] [0m[0mClause(Atom(sbt.plugins.SemanticdbPlugin),Set(Atom(sbt.plugins.JvmPlugin)))[0m
[0m[[0m[0mdebug[0m] [0m[0mClause(Atom(sbt.plugins.JUnitXmlReportPlugin),Set(Atom(sbt.plugins.JvmPlugin)))[0m
[0m[[0m[0mdebug[0m] [0m[0mClause(Atom(sbt.plugins.MiniDependencyTreePlugin),Set(Atom(sbt.plugins.JvmPlugin)))[0m
[0m[[0m[0mdebug[0m] [0m[0mClause(Atom(sbtassembly.AssemblyPlugin),Set(Atom(sbt.plugins.JvmPlugin)))[0m
[0m[[0m[0mdebug[0m] [0m[0mClause(Atom(com.typesafe.sbt.SbtPgp),Set(Atom(sbt.plugins.IvyPlugin)))[0m
[0m[[0m[0mdebug[0m] [0m[0mClause(Atom(sbtdirtymoney.DirtyMoneyPlugin),Set(Atom(sbt.plugins.IvyPlugin)))[0m
[0m[[0m[0mdebug[0m] [0m[0mClause(Atom(xerial.sbt.Sonatype),Set(Atom(sbt.plugins.JvmPlugin)))[0m
[0m[[0m[0mdebug[0m] [0m[0mClause(Atom(org.jetbrains.sbt.StructurePlugin),Set(Atom(sbt.plugins.JvmPlugin)))[0m
[0m[[0m[0mdebug[0m] [0m[0mClause(Atom(org.jetbrains.sbt.IdeaShellPlugin),Set(Atom(sbt.plugins.JvmPlugin)))[0m
[0m[[0m[0mdebug[0m] [0m[0mClause(Atom(org.jetbrains.sbt.indices.SbtIntellijIndicesPlugin),Set(Atom(sbt.plugins.JvmPlugin)))[0m
[0m[[0m[0mdebug[0m] [0m[0mClause(Atom(sbt.plugins.CorePlugin),Set(Atom(sbt.plugins.IvyPlugin)))[0m
[0m[[0m[0mdebug[0m] [0m[0mClause(Atom(sbt.plugins.IvyPlugin),Set(Atom(sbt.plugins.JvmPlugin)))[0m
[0m[[0m[0mdebug[0m] [0m[0mClause(Atom(sbt.plugins.JvmPlugin),Set(Atom(sbt.plugins.SemanticdbPlugin)))[0m
[0m[[0m[0mdebug[0m] [0m[0mClause(Atom(sbt.plugins.JvmPlugin),Set(Atom(sbt.plugins.JUnitXmlReportPlugin)))[0m
[0m[[0m[0mdebug[0m] [0m[0mClause(Atom(sbt.plugins.CorePlugin),Set(Atom(sbt.plugins.Giter8TemplatePlugin)))[0m
[0m[[0m[0mdebug[0m] [0m[0mClause(Atom(sbt.plugins.JvmPlugin),Set(Atom(sbt.plugins.MiniDependencyTreePlugin)))[0m
[0m[[0m[0mdebug[0m] [0m[0mClause(Atom(sbt.plugins.JvmPlugin),Set(Atom(sbtassembly.AssemblyPlugin)))[0m
[0m[[0m[0mdebug[0m] [0m[0mClause(Atom(sbt.plugins.IvyPlugin),Set(Atom(com.typesafe.sbt.SbtPgp)))[0m
[0m[[0m[0mdebug[0m] [0m[0mClause(Atom(sbt.plugins.IvyPlugin),Set(Atom(sbtdirtymoney.DirtyMoneyPlugin)))[0m
[0m[[0m[0mdebug[0m] [0m[0mClause(Atom(sbt.plugins.JvmPlugin),Set(Atom(xerial.sbt.Sonatype)))[0m
[0m[[0m[0mdebug[0m] [0m[0mClause(Atom(sbt.plugins.JvmPlugin),Set(Atom(org.jetbrains.sbt.StructurePlugin)))[0m
[0m[[0m[0mdebug[0m] [0m[0mClause(Atom(sbt.plugins.JvmPlugin),Set(Atom(org.jetbrains.sbt.IdeaShellPlugin)))[0m
[0m[[0m[0mdebug[0m] [0m[0mClause(And(Set(Atom(sbt.plugins.CorePlugin), Atom(sbt.plugins.JvmPlugin))),Set(Atom(org.jetbrains.sbt.indices.SbtIntellijIndicesPlugin))))[0m
[0m[[0m[0mdebug[0m] [0m[0m  :: deduced result: Matched(sbt.plugins.CorePlugin,sbt.plugins.Giter8TemplatePlugin,sbt.plugins.IvyPlugin,sbtdirtymoney.DirtyMoneyPlugin,com.typesafe.sbt.SbtPgp,sbt.plugins.JvmPlugin,sbt.plugins.SemanticdbPlugin,org.jetbrains.sbt.indices.SbtIntellijIndicesPlugin,sbt.plugins.JUnitXmlReportPlugin,sbtassembly.AssemblyPlugin,xerial.sbt.Sonatype,org.jetbrains.sbt.IdeaShellPlugin,org.jetbrains.sbt.StructurePlugin,sbt.plugins.MiniDependencyTreePlugin)[0m
[0m[[0m[0mdebug[0m] [0m[0mPlugins.deducer#function took 6.735707 ms[0m
[0m[[0m[0minfo[0m] [0m[0mloading settings for project jcg_wala_testadapter from build.sbt ...[0m
[0m[[0m[0mdebug[0m] [0m[0m      Load.resolveProject(jcg_wala_testadapter) took 2.940768ms[0m
[0m[[0m[0mdebug[0m] [0m[0m[Loading] Loading project jcg_soot_testadapter @ /Users/MartinOwono/Desktop/SOSE25/BA/BA_Projekt/jcg_soot_testadapter[0m
[0m[[0m[0mdebug[0m] [0m[0mdeducing auto plugins based on known facts Set(Atom(sbt.plugins.CorePlugin)) and clauses Clauses(Clause(Atom(sbt.plugins.JvmPlugin),Set(Atom(sbt.plugins.IvyPlugin)))[0m
[0m[[0m[0mdebug[0m] [0m[0mClause(Atom(sbt.ScriptedPlugin),Set(Atom(sbt.plugins.JvmPlugin)))[0m
[0m[[0m[0mdebug[0m] [0m[0mClause(Atom(sbt.plugins.SbtPlugin),Set(Atom(sbt.ScriptedPlugin)))[0m
[0m[[0m[0mdebug[0m] [0m[0mClause(Atom(sbt.plugins.SemanticdbPlugin),Set(Atom(sbt.plugins.JvmPlugin)))[0m
[0m[[0m[0mdebug[0m] [0m[0mClause(Atom(sbt.plugins.JUnitXmlReportPlugin),Set(Atom(sbt.plugins.JvmPlugin)))[0m
[0m[[0m[0mdebug[0m] [0m[0mClause(Atom(sbt.plugins.MiniDependencyTreePlugin),Set(Atom(sbt.plugins.JvmPlugin)))[0m
[0m[[0m[0mdebug[0m] [0m[0mClause(Atom(sbtassembly.AssemblyPlugin),Set(Atom(sbt.plugins.JvmPlugin)))[0m
[0m[[0m[0mdebug[0m] [0m[0mClause(Atom(com.typesafe.sbt.SbtPgp),Set(Atom(sbt.plugins.IvyPlugin)))[0m
[0m[[0m[0mdebug[0m] [0m[0mClause(Atom(sbtdirtymoney.DirtyMoneyPlugin),Set(Atom(sbt.plugins.IvyPlugin)))[0m
[0m[[0m[0mdebug[0m] [0m[0mClause(Atom(xerial.sbt.Sonatype),Set(Atom(sbt.plugins.JvmPlugin)))[0m
[0m[[0m[0mdebug[0m] [0m[0mClause(Atom(org.jetbrains.sbt.StructurePlugin),Set(Atom(sbt.plugins.JvmPlugin)))[0m
[0m[[0m[0mdebug[0m] [0m[0mClause(Atom(org.jetbrains.sbt.IdeaShellPlugin),Set(Atom(sbt.plugins.JvmPlugin)))[0m
[0m[[0m[0mdebug[0m] [0m[0mClause(Atom(org.jetbrains.sbt.indices.SbtIntellijIndicesPlugin),Set(Atom(sbt.plugins.JvmPlugin)))[0m
[0m[[0m[0mdebug[0m] [0m[0mClause(Atom(sbt.plugins.CorePlugin),Set(Atom(sbt.plugins.IvyPlugin)))[0m
[0m[[0m[0mdebug[0m] [0m[0mClause(Atom(sbt.plugins.IvyPlugin),Set(Atom(sbt.plugins.JvmPlugin)))[0m
[0m[[0m[0mdebug[0m] [0m[0mClause(Atom(sbt.plugins.JvmPlugin),Set(Atom(sbt.plugins.SemanticdbPlugin)))[0m
[0m[[0m[0mdebug[0m] [0m[0mClause(Atom(sbt.plugins.JvmPlugin),Set(Atom(sbt.plugins.JUnitXmlReportPlugin)))[0m
[0m[[0m[0mdebug[0m] [0m[0mClause(Atom(sbt.plugins.CorePlugin),Set(Atom(sbt.plugins.Giter8TemplatePlugin)))[0m
[0m[[0m[0mdebug[0m] [0m[0mClause(Atom(sbt.plugins.JvmPlugin),Set(Atom(sbt.plugins.MiniDependencyTreePlugin)))[0m
[0m[[0m[0mdebug[0m] [0m[0mClause(Atom(sbt.plugins.JvmPlugin),Set(Atom(sbtassembly.AssemblyPlugin)))[0m
[0m[[0m[0mdebug[0m] [0m[0mClause(Atom(sbt.plugins.IvyPlugin),Set(Atom(com.typesafe.sbt.SbtPgp)))[0m
[0m[[0m[0mdebug[0m] [0m[0mClause(Atom(sbt.plugins.IvyPlugin),Set(Atom(sbtdirtymoney.DirtyMoneyPlugin)))[0m
[0m[[0m[0mdebug[0m] [0m[0mClause(Atom(sbt.plugins.JvmPlugin),Set(Atom(xerial.sbt.Sonatype)))[0m
[0m[[0m[0mdebug[0m] [0m[0mClause(Atom(sbt.plugins.JvmPlugin),Set(Atom(org.jetbrains.sbt.StructurePlugin)))[0m
[0m[[0m[0mdebug[0m] [0m[0mClause(Atom(sbt.plugins.JvmPlugin),Set(Atom(org.jetbrains.sbt.IdeaShellPlugin)))[0m
[0m[[0m[0mdebug[0m] [0m[0mClause(And(Set(Atom(sbt.plugins.CorePlugin), Atom(sbt.plugins.JvmPlugin))),Set(Atom(org.jetbrains.sbt.indices.SbtIntellijIndicesPlugin))))[0m
[0m[[0m[0mdebug[0m] [0m[0m  :: deduced result: Matched(sbt.plugins.CorePlugin,sbt.plugins.Giter8TemplatePlugin,sbt.plugins.IvyPlugin,sbtdirtymoney.DirtyMoneyPlugin,com.typesafe.sbt.SbtPgp,sbt.plugins.JvmPlugin,sbt.plugins.SemanticdbPlugin,org.jetbrains.sbt.indices.SbtIntellijIndicesPlugin,sbt.plugins.JUnitXmlReportPlugin,sbtassembly.AssemblyPlugin,xerial.sbt.Sonatype,org.jetbrains.sbt.IdeaShellPlugin,org.jetbrains.sbt.StructurePlugin,sbt.plugins.MiniDependencyTreePlugin)[0m
[0m[[0m[0mdebug[0m] [0m[0mPlugins.deducer#function took 3.748417 ms[0m
[0m[[0m[0minfo[0m] [0m[0mloading settings for project jcg_soot_testadapter from build.sbt ...[0m
[0m[[0m[0mdebug[0m] [0m[0m      Load.resolveProject(jcg_soot_testadapter) took 3.037653ms[0m
[0m[[0m[0mdebug[0m] [0m[0m[Loading] Loading project jcg_opal_testadapter @ /Users/MartinOwono/Desktop/SOSE25/BA/BA_Projekt/jcg_opal_testadapter[0m
[0m[[0m[0mdebug[0m] [0m[0mdeducing auto plugins based on known facts Set(Atom(sbt.plugins.CorePlugin)) and clauses Clauses(Clause(Atom(sbt.plugins.JvmPlugin),Set(Atom(sbt.plugins.IvyPlugin)))[0m
[0m[[0m[0mdebug[0m] [0m[0mClause(Atom(sbt.ScriptedPlugin),Set(Atom(sbt.plugins.JvmPlugin)))[0m
[0m[[0m[0mdebug[0m] [0m[0mClause(Atom(sbt.plugins.SbtPlugin),Set(Atom(sbt.ScriptedPlugin)))[0m
[0m[[0m[0mdebug[0m] [0m[0mClause(Atom(sbt.plugins.SemanticdbPlugin),Set(Atom(sbt.plugins.JvmPlugin)))[0m
[0m[[0m[0mdebug[0m] [0m[0mClause(Atom(sbt.plugins.JUnitXmlReportPlugin),Set(Atom(sbt.plugins.JvmPlugin)))[0m
[0m[[0m[0mdebug[0m] [0m[0mClause(Atom(sbt.plugins.MiniDependencyTreePlugin),Set(Atom(sbt.plugins.JvmPlugin)))[0m
[0m[[0m[0mdebug[0m] [0m[0mClause(Atom(sbtassembly.AssemblyPlugin),Set(Atom(sbt.plugins.JvmPlugin)))[0m
[0m[[0m[0mdebug[0m] [0m[0mClause(Atom(com.typesafe.sbt.SbtPgp),Set(Atom(sbt.plugins.IvyPlugin)))[0m
[0m[[0m[0mdebug[0m] [0m[0mClause(Atom(sbtdirtymoney.DirtyMoneyPlugin),Set(Atom(sbt.plugins.IvyPlugin)))[0m
[0m[[0m[0mdebug[0m] [0m[0mClause(Atom(xerial.sbt.Sonatype),Set(Atom(sbt.plugins.JvmPlugin)))[0m
[0m[[0m[0mdebug[0m] [0m[0mClause(Atom(org.jetbrains.sbt.StructurePlugin),Set(Atom(sbt.plugins.JvmPlugin)))[0m
[0m[[0m[0mdebug[0m] [0m[0mClause(Atom(org.jetbrains.sbt.IdeaShellPlugin),Set(Atom(sbt.plugins.JvmPlugin)))[0m
[0m[[0m[0mdebug[0m] [0m[0mClause(Atom(org.jetbrains.sbt.indices.SbtIntellijIndicesPlugin),Set(Atom(sbt.plugins.JvmPlugin)))[0m
[0m[[0m[0mdebug[0m] [0m[0mClause(Atom(sbt.plugins.CorePlugin),Set(Atom(sbt.plugins.IvyPlugin)))[0m
[0m[[0m[0mdebug[0m] [0m[0mClause(Atom(sbt.plugins.IvyPlugin),Set(Atom(sbt.plugins.JvmPlugin)))[0m
[0m[[0m[0mdebug[0m] [0m[0mClause(Atom(sbt.plugins.JvmPlugin),Set(Atom(sbt.plugins.SemanticdbPlugin)))[0m
[0m[[0m[0mdebug[0m] [0m[0mClause(Atom(sbt.plugins.JvmPlugin),Set(Atom(sbt.plugins.JUnitXmlReportPlugin)))[0m
[0m[[0m[0mdebug[0m] [0m[0mClause(Atom(sbt.plugins.CorePlugin),Set(Atom(sbt.plugins.Giter8TemplatePlugin)))[0m
[0m[[0m[0mdebug[0m] [0m[0mClause(Atom(sbt.plugins.JvmPlugin),Set(Atom(sbt.plugins.MiniDependencyTreePlugin)))[0m
[0m[[0m[0mdebug[0m] [0m[0mClause(Atom(sbt.plugins.JvmPlugin),Set(Atom(sbtassembly.AssemblyPlugin)))[0m
[0m[[0m[0mdebug[0m] [0m[0mClause(Atom(sbt.plugins.IvyPlugin),Set(Atom(com.typesafe.sbt.SbtPgp)))[0m
[0m[[0m[0mdebug[0m] [0m[0mClause(Atom(sbt.plugins.IvyPlugin),Set(Atom(sbtdirtymoney.DirtyMoneyPlugin)))[0m
[0m[[0m[0mdebug[0m] [0m[0mClause(Atom(sbt.plugins.JvmPlugin),Set(Atom(xerial.sbt.Sonatype)))[0m
[0m[[0m[0mdebug[0m] [0m[0mClause(Atom(sbt.plugins.JvmPlugin),Set(Atom(org.jetbrains.sbt.StructurePlugin)))[0m
[0m[[0m[0mdebug[0m] [0m[0mClause(Atom(sbt.plugins.JvmPlugin),Set(Atom(org.jetbrains.sbt.IdeaShellPlugin)))[0m
[0m[[0m[0mdebug[0m] [0m[0mClause(And(Set(Atom(sbt.plugins.CorePlugin), Atom(sbt.plugins.JvmPlugin))),Set(Atom(org.jetbrains.sbt.indices.SbtIntellijIndicesPlugin))))[0m
[0m[[0m[0mdebug[0m] [0m[0m  :: deduced result: Matched(sbt.plugins.CorePlugin,sbt.plugins.Giter8TemplatePlugin,sbt.plugins.IvyPlugin,sbtdirtymoney.DirtyMoneyPlugin,com.typesafe.sbt.SbtPgp,sbt.plugins.JvmPlugin,sbt.plugins.SemanticdbPlugin,org.jetbrains.sbt.indices.SbtIntellijIndicesPlugin,sbt.plugins.JUnitXmlReportPlugin,sbtassembly.AssemblyPlugin,xerial.sbt.Sonatype,org.jetbrains.sbt.IdeaShellPlugin,org.jetbrains.sbt.StructurePlugin,sbt.plugins.MiniDependencyTreePlugin)[0m
[0m[[0m[0mdebug[0m] [0m[0mPlugins.deducer#function took 3.707473 ms[0m
[0m[[0m[0minfo[0m] [0m[0mloading settings for project jcg_opal_testadapter from build.sbt ...[0m
[0m[[0m[0mdebug[0m] [0m[0m      Load.resolveProject(jcg_opal_testadapter) took 2.900567ms[0m
[0m[[0m[0mdebug[0m] [0m[0m[Loading] Loading project jcg_doop_testadapter @ /Users/MartinOwono/Desktop/SOSE25/BA/BA_Projekt/jcg_doop_testadapter[0m
[0m[[0m[0mdebug[0m] [0m[0mdeducing auto plugins based on known facts Set(Atom(sbt.plugins.CorePlugin)) and clauses Clauses(Clause(Atom(sbt.plugins.JvmPlugin),Set(Atom(sbt.plugins.IvyPlugin)))[0m
[0m[[0m[0mdebug[0m] [0m[0mClause(Atom(sbt.ScriptedPlugin),Set(Atom(sbt.plugins.JvmPlugin)))[0m
[0m[[0m[0mdebug[0m] [0m[0mClause(Atom(sbt.plugins.SbtPlugin),Set(Atom(sbt.ScriptedPlugin)))[0m
[0m[[0m[0mdebug[0m] [0m[0mClause(Atom(sbt.plugins.SemanticdbPlugin),Set(Atom(sbt.plugins.JvmPlugin)))[0m
[0m[[0m[0mdebug[0m] [0m[0mClause(Atom(sbt.plugins.JUnitXmlReportPlugin),Set(Atom(sbt.plugins.JvmPlugin)))[0m
[0m[[0m[0mdebug[0m] [0m[0mClause(Atom(sbt.plugins.MiniDependencyTreePlugin),Set(Atom(sbt.plugins.JvmPlugin)))[0m
[0m[[0m[0mdebug[0m] [0m[0mClause(Atom(sbtassembly.AssemblyPlugin),Set(Atom(sbt.plugins.JvmPlugin)))[0m
[0m[[0m[0mdebug[0m] [0m[0mClause(Atom(com.typesafe.sbt.SbtPgp),Set(Atom(sbt.plugins.IvyPlugin)))[0m
[0m[[0m[0mdebug[0m] [0m[0mClause(Atom(sbtdirtymoney.DirtyMoneyPlugin),Set(Atom(sbt.plugins.IvyPlugin)))[0m
[0m[[0m[0mdebug[0m] [0m[0mClause(Atom(xerial.sbt.Sonatype),Set(Atom(sbt.plugins.JvmPlugin)))[0m
[0m[[0m[0mdebug[0m] [0m[0mClause(Atom(org.jetbrains.sbt.StructurePlugin),Set(Atom(sbt.plugins.JvmPlugin)))[0m
[0m[[0m[0mdebug[0m] [0m[0mClause(Atom(org.jetbrains.sbt.IdeaShellPlugin),Set(Atom(sbt.plugins.JvmPlugin)))[0m
[0m[[0m[0mdebug[0m] [0m[0mClause(Atom(org.jetbrains.sbt.indices.SbtIntellijIndicesPlugin),Set(Atom(sbt.plugins.JvmPlugin)))[0m
[0m[[0m[0mdebug[0m] [0m[0mClause(Atom(sbt.plugins.CorePlugin),Set(Atom(sbt.plugins.IvyPlugin)))[0m
[0m[[0m[0mdebug[0m] [0m[0mClause(Atom(sbt.plugins.IvyPlugin),Set(Atom(sbt.plugins.JvmPlugin)))[0m
[0m[[0m[0mdebug[0m] [0m[0mClause(Atom(sbt.plugins.JvmPlugin),Set(Atom(sbt.plugins.SemanticdbPlugin)))[0m
[0m[[0m[0mdebug[0m] [0m[0mClause(Atom(sbt.plugins.JvmPlugin),Set(Atom(sbt.plugins.JUnitXmlReportPlugin)))[0m
[0m[[0m[0mdebug[0m] [0m[0mClause(Atom(sbt.plugins.CorePlugin),Set(Atom(sbt.plugins.Giter8TemplatePlugin)))[0m
[0m[[0m[0mdebug[0m] [0m[0mClause(Atom(sbt.plugins.JvmPlugin),Set(Atom(sbt.plugins.MiniDependencyTreePlugin)))[0m
[0m[[0m[0mdebug[0m] [0m[0mClause(Atom(sbt.plugins.JvmPlugin),Set(Atom(sbtassembly.AssemblyPlugin)))[0m
[0m[[0m[0mdebug[0m] [0m[0mClause(Atom(sbt.plugins.IvyPlugin),Set(Atom(com.typesafe.sbt.SbtPgp)))[0m
[0m[[0m[0mdebug[0m] [0m[0mClause(Atom(sbt.plugins.IvyPlugin),Set(Atom(sbtdirtymoney.DirtyMoneyPlugin)))[0m
[0m[[0m[0mdebug[0m] [0m[0mClause(Atom(sbt.plugins.JvmPlugin),Set(Atom(xerial.sbt.Sonatype)))[0m
[0m[[0m[0mdebug[0m] [0m[0mClause(Atom(sbt.plugins.JvmPlugin),Set(Atom(org.jetbrains.sbt.StructurePlugin)))[0m
[0m[[0m[0mdebug[0m] [0m[0mClause(Atom(sbt.plugins.JvmPlugin),Set(Atom(org.jetbrains.sbt.IdeaShellPlugin)))[0m
[0m[[0m[0mdebug[0m] [0m[0mClause(And(Set(Atom(sbt.plugins.CorePlugin), Atom(sbt.plugins.JvmPlugin))),Set(Atom(org.jetbrains.sbt.indices.SbtIntellijIndicesPlugin))))[0m
[0m[[0m[0mdebug[0m] [0m[0m  :: deduced result: Matched(sbt.plugins.CorePlugin,sbt.plugins.Giter8TemplatePlugin,sbt.plugins.IvyPlugin,sbtdirtymoney.DirtyMoneyPlugin,com.typesafe.sbt.SbtPgp,sbt.plugins.JvmPlugin,sbt.plugins.SemanticdbPlugin,org.jetbrains.sbt.indices.SbtIntellijIndicesPlugin,sbt.plugins.JUnitXmlReportPlugin,sbtassembly.AssemblyPlugin,xerial.sbt.Sonatype,org.jetbrains.sbt.IdeaShellPlugin,org.jetbrains.sbt.StructurePlugin,sbt.plugins.MiniDependencyTreePlugin)[0m
[0m[[0m[0mdebug[0m] [0m[0mPlugins.deducer#function took 4.097 ms[0m
[0m[[0m[0minfo[0m] [0m[0mloading settings for project jcg_doop_testadapter from build.sbt ...[0m
[0m[[0m[0mdebug[0m] [0m[0m      Load.resolveProject(jcg_doop_testadapter) took 2.980573ms[0m
[0m[[0m[0mdebug[0m] [0m[0m[Loading] Loading project jcg_js_callgraph_testadapter @ /Users/MartinOwono/Desktop/SOSE25/BA/BA_Projekt/jcg_js_callgraph_testadapter[0m
[0m[[0m[0mdebug[0m] [0m[0mdeducing auto plugins based on known facts Set(Atom(sbt.plugins.CorePlugin)) and clauses Clauses(Clause(Atom(sbt.plugins.JvmPlugin),Set(Atom(sbt.plugins.IvyPlugin)))[0m
[0m[[0m[0mdebug[0m] [0m[0mClause(Atom(sbt.ScriptedPlugin),Set(Atom(sbt.plugins.JvmPlugin)))[0m
[0m[[0m[0mdebug[0m] [0m[0mClause(Atom(sbt.plugins.SbtPlugin),Set(Atom(sbt.ScriptedPlugin)))[0m
[0m[[0m[0mdebug[0m] [0m[0mClause(Atom(sbt.plugins.SemanticdbPlugin),Set(Atom(sbt.plugins.JvmPlugin)))[0m
[0m[[0m[0mdebug[0m] [0m[0mClause(Atom(sbt.plugins.JUnitXmlReportPlugin),Set(Atom(sbt.plugins.JvmPlugin)))[0m
[0m[[0m[0mdebug[0m] [0m[0mClause(Atom(sbt.plugins.MiniDependencyTreePlugin),Set(Atom(sbt.plugins.JvmPlugin)))[0m
[0m[[0m[0mdebug[0m] [0m[0mClause(Atom(sbtassembly.AssemblyPlugin),Set(Atom(sbt.plugins.JvmPlugin)))[0m
[0m[[0m[0mdebug[0m] [0m[0mClause(Atom(com.typesafe.sbt.SbtPgp),Set(Atom(sbt.plugins.IvyPlugin)))[0m
[0m[[0m[0mdebug[0m] [0m[0mClause(Atom(sbtdirtymoney.DirtyMoneyPlugin),Set(Atom(sbt.plugins.IvyPlugin)))[0m
[0m[[0m[0mdebug[0m] [0m[0mClause(Atom(xerial.sbt.Sonatype),Set(Atom(sbt.plugins.JvmPlugin)))[0m
[0m[[0m[0mdebug[0m] [0m[0mClause(Atom(org.jetbrains.sbt.StructurePlugin),Set(Atom(sbt.plugins.JvmPlugin)))[0m
[0m[[0m[0mdebug[0m] [0m[0mClause(Atom(org.jetbrains.sbt.IdeaShellPlugin),Set(Atom(sbt.plugins.JvmPlugin)))[0m
[0m[[0m[0mdebug[0m] [0m[0mClause(Atom(org.jetbrains.sbt.indices.SbtIntellijIndicesPlugin),Set(Atom(sbt.plugins.JvmPlugin)))[0m
[0m[[0m[0mdebug[0m] [0m[0mClause(Atom(sbt.plugins.CorePlugin),Set(Atom(sbt.plugins.IvyPlugin)))[0m
[0m[[0m[0mdebug[0m] [0m[0mClause(Atom(sbt.plugins.IvyPlugin),Set(Atom(sbt.plugins.JvmPlugin)))[0m
[0m[[0m[0mdebug[0m] [0m[0mClause(Atom(sbt.plugins.JvmPlugin),Set(Atom(sbt.plugins.SemanticdbPlugin)))[0m
[0m[[0m[0mdebug[0m] [0m[0mClause(Atom(sbt.plugins.JvmPlugin),Set(Atom(sbt.plugins.JUnitXmlReportPlugin)))[0m
[0m[[0m[0mdebug[0m] [0m[0mClause(Atom(sbt.plugins.CorePlugin),Set(Atom(sbt.plugins.Giter8TemplatePlugin)))[0m
[0m[[0m[0mdebug[0m] [0m[0mClause(Atom(sbt.plugins.JvmPlugin),Set(Atom(sbt.plugins.MiniDependencyTreePlugin)))[0m
[0m[[0m[0mdebug[0m] [0m[0mClause(Atom(sbt.plugins.JvmPlugin),Set(Atom(sbtassembly.AssemblyPlugin)))[0m
[0m[[0m[0mdebug[0m] [0m[0mClause(Atom(sbt.plugins.IvyPlugin),Set(Atom(com.typesafe.sbt.SbtPgp)))[0m
[0m[[0m[0mdebug[0m] [0m[0mClause(Atom(sbt.plugins.IvyPlugin),Set(Atom(sbtdirtymoney.DirtyMoneyPlugin)))[0m
[0m[[0m[0mdebug[0m] [0m[0mClause(Atom(sbt.plugins.JvmPlugin),Set(Atom(xerial.sbt.Sonatype)))[0m
[0m[[0m[0mdebug[0m] [0m[0mClause(Atom(sbt.plugins.JvmPlugin),Set(Atom(org.jetbrains.sbt.StructurePlugin)))[0m
[0m[[0m[0mdebug[0m] [0m[0mClause(Atom(sbt.plugins.JvmPlugin),Set(Atom(org.jetbrains.sbt.IdeaShellPlugin)))[0m
[0m[[0m[0mdebug[0m] [0m[0mClause(And(Set(Atom(sbt.plugins.CorePlugin), Atom(sbt.plugins.JvmPlugin))),Set(Atom(org.jetbrains.sbt.indices.SbtIntellijIndicesPlugin))))[0m
[0m[[0m[0mdebug[0m] [0m[0m  :: deduced result: Matched(sbt.plugins.CorePlugin,sbt.plugins.Giter8TemplatePlugin,sbt.plugins.IvyPlugin,sbtdirtymoney.DirtyMoneyPlugin,com.typesafe.sbt.SbtPgp,sbt.plugins.JvmPlugin,sbt.plugins.SemanticdbPlugin,org.jetbrains.sbt.indices.SbtIntellijIndicesPlugin,sbt.plugins.JUnitXmlReportPlugin,sbtassembly.AssemblyPlugin,xerial.sbt.Sonatype,org.jetbrains.sbt.IdeaShellPlugin,org.jetbrains.sbt.StructurePlugin,sbt.plugins.MiniDependencyTreePlugin)[0m
[0m[[0m[0mdebug[0m] [0m[0mPlugins.deducer#function took 3.141045 ms[0m
[0m[[0m[0mdebug[0m] [0m[0m      Load.resolveProject(jcg_js_callgraph_testadapter) took 1.539835ms[0m
[0m[[0m[0mdebug[0m] [0m[0m[Loading] Loading project jcg_jelly_testadapter @ /Users/MartinOwono/Desktop/SOSE25/BA/BA_Projekt/jcg_jelly_testadapter[0m
[0m[[0m[0mdebug[0m] [0m[0mdeducing auto plugins based on known facts Set(Atom(sbt.plugins.CorePlugin)) and clauses Clauses(Clause(Atom(sbt.plugins.JvmPlugin),Set(Atom(sbt.plugins.IvyPlugin)))[0m
[0m[[0m[0mdebug[0m] [0m[0mClause(Atom(sbt.ScriptedPlugin),Set(Atom(sbt.plugins.JvmPlugin)))[0m
[0m[[0m[0mdebug[0m] [0m[0mClause(Atom(sbt.plugins.SbtPlugin),Set(Atom(sbt.ScriptedPlugin)))[0m
[0m[[0m[0mdebug[0m] [0m[0mClause(Atom(sbt.plugins.SemanticdbPlugin),Set(Atom(sbt.plugins.JvmPlugin)))[0m
[0m[[0m[0mdebug[0m] [0m[0mClause(Atom(sbt.plugins.JUnitXmlReportPlugin),Set(Atom(sbt.plugins.JvmPlugin)))[0m
[0m[[0m[0mdebug[0m] [0m[0mClause(Atom(sbt.plugins.MiniDependencyTreePlugin),Set(Atom(sbt.plugins.JvmPlugin)))[0m
[0m[[0m[0mdebug[0m] [0m[0mClause(Atom(sbtassembly.AssemblyPlugin),Set(Atom(sbt.plugins.JvmPlugin)))[0m
[0m[[0m[0mdebug[0m] [0m[0mClause(Atom(com.typesafe.sbt.SbtPgp),Set(Atom(sbt.plugins.IvyPlugin)))[0m
[0m[[0m[0mdebug[0m] [0m[0mClause(Atom(sbtdirtymoney.DirtyMoneyPlugin),Set(Atom(sbt.plugins.IvyPlugin)))[0m
[0m[[0m[0mdebug[0m] [0m[0mClause(Atom(xerial.sbt.Sonatype),Set(Atom(sbt.plugins.JvmPlugin)))[0m
[0m[[0m[0mdebug[0m] [0m[0mClause(Atom(org.jetbrains.sbt.StructurePlugin),Set(Atom(sbt.plugins.JvmPlugin)))[0m
[0m[[0m[0mdebug[0m] [0m[0mClause(Atom(org.jetbrains.sbt.IdeaShellPlugin),Set(Atom(sbt.plugins.JvmPlugin)))[0m
[0m[[0m[0mdebug[0m] [0m[0mClause(Atom(org.jetbrains.sbt.indices.SbtIntellijIndicesPlugin),Set(Atom(sbt.plugins.JvmPlugin)))[0m
[0m[[0m[0mdebug[0m] [0m[0mClause(Atom(sbt.plugins.CorePlugin),Set(Atom(sbt.plugins.IvyPlugin)))[0m
[0m[[0m[0mdebug[0m] [0m[0mClause(Atom(sbt.plugins.IvyPlugin),Set(Atom(sbt.plugins.JvmPlugin)))[0m
[0m[[0m[0mdebug[0m] [0m[0mClause(Atom(sbt.plugins.JvmPlugin),Set(Atom(sbt.plugins.SemanticdbPlugin)))[0m
[0m[[0m[0mdebug[0m] [0m[0mClause(Atom(sbt.plugins.JvmPlugin),Set(Atom(sbt.plugins.JUnitXmlReportPlugin)))[0m
[0m[[0m[0mdebug[0m] [0m[0mClause(Atom(sbt.plugins.CorePlugin),Set(Atom(sbt.plugins.Giter8TemplatePlugin)))[0m
[0m[[0m[0mdebug[0m] [0m[0mClause(Atom(sbt.plugins.JvmPlugin),Set(Atom(sbt.plugins.MiniDependencyTreePlugin)))[0m
[0m[[0m[0mdebug[0m] [0m[0mClause(Atom(sbt.plugins.JvmPlugin),Set(Atom(sbtassembly.AssemblyPlugin)))[0m
[0m[[0m[0mdebug[0m] [0m[0mClause(Atom(sbt.plugins.IvyPlugin),Set(Atom(com.typesafe.sbt.SbtPgp)))[0m
[0m[[0m[0mdebug[0m] [0m[0mClause(Atom(sbt.plugins.IvyPlugin),Set(Atom(sbtdirtymoney.DirtyMoneyPlugin)))[0m
[0m[[0m[0mdebug[0m] [0m[0mClause(Atom(sbt.plugins.JvmPlugin),Set(Atom(xerial.sbt.Sonatype)))[0m
[0m[[0m[0mdebug[0m] [0m[0mClause(Atom(sbt.plugins.JvmPlugin),Set(Atom(org.jetbrains.sbt.StructurePlugin)))[0m
[0m[[0m[0mdebug[0m] [0m[0mClause(Atom(sbt.plugins.JvmPlugin),Set(Atom(org.jetbrains.sbt.IdeaShellPlugin)))[0m
[0m[[0m[0mdebug[0m] [0m[0mClause(And(Set(Atom(sbt.plugins.CorePlugin), Atom(sbt.plugins.JvmPlugin))),Set(Atom(org.jetbrains.sbt.indices.SbtIntellijIndicesPlugin))))[0m
[0m[[0m[0mdebug[0m] [0m[0m  :: deduced result: Matched(sbt.plugins.CorePlugin,sbt.plugins.Giter8TemplatePlugin,sbt.plugins.IvyPlugin,sbtdirtymoney.DirtyMoneyPlugin,com.typesafe.sbt.SbtPgp,sbt.plugins.JvmPlugin,sbt.plugins.SemanticdbPlugin,org.jetbrains.sbt.indices.SbtIntellijIndicesPlugin,sbt.plugins.JUnitXmlReportPlugin,sbtassembly.AssemblyPlugin,xerial.sbt.Sonatype,org.jetbrains.sbt.IdeaShellPlugin,org.jetbrains.sbt.StructurePlugin,sbt.plugins.MiniDependencyTreePlugin)[0m
[0m[[0m[0mdebug[0m] [0m[0mPlugins.deducer#function took 2.936397 ms[0m
[0m[[0m[0mdebug[0m] [0m[0m      Load.resolveProject(jcg_jelly_testadapter) took 1.971681ms[0m
[0m[[0m[0mdebug[0m] [0m[0m[Loading] Loading project jcg_tajs_testadapter @ /Users/MartinOwono/Desktop/SOSE25/BA/BA_Projekt/jcg_tajs_testadapter[0m
[0m[[0m[0mdebug[0m] [0m[0mdeducing auto plugins based on known facts Set(Atom(sbt.plugins.CorePlugin)) and clauses Clauses(Clause(Atom(sbt.plugins.JvmPlugin),Set(Atom(sbt.plugins.IvyPlugin)))[0m
[0m[[0m[0mdebug[0m] [0m[0mClause(Atom(sbt.ScriptedPlugin),Set(Atom(sbt.plugins.JvmPlugin)))[0m
[0m[[0m[0mdebug[0m] [0m[0mClause(Atom(sbt.plugins.SbtPlugin),Set(Atom(sbt.ScriptedPlugin)))[0m
[0m[[0m[0mdebug[0m] [0m[0mClause(Atom(sbt.plugins.SemanticdbPlugin),Set(Atom(sbt.plugins.JvmPlugin)))[0m
[0m[[0m[0mdebug[0m] [0m[0mClause(Atom(sbt.plugins.JUnitXmlReportPlugin),Set(Atom(sbt.plugins.JvmPlugin)))[0m
[0m[[0m[0mdebug[0m] [0m[0mClause(Atom(sbt.plugins.MiniDependencyTreePlugin),Set(Atom(sbt.plugins.JvmPlugin)))[0m
[0m[[0m[0mdebug[0m] [0m[0mClause(Atom(sbtassembly.AssemblyPlugin),Set(Atom(sbt.plugins.JvmPlugin)))[0m
[0m[[0m[0mdebug[0m] [0m[0mClause(Atom(com.typesafe.sbt.SbtPgp),Set(Atom(sbt.plugins.IvyPlugin)))[0m
[0m[[0m[0mdebug[0m] [0m[0mClause(Atom(sbtdirtymoney.DirtyMoneyPlugin),Set(Atom(sbt.plugins.IvyPlugin)))[0m
[0m[[0m[0mdebug[0m] [0m[0mClause(Atom(xerial.sbt.Sonatype),Set(Atom(sbt.plugins.JvmPlugin)))[0m
[0m[[0m[0mdebug[0m] [0m[0mClause(Atom(org.jetbrains.sbt.StructurePlugin),Set(Atom(sbt.plugins.JvmPlugin)))[0m
[0m[[0m[0mdebug[0m] [0m[0mClause(Atom(org.jetbrains.sbt.IdeaShellPlugin),Set(Atom(sbt.plugins.JvmPlugin)))[0m
[0m[[0m[0mdebug[0m] [0m[0mClause(Atom(org.jetbrains.sbt.indices.SbtIntellijIndicesPlugin),Set(Atom(sbt.plugins.JvmPlugin)))[0m
[0m[[0m[0mdebug[0m] [0m[0mClause(Atom(sbt.plugins.CorePlugin),Set(Atom(sbt.plugins.IvyPlugin)))[0m
[0m[[0m[0mdebug[0m] [0m[0mClause(Atom(sbt.plugins.IvyPlugin),Set(Atom(sbt.plugins.JvmPlugin)))[0m
[0m[[0m[0mdebug[0m] [0m[0mClause(Atom(sbt.plugins.JvmPlugin),Set(Atom(sbt.plugins.SemanticdbPlugin)))[0m
[0m[[0m[0mdebug[0m] [0m[0mClause(Atom(sbt.plugins.JvmPlugin),Set(Atom(sbt.plugins.JUnitXmlReportPlugin)))[0m
[0m[[0m[0mdebug[0m] [0m[0mClause(Atom(sbt.plugins.CorePlugin),Set(Atom(sbt.plugins.Giter8TemplatePlugin)))[0m
[0m[[0m[0mdebug[0m] [0m[0mClause(Atom(sbt.plugins.JvmPlugin),Set(Atom(sbt.plugins.MiniDependencyTreePlugin)))[0m
[0m[[0m[0mdebug[0m] [0m[0mClause(Atom(sbt.plugins.JvmPlugin),Set(Atom(sbtassembly.AssemblyPlugin)))[0m
[0m[[0m[0mdebug[0m] [0m[0mClause(Atom(sbt.plugins.IvyPlugin),Set(Atom(com.typesafe.sbt.SbtPgp)))[0m
[0m[[0m[0mdebug[0m] [0m[0mClause(Atom(sbt.plugins.IvyPlugin),Set(Atom(sbtdirtymoney.DirtyMoneyPlugin)))[0m
[0m[[0m[0mdebug[0m] [0m[0mClause(Atom(sbt.plugins.JvmPlugin),Set(Atom(xerial.sbt.Sonatype)))[0m
[0m[[0m[0mdebug[0m] [0m[0mClause(Atom(sbt.plugins.JvmPlugin),Set(Atom(org.jetbrains.sbt.StructurePlugin)))[0m
[0m[[0m[0mdebug[0m] [0m[0mClause(Atom(sbt.plugins.JvmPlugin),Set(Atom(org.jetbrains.sbt.IdeaShellPlugin)))[0m
[0m[[0m[0mdebug[0m] [0m[0mClause(And(Set(Atom(sbt.plugins.CorePlugin), Atom(sbt.plugins.JvmPlugin))),Set(Atom(org.jetbrains.sbt.indices.SbtIntellijIndicesPlugin))))[0m
[0m[[0m[0mdebug[0m] [0m[0m  :: deduced result: Matched(sbt.plugins.CorePlugin,sbt.plugins.Giter8TemplatePlugin,sbt.plugins.IvyPlugin,sbtdirtymoney.DirtyMoneyPlugin,com.typesafe.sbt.SbtPgp,sbt.plugins.JvmPlugin,sbt.plugins.SemanticdbPlugin,org.jetbrains.sbt.indices.SbtIntellijIndicesPlugin,sbt.plugins.JUnitXmlReportPlugin,sbtassembly.AssemblyPlugin,xerial.sbt.Sonatype,org.jetbrains.sbt.IdeaShellPlugin,org.jetbrains.sbt.StructurePlugin,sbt.plugins.MiniDependencyTreePlugin)[0m
[0m[[0m[0mdebug[0m] [0m[0mPlugins.deducer#function took 2.433482 ms[0m
[0m[[0m[0mdebug[0m] [0m[0m      Load.resolveProject(jcg_tajs_testadapter) took 1.759947ms[0m
[0m[[0m[0mdebug[0m] [0m[0m[Loading] Loading project jcg_code2flow_js_testadapter @ /Users/MartinOwono/Desktop/SOSE25/BA/BA_Projekt/jcg_code2flow_js_testadapter[0m
[0m[[0m[0mdebug[0m] [0m[0mdeducing auto plugins based on known facts Set(Atom(sbt.plugins.CorePlugin)) and clauses Clauses(Clause(Atom(sbt.plugins.JvmPlugin),Set(Atom(sbt.plugins.IvyPlugin)))[0m
[0m[[0m[0mdebug[0m] [0m[0mClause(Atom(sbt.ScriptedPlugin),Set(Atom(sbt.plugins.JvmPlugin)))[0m
[0m[[0m[0mdebug[0m] [0m[0mClause(Atom(sbt.plugins.SbtPlugin),Set(Atom(sbt.ScriptedPlugin)))[0m
[0m[[0m[0mdebug[0m] [0m[0mClause(Atom(sbt.plugins.SemanticdbPlugin),Set(Atom(sbt.plugins.JvmPlugin)))[0m
[0m[[0m[0mdebug[0m] [0m[0mClause(Atom(sbt.plugins.JUnitXmlReportPlugin),Set(Atom(sbt.plugins.JvmPlugin)))[0m
[0m[[0m[0mdebug[0m] [0m[0mClause(Atom(sbt.plugins.MiniDependencyTreePlugin),Set(Atom(sbt.plugins.JvmPlugin)))[0m
[0m[[0m[0mdebug[0m] [0m[0mClause(Atom(sbtassembly.AssemblyPlugin),Set(Atom(sbt.plugins.JvmPlugin)))[0m
[0m[[0m[0mdebug[0m] [0m[0mClause(Atom(com.typesafe.sbt.SbtPgp),Set(Atom(sbt.plugins.IvyPlugin)))[0m
[0m[[0m[0mdebug[0m] [0m[0mClause(Atom(sbtdirtymoney.DirtyMoneyPlugin),Set(Atom(sbt.plugins.IvyPlugin)))[0m
[0m[[0m[0mdebug[0m] [0m[0mClause(Atom(xerial.sbt.Sonatype),Set(Atom(sbt.plugins.JvmPlugin)))[0m
[0m[[0m[0mdebug[0m] [0m[0mClause(Atom(org.jetbrains.sbt.StructurePlugin),Set(Atom(sbt.plugins.JvmPlugin)))[0m
[0m[[0m[0mdebug[0m] [0m[0mClause(Atom(org.jetbrains.sbt.IdeaShellPlugin),Set(Atom(sbt.plugins.JvmPlugin)))[0m
[0m[[0m[0mdebug[0m] [0m[0mClause(Atom(org.jetbrains.sbt.indices.SbtIntellijIndicesPlugin),Set(Atom(sbt.plugins.JvmPlugin)))[0m
[0m[[0m[0mdebug[0m] [0m[0mClause(Atom(sbt.plugins.CorePlugin),Set(Atom(sbt.plugins.IvyPlugin)))[0m
[0m[[0m[0mdebug[0m] [0m[0mClause(Atom(sbt.plugins.IvyPlugin),Set(Atom(sbt.plugins.JvmPlugin)))[0m
[0m[[0m[0mdebug[0m] [0m[0mClause(Atom(sbt.plugins.JvmPlugin),Set(Atom(sbt.plugins.SemanticdbPlugin)))[0m
[0m[[0m[0mdebug[0m] [0m[0mClause(Atom(sbt.plugins.JvmPlugin),Set(Atom(sbt.plugins.JUnitXmlReportPlugin)))[0m
[0m[[0m[0mdebug[0m] [0m[0mClause(Atom(sbt.plugins.CorePlugin),Set(Atom(sbt.plugins.Giter8TemplatePlugin)))[0m
[0m[[0m[0mdebug[0m] [0m[0mClause(Atom(sbt.plugins.JvmPlugin),Set(Atom(sbt.plugins.MiniDependencyTreePlugin)))[0m
[0m[[0m[0mdebug[0m] [0m[0mClause(Atom(sbt.plugins.JvmPlugin),Set(Atom(sbtassembly.AssemblyPlugin)))[0m
[0m[[0m[0mdebug[0m] [0m[0mClause(Atom(sbt.plugins.IvyPlugin),Set(Atom(com.typesafe.sbt.SbtPgp)))[0m
[0m[[0m[0mdebug[0m] [0m[0mClause(Atom(sbt.plugins.IvyPlugin),Set(Atom(sbtdirtymoney.DirtyMoneyPlugin)))[0m
[0m[[0m[0mdebug[0m] [0m[0mClause(Atom(sbt.plugins.JvmPlugin),Set(Atom(xerial.sbt.Sonatype)))[0m
[0m[[0m[0mdebug[0m] [0m[0mClause(Atom(sbt.plugins.JvmPlugin),Set(Atom(org.jetbrains.sbt.StructurePlugin)))[0m
[0m[[0m[0mdebug[0m] [0m[0mClause(Atom(sbt.plugins.JvmPlugin),Set(Atom(org.jetbrains.sbt.IdeaShellPlugin)))[0m
[0m[[0m[0mdebug[0m] [0m[0mClause(And(Set(Atom(sbt.plugins.CorePlugin), Atom(sbt.plugins.JvmPlugin))),Set(Atom(org.jetbrains.sbt.indices.SbtIntellijIndicesPlugin))))[0m
[0m[[0m[0mdebug[0m] [0m[0m  :: deduced result: Matched(sbt.plugins.CorePlugin,sbt.plugins.Giter8TemplatePlugin,sbt.plugins.IvyPlugin,sbtdirtymoney.DirtyMoneyPlugin,com.typesafe.sbt.SbtPgp,sbt.plugins.JvmPlugin,sbt.plugins.SemanticdbPlugin,org.jetbrains.sbt.indices.SbtIntellijIndicesPlugin,sbt.plugins.JUnitXmlReportPlugin,sbtassembly.AssemblyPlugin,xerial.sbt.Sonatype,org.jetbrains.sbt.IdeaShellPlugin,org.jetbrains.sbt.StructurePlugin,sbt.plugins.MiniDependencyTreePlugin)[0m
[0m[[0m[0mdebug[0m] [0m[0mPlugins.deducer#function took 2.602291 ms[0m
[0m[[0m[0mdebug[0m] [0m[0m      Load.resolveProject(jcg_code2flow_js_testadapter) took 1.326812ms[0m
[0m[[0m[0mdebug[0m] [0m[0m[Loading] Loading project jcg_code2flow_py_testadapter @ /Users/MartinOwono/Desktop/SOSE25/BA/BA_Projekt/jcg_code2flow_py_testadapter[0m
[0m[[0m[0mdebug[0m] [0m[0mdeducing auto plugins based on known facts Set(Atom(sbt.plugins.CorePlugin)) and clauses Clauses(Clause(Atom(sbt.plugins.JvmPlugin),Set(Atom(sbt.plugins.IvyPlugin)))[0m
[0m[[0m[0mdebug[0m] [0m[0mClause(Atom(sbt.ScriptedPlugin),Set(Atom(sbt.plugins.JvmPlugin)))[0m
[0m[[0m[0mdebug[0m] [0m[0mClause(Atom(sbt.plugins.SbtPlugin),Set(Atom(sbt.ScriptedPlugin)))[0m
[0m[[0m[0mdebug[0m] [0m[0mClause(Atom(sbt.plugins.SemanticdbPlugin),Set(Atom(sbt.plugins.JvmPlugin)))[0m
[0m[[0m[0mdebug[0m] [0m[0mClause(Atom(sbt.plugins.JUnitXmlReportPlugin),Set(Atom(sbt.plugins.JvmPlugin)))[0m
[0m[[0m[0mdebug[0m] [0m[0mClause(Atom(sbt.plugins.MiniDependencyTreePlugin),Set(Atom(sbt.plugins.JvmPlugin)))[0m
[0m[[0m[0mdebug[0m] [0m[0mClause(Atom(sbtassembly.AssemblyPlugin),Set(Atom(sbt.plugins.JvmPlugin)))[0m
[0m[[0m[0mdebug[0m] [0m[0mClause(Atom(com.typesafe.sbt.SbtPgp),Set(Atom(sbt.plugins.IvyPlugin)))[0m
[0m[[0m[0mdebug[0m] [0m[0mClause(Atom(sbtdirtymoney.DirtyMoneyPlugin),Set(Atom(sbt.plugins.IvyPlugin)))[0m
[0m[[0m[0mdebug[0m] [0m[0mClause(Atom(xerial.sbt.Sonatype),Set(Atom(sbt.plugins.JvmPlugin)))[0m
[0m[[0m[0mdebug[0m] [0m[0mClause(Atom(org.jetbrains.sbt.StructurePlugin),Set(Atom(sbt.plugins.JvmPlugin)))[0m
[0m[[0m[0mdebug[0m] [0m[0mClause(Atom(org.jetbrains.sbt.IdeaShellPlugin),Set(Atom(sbt.plugins.JvmPlugin)))[0m
[0m[[0m[0mdebug[0m] [0m[0mClause(Atom(org.jetbrains.sbt.indices.SbtIntellijIndicesPlugin),Set(Atom(sbt.plugins.JvmPlugin)))[0m
[0m[[0m[0mdebug[0m] [0m[0mClause(Atom(sbt.plugins.CorePlugin),Set(Atom(sbt.plugins.IvyPlugin)))[0m
[0m[[0m[0mdebug[0m] [0m[0mClause(Atom(sbt.plugins.IvyPlugin),Set(Atom(sbt.plugins.JvmPlugin)))[0m
[0m[[0m[0mdebug[0m] [0m[0mClause(Atom(sbt.plugins.JvmPlugin),Set(Atom(sbt.plugins.SemanticdbPlugin)))[0m
[0m[[0m[0mdebug[0m] [0m[0mClause(Atom(sbt.plugins.JvmPlugin),Set(Atom(sbt.plugins.JUnitXmlReportPlugin)))[0m
[0m[[0m[0mdebug[0m] [0m[0mClause(Atom(sbt.plugins.CorePlugin),Set(Atom(sbt.plugins.Giter8TemplatePlugin)))[0m
[0m[[0m[0mdebug[0m] [0m[0mClause(Atom(sbt.plugins.JvmPlugin),Set(Atom(sbt.plugins.MiniDependencyTreePlugin)))[0m
[0m[[0m[0mdebug[0m] [0m[0mClause(Atom(sbt.plugins.JvmPlugin),Set(Atom(sbtassembly.AssemblyPlugin)))[0m
[0m[[0m[0mdebug[0m] [0m[0mClause(Atom(sbt.plugins.IvyPlugin),Set(Atom(com.typesafe.sbt.SbtPgp)))[0m
[0m[[0m[0mdebug[0m] [0m[0mClause(Atom(sbt.plugins.IvyPlugin),Set(Atom(sbtdirtymoney.DirtyMoneyPlugin)))[0m
[0m[[0m[0mdebug[0m] [0m[0mClause(Atom(sbt.plugins.JvmPlugin),Set(Atom(xerial.sbt.Sonatype)))[0m
[0m[[0m[0mdebug[0m] [0m[0mClause(Atom(sbt.plugins.JvmPlugin),Set(Atom(org.jetbrains.sbt.StructurePlugin)))[0m
[0m[[0m[0mdebug[0m] [0m[0mClause(Atom(sbt.plugins.JvmPlugin),Set(Atom(org.jetbrains.sbt.IdeaShellPlugin)))[0m
[0m[[0m[0mdebug[0m] [0m[0mClause(And(Set(Atom(sbt.plugins.CorePlugin), Atom(sbt.plugins.JvmPlugin))),Set(Atom(org.jetbrains.sbt.indices.SbtIntellijIndicesPlugin))))[0m
[0m[[0m[0mdebug[0m] [0m[0m  :: deduced result: Matched(sbt.plugins.CorePlugin,sbt.plugins.Giter8TemplatePlugin,sbt.plugins.IvyPlugin,sbtdirtymoney.DirtyMoneyPlugin,com.typesafe.sbt.SbtPgp,sbt.plugins.JvmPlugin,sbt.plugins.SemanticdbPlugin,org.jetbrains.sbt.indices.SbtIntellijIndicesPlugin,sbt.plugins.JUnitXmlReportPlugin,sbtassembly.AssemblyPlugin,xerial.sbt.Sonatype,org.jetbrains.sbt.IdeaShellPlugin,org.jetbrains.sbt.StructurePlugin,sbt.plugins.MiniDependencyTreePlugin)[0m
[0m[[0m[0mdebug[0m] [0m[0mPlugins.deducer#function took 3.31348 ms[0m
[0m[[0m[0mdebug[0m] [0m[0m      Load.resolveProject(jcg_code2flow_py_testadapter) took 1.575383ms[0m
[0m[[0m[0mdebug[0m] [0m[0m[Loading] Loading project jcg_pycg_testadapter @ /Users/MartinOwono/Desktop/SOSE25/BA/BA_Projekt/jcg_pycg_testadapter[0m
[0m[[0m[0mdebug[0m] [0m[0mdeducing auto plugins based on known facts Set(Atom(sbt.plugins.CorePlugin)) and clauses Clauses(Clause(Atom(sbt.plugins.JvmPlugin),Set(Atom(sbt.plugins.IvyPlugin)))[0m
[0m[[0m[0mdebug[0m] [0m[0mClause(Atom(sbt.ScriptedPlugin),Set(Atom(sbt.plugins.JvmPlugin)))[0m
[0m[[0m[0mdebug[0m] [0m[0mClause(Atom(sbt.plugins.SbtPlugin),Set(Atom(sbt.ScriptedPlugin)))[0m
[0m[[0m[0mdebug[0m] [0m[0mClause(Atom(sbt.plugins.SemanticdbPlugin),Set(Atom(sbt.plugins.JvmPlugin)))[0m
[0m[[0m[0mdebug[0m] [0m[0mClause(Atom(sbt.plugins.JUnitXmlReportPlugin),Set(Atom(sbt.plugins.JvmPlugin)))[0m
[0m[[0m[0mdebug[0m] [0m[0mClause(Atom(sbt.plugins.MiniDependencyTreePlugin),Set(Atom(sbt.plugins.JvmPlugin)))[0m
[0m[[0m[0mdebug[0m] [0m[0mClause(Atom(sbtassembly.AssemblyPlugin),Set(Atom(sbt.plugins.JvmPlugin)))[0m
[0m[[0m[0mdebug[0m] [0m[0mClause(Atom(com.typesafe.sbt.SbtPgp),Set(Atom(sbt.plugins.IvyPlugin)))[0m
[0m[[0m[0mdebug[0m] [0m[0mClause(Atom(sbtdirtymoney.DirtyMoneyPlugin),Set(Atom(sbt.plugins.IvyPlugin)))[0m
[0m[[0m[0mdebug[0m] [0m[0mClause(Atom(xerial.sbt.Sonatype),Set(Atom(sbt.plugins.JvmPlugin)))[0m
[0m[[0m[0mdebug[0m] [0m[0mClause(Atom(org.jetbrains.sbt.StructurePlugin),Set(Atom(sbt.plugins.JvmPlugin)))[0m
[0m[[0m[0mdebug[0m] [0m[0mClause(Atom(org.jetbrains.sbt.IdeaShellPlugin),Set(Atom(sbt.plugins.JvmPlugin)))[0m
[0m[[0m[0mdebug[0m] [0m[0mClause(Atom(org.jetbrains.sbt.indices.SbtIntellijIndicesPlugin),Set(Atom(sbt.plugins.JvmPlugin)))[0m
[0m[[0m[0mdebug[0m] [0m[0mClause(Atom(sbt.plugins.CorePlugin),Set(Atom(sbt.plugins.IvyPlugin)))[0m
[0m[[0m[0mdebug[0m] [0m[0mClause(Atom(sbt.plugins.IvyPlugin),Set(Atom(sbt.plugins.JvmPlugin)))[0m
[0m[[0m[0mdebug[0m] [0m[0mClause(Atom(sbt.plugins.JvmPlugin),Set(Atom(sbt.plugins.SemanticdbPlugin)))[0m
[0m[[0m[0mdebug[0m] [0m[0mClause(Atom(sbt.plugins.JvmPlugin),Set(Atom(sbt.plugins.JUnitXmlReportPlugin)))[0m
[0m[[0m[0mdebug[0m] [0m[0mClause(Atom(sbt.plugins.CorePlugin),Set(Atom(sbt.plugins.Giter8TemplatePlugin)))[0m
[0m[[0m[0mdebug[0m] [0m[0mClause(Atom(sbt.plugins.JvmPlugin),Set(Atom(sbt.plugins.MiniDependencyTreePlugin)))[0m
[0m[[0m[0mdebug[0m] [0m[0mClause(Atom(sbt.plugins.JvmPlugin),Set(Atom(sbtassembly.AssemblyPlugin)))[0m
[0m[[0m[0mdebug[0m] [0m[0mClause(Atom(sbt.plugins.IvyPlugin),Set(Atom(com.typesafe.sbt.SbtPgp)))[0m
[0m[[0m[0mdebug[0m] [0m[0mClause(Atom(sbt.plugins.IvyPlugin),Set(Atom(sbtdirtymoney.DirtyMoneyPlugin)))[0m
[0m[[0m[0mdebug[0m] [0m[0mClause(Atom(sbt.plugins.JvmPlugin),Set(Atom(xerial.sbt.Sonatype)))[0m
[0m[[0m[0mdebug[0m] [0m[0mClause(Atom(sbt.plugins.JvmPlugin),Set(Atom(org.jetbrains.sbt.StructurePlugin)))[0m
[0m[[0m[0mdebug[0m] [0m[0mClause(Atom(sbt.plugins.JvmPlugin),Set(Atom(org.jetbrains.sbt.IdeaShellPlugin)))[0m
[0m[[0m[0mdebug[0m] [0m[0mClause(And(Set(Atom(sbt.plugins.CorePlugin), Atom(sbt.plugins.JvmPlugin))),Set(Atom(org.jetbrains.sbt.indices.SbtIntellijIndicesPlugin))))[0m
[0m[[0m[0mdebug[0m] [0m[0m  :: deduced result: Matched(sbt.plugins.CorePlugin,sbt.plugins.Giter8TemplatePlugin,sbt.plugins.IvyPlugin,sbtdirtymoney.DirtyMoneyPlugin,com.typesafe.sbt.SbtPgp,sbt.plugins.JvmPlugin,sbt.plugins.SemanticdbPlugin,org.jetbrains.sbt.indices.SbtIntellijIndicesPlugin,sbt.plugins.JUnitXmlReportPlugin,sbtassembly.AssemblyPlugin,xerial.sbt.Sonatype,org.jetbrains.sbt.IdeaShellPlugin,org.jetbrains.sbt.StructurePlugin,sbt.plugins.MiniDependencyTreePlugin)[0m
[0m[[0m[0mdebug[0m] [0m[0mPlugins.deducer#function took 3.301129 ms[0m
[0m[[0m[0mdebug[0m] [0m[0m      Load.resolveProject(jcg_pycg_testadapter) took 1.544843ms[0m
[0m[[0m[0mdebug[0m] [0m[0m[Loading] Loading project jcg_pyan_testadapter @ /Users/MartinOwono/Desktop/SOSE25/BA/BA_Projekt/jcg_pyan_testadapter[0m
[0m[[0m[0mdebug[0m] [0m[0mdeducing auto plugins based on known facts Set(Atom(sbt.plugins.CorePlugin)) and clauses Clauses(Clause(Atom(sbt.plugins.JvmPlugin),Set(Atom(sbt.plugins.IvyPlugin)))[0m
[0m[[0m[0mdebug[0m] [0m[0mClause(Atom(sbt.ScriptedPlugin),Set(Atom(sbt.plugins.JvmPlugin)))[0m
[0m[[0m[0mdebug[0m] [0m[0mClause(Atom(sbt.plugins.SbtPlugin),Set(Atom(sbt.ScriptedPlugin)))[0m
[0m[[0m[0mdebug[0m] [0m[0mClause(Atom(sbt.plugins.SemanticdbPlugin),Set(Atom(sbt.plugins.JvmPlugin)))[0m
[0m[[0m[0mdebug[0m] [0m[0mClause(Atom(sbt.plugins.JUnitXmlReportPlugin),Set(Atom(sbt.plugins.JvmPlugin)))[0m
[0m[[0m[0mdebug[0m] [0m[0mClause(Atom(sbt.plugins.MiniDependencyTreePlugin),Set(Atom(sbt.plugins.JvmPlugin)))[0m
[0m[[0m[0mdebug[0m] [0m[0mClause(Atom(sbtassembly.AssemblyPlugin),Set(Atom(sbt.plugins.JvmPlugin)))[0m
[0m[[0m[0mdebug[0m] [0m[0mClause(Atom(com.typesafe.sbt.SbtPgp),Set(Atom(sbt.plugins.IvyPlugin)))[0m
[0m[[0m[0mdebug[0m] [0m[0mClause(Atom(sbtdirtymoney.DirtyMoneyPlugin),Set(Atom(sbt.plugins.IvyPlugin)))[0m
[0m[[0m[0mdebug[0m] [0m[0mClause(Atom(xerial.sbt.Sonatype),Set(Atom(sbt.plugins.JvmPlugin)))[0m
[0m[[0m[0mdebug[0m] [0m[0mClause(Atom(org.jetbrains.sbt.StructurePlugin),Set(Atom(sbt.plugins.JvmPlugin)))[0m
[0m[[0m[0mdebug[0m] [0m[0mClause(Atom(org.jetbrains.sbt.IdeaShellPlugin),Set(Atom(sbt.plugins.JvmPlugin)))[0m
[0m[[0m[0mdebug[0m] [0m[0mClause(Atom(org.jetbrains.sbt.indices.SbtIntellijIndicesPlugin),Set(Atom(sbt.plugins.JvmPlugin)))[0m
[0m[[0m[0mdebug[0m] [0m[0mClause(Atom(sbt.plugins.CorePlugin),Set(Atom(sbt.plugins.IvyPlugin)))[0m
[0m[[0m[0mdebug[0m] [0m[0mClause(Atom(sbt.plugins.IvyPlugin),Set(Atom(sbt.plugins.JvmPlugin)))[0m
[0m[[0m[0mdebug[0m] [0m[0mClause(Atom(sbt.plugins.JvmPlugin),Set(Atom(sbt.plugins.SemanticdbPlugin)))[0m
[0m[[0m[0mdebug[0m] [0m[0mClause(Atom(sbt.plugins.JvmPlugin),Set(Atom(sbt.plugins.JUnitXmlReportPlugin)))[0m
[0m[[0m[0mdebug[0m] [0m[0mClause(Atom(sbt.plugins.CorePlugin),Set(Atom(sbt.plugins.Giter8TemplatePlugin)))[0m
[0m[[0m[0mdebug[0m] [0m[0mClause(Atom(sbt.plugins.JvmPlugin),Set(Atom(sbt.plugins.MiniDependencyTreePlugin)))[0m
[0m[[0m[0mdebug[0m] [0m[0mClause(Atom(sbt.plugins.JvmPlugin),Set(Atom(sbtassembly.AssemblyPlugin)))[0m
[0m[[0m[0mdebug[0m] [0m[0mClause(Atom(sbt.plugins.IvyPlugin),Set(Atom(com.typesafe.sbt.SbtPgp)))[0m
[0m[[0m[0mdebug[0m] [0m[0mClause(Atom(sbt.plugins.IvyPlugin),Set(Atom(sbtdirtymoney.DirtyMoneyPlugin)))[0m
[0m[[0m[0mdebug[0m] [0m[0mClause(Atom(sbt.plugins.JvmPlugin),Set(Atom(xerial.sbt.Sonatype)))[0m
[0m[[0m[0mdebug[0m] [0m[0mClause(Atom(sbt.plugins.JvmPlugin),Set(Atom(org.jetbrains.sbt.StructurePlugin)))[0m
[0m[[0m[0mdebug[0m] [0m[0mClause(Atom(sbt.plugins.JvmPlugin),Set(Atom(org.jetbrains.sbt.IdeaShellPlugin)))[0m
[0m[[0m[0mdebug[0m] [0m[0mClause(And(Set(Atom(sbt.plugins.CorePlugin), Atom(sbt.plugins.JvmPlugin))),Set(Atom(org.jetbrains.sbt.indices.SbtIntellijIndicesPlugin))))[0m
[0m[[0m[0mdebug[0m] [0m[0m  :: deduced result: Matched(sbt.plugins.CorePlugin,sbt.plugins.Giter8TemplatePlugin,sbt.plugins.IvyPlugin,sbtdirtymoney.DirtyMoneyPlugin,com.typesafe.sbt.SbtPgp,sbt.plugins.JvmPlugin,sbt.plugins.SemanticdbPlugin,org.jetbrains.sbt.indices.SbtIntellijIndicesPlugin,sbt.plugins.JUnitXmlReportPlugin,sbtassembly.AssemblyPlugin,xerial.sbt.Sonatype,org.jetbrains.sbt.IdeaShellPlugin,org.jetbrains.sbt.StructurePlugin,sbt.plugins.MiniDependencyTreePlugin)[0m
[0m[[0m[0mdebug[0m] [0m[0mPlugins.deducer#function took 2.002174 ms[0m
[0m[[0m[0mdebug[0m] [0m[0m      Load.resolveProject(jcg_pyan_testadapter) took 1.726888ms[0m
[0m[[0m[0mdebug[0m] [0m[0m[Loading] Loading project jcg_jarvis_testadapter @ /Users/MartinOwono/Desktop/SOSE25/BA/BA_Projekt/jcg_jarvis_testadapter[0m
[0m[[0m[0mdebug[0m] [0m[0mdeducing auto plugins based on known facts Set(Atom(sbt.plugins.CorePlugin)) and clauses Clauses(Clause(Atom(sbt.plugins.JvmPlugin),Set(Atom(sbt.plugins.IvyPlugin)))[0m
[0m[[0m[0mdebug[0m] [0m[0mClause(Atom(sbt.ScriptedPlugin),Set(Atom(sbt.plugins.JvmPlugin)))[0m
[0m[[0m[0mdebug[0m] [0m[0mClause(Atom(sbt.plugins.SbtPlugin),Set(Atom(sbt.ScriptedPlugin)))[0m
[0m[[0m[0mdebug[0m] [0m[0mClause(Atom(sbt.plugins.SemanticdbPlugin),Set(Atom(sbt.plugins.JvmPlugin)))[0m
[0m[[0m[0mdebug[0m] [0m[0mClause(Atom(sbt.plugins.JUnitXmlReportPlugin),Set(Atom(sbt.plugins.JvmPlugin)))[0m
[0m[[0m[0mdebug[0m] [0m[0mClause(Atom(sbt.plugins.MiniDependencyTreePlugin),Set(Atom(sbt.plugins.JvmPlugin)))[0m
[0m[[0m[0mdebug[0m] [0m[0mClause(Atom(sbtassembly.AssemblyPlugin),Set(Atom(sbt.plugins.JvmPlugin)))[0m
[0m[[0m[0mdebug[0m] [0m[0mClause(Atom(com.typesafe.sbt.SbtPgp),Set(Atom(sbt.plugins.IvyPlugin)))[0m
[0m[[0m[0mdebug[0m] [0m[0mClause(Atom(sbtdirtymoney.DirtyMoneyPlugin),Set(Atom(sbt.plugins.IvyPlugin)))[0m
[0m[[0m[0mdebug[0m] [0m[0mClause(Atom(xerial.sbt.Sonatype),Set(Atom(sbt.plugins.JvmPlugin)))[0m
[0m[[0m[0mdebug[0m] [0m[0mClause(Atom(org.jetbrains.sbt.StructurePlugin),Set(Atom(sbt.plugins.JvmPlugin)))[0m
[0m[[0m[0mdebug[0m] [0m[0mClause(Atom(org.jetbrains.sbt.IdeaShellPlugin),Set(Atom(sbt.plugins.JvmPlugin)))[0m
[0m[[0m[0mdebug[0m] [0m[0mClause(Atom(org.jetbrains.sbt.indices.SbtIntellijIndicesPlugin),Set(Atom(sbt.plugins.JvmPlugin)))[0m
[0m[[0m[0mdebug[0m] [0m[0mClause(Atom(sbt.plugins.CorePlugin),Set(Atom(sbt.plugins.IvyPlugin)))[0m
[0m[[0m[0mdebug[0m] [0m[0mClause(Atom(sbt.plugins.IvyPlugin),Set(Atom(sbt.plugins.JvmPlugin)))[0m
[0m[[0m[0mdebug[0m] [0m[0mClause(Atom(sbt.plugins.JvmPlugin),Set(Atom(sbt.plugins.SemanticdbPlugin)))[0m
[0m[[0m[0mdebug[0m] [0m[0mClause(Atom(sbt.plugins.JvmPlugin),Set(Atom(sbt.plugins.JUnitXmlReportPlugin)))[0m
[0m[[0m[0mdebug[0m] [0m[0mClause(Atom(sbt.plugins.CorePlugin),Set(Atom(sbt.plugins.Giter8TemplatePlugin)))[0m
[0m[[0m[0mdebug[0m] [0m[0mClause(Atom(sbt.plugins.JvmPlugin),Set(Atom(sbt.plugins.MiniDependencyTreePlugin)))[0m
[0m[[0m[0mdebug[0m] [0m[0mClause(Atom(sbt.plugins.JvmPlugin),Set(Atom(sbtassembly.AssemblyPlugin)))[0m
[0m[[0m[0mdebug[0m] [0m[0mClause(Atom(sbt.plugins.IvyPlugin),Set(Atom(com.typesafe.sbt.SbtPgp)))[0m
[0m[[0m[0mdebug[0m] [0m[0mClause(Atom(sbt.plugins.IvyPlugin),Set(Atom(sbtdirtymoney.DirtyMoneyPlugin)))[0m
[0m[[0m[0mdebug[0m] [0m[0mClause(Atom(sbt.plugins.JvmPlugin),Set(Atom(xerial.sbt.Sonatype)))[0m
[0m[[0m[0mdebug[0m] [0m[0mClause(Atom(sbt.plugins.JvmPlugin),Set(Atom(org.jetbrains.sbt.StructurePlugin)))[0m
[0m[[0m[0mdebug[0m] [0m[0mClause(Atom(sbt.plugins.JvmPlugin),Set(Atom(org.jetbrains.sbt.IdeaShellPlugin)))[0m
[0m[[0m[0mdebug[0m] [0m[0mClause(And(Set(Atom(sbt.plugins.CorePlugin), Atom(sbt.plugins.JvmPlugin))),Set(Atom(org.jetbrains.sbt.indices.SbtIntellijIndicesPlugin))))[0m
[0m[[0m[0mdebug[0m] [0m[0m  :: deduced result: Matched(sbt.plugins.CorePlugin,sbt.plugins.Giter8TemplatePlugin,sbt.plugins.IvyPlugin,sbtdirtymoney.DirtyMoneyPlugin,com.typesafe.sbt.SbtPgp,sbt.plugins.JvmPlugin,sbt.plugins.SemanticdbPlugin,org.jetbrains.sbt.indices.SbtIntellijIndicesPlugin,sbt.plugins.JUnitXmlReportPlugin,sbtassembly.AssemblyPlugin,xerial.sbt.Sonatype,org.jetbrains.sbt.IdeaShellPlugin,org.jetbrains.sbt.StructurePlugin,sbt.plugins.MiniDependencyTreePlugin)[0m
[0m[[0m[0mdebug[0m] [0m[0mPlugins.deducer#function took 2.806845 ms[0m
[0m[[0m[0mdebug[0m] [0m[0m      Load.resolveProject(jcg_jarvis_testadapter) took 1.853334ms[0m
[0m[[0m[0mdebug[0m] [0m[0m[Loading] Loading project jcg_dynamic_testadapter @ /Users/MartinOwono/Desktop/SOSE25/BA/BA_Projekt/jcg_dynamic_testadapter[0m
[0m[[0m[0mdebug[0m] [0m[0mdeducing auto plugins based on known facts Set(Atom(sbt.plugins.CorePlugin)) and clauses Clauses(Clause(Atom(sbt.plugins.JvmPlugin),Set(Atom(sbt.plugins.IvyPlugin)))[0m
[0m[[0m[0mdebug[0m] [0m[0mClause(Atom(sbt.ScriptedPlugin),Set(Atom(sbt.plugins.JvmPlugin)))[0m
[0m[[0m[0mdebug[0m] [0m[0mClause(Atom(sbt.plugins.SbtPlugin),Set(Atom(sbt.ScriptedPlugin)))[0m
[0m[[0m[0mdebug[0m] [0m[0mClause(Atom(sbt.plugins.SemanticdbPlugin),Set(Atom(sbt.plugins.JvmPlugin)))[0m
[0m[[0m[0mdebug[0m] [0m[0mClause(Atom(sbt.plugins.JUnitXmlReportPlugin),Set(Atom(sbt.plugins.JvmPlugin)))[0m
[0m[[0m[0mdebug[0m] [0m[0mClause(Atom(sbt.plugins.MiniDependencyTreePlugin),Set(Atom(sbt.plugins.JvmPlugin)))[0m
[0m[[0m[0mdebug[0m] [0m[0mClause(Atom(sbtassembly.AssemblyPlugin),Set(Atom(sbt.plugins.JvmPlugin)))[0m
[0m[[0m[0mdebug[0m] [0m[0mClause(Atom(com.typesafe.sbt.SbtPgp),Set(Atom(sbt.plugins.IvyPlugin)))[0m
[0m[[0m[0mdebug[0m] [0m[0mClause(Atom(sbtdirtymoney.DirtyMoneyPlugin),Set(Atom(sbt.plugins.IvyPlugin)))[0m
[0m[[0m[0mdebug[0m] [0m[0mClause(Atom(xerial.sbt.Sonatype),Set(Atom(sbt.plugins.JvmPlugin)))[0m
[0m[[0m[0mdebug[0m] [0m[0mClause(Atom(org.jetbrains.sbt.StructurePlugin),Set(Atom(sbt.plugins.JvmPlugin)))[0m
[0m[[0m[0mdebug[0m] [0m[0mClause(Atom(org.jetbrains.sbt.IdeaShellPlugin),Set(Atom(sbt.plugins.JvmPlugin)))[0m
[0m[[0m[0mdebug[0m] [0m[0mClause(Atom(org.jetbrains.sbt.indices.SbtIntellijIndicesPlugin),Set(Atom(sbt.plugins.JvmPlugin)))[0m
[0m[[0m[0mdebug[0m] [0m[0mClause(Atom(sbt.plugins.CorePlugin),Set(Atom(sbt.plugins.IvyPlugin)))[0m
[0m[[0m[0mdebug[0m] [0m[0mClause(Atom(sbt.plugins.IvyPlugin),Set(Atom(sbt.plugins.JvmPlugin)))[0m
[0m[[0m[0mdebug[0m] [0m[0mClause(Atom(sbt.plugins.JvmPlugin),Set(Atom(sbt.plugins.SemanticdbPlugin)))[0m
[0m[[0m[0mdebug[0m] [0m[0mClause(Atom(sbt.plugins.JvmPlugin),Set(Atom(sbt.plugins.JUnitXmlReportPlugin)))[0m
[0m[[0m[0mdebug[0m] [0m[0mClause(Atom(sbt.plugins.CorePlugin),Set(Atom(sbt.plugins.Giter8TemplatePlugin)))[0m
[0m[[0m[0mdebug[0m] [0m[0mClause(Atom(sbt.plugins.JvmPlugin),Set(Atom(sbt.plugins.MiniDependencyTreePlugin)))[0m
[0m[[0m[0mdebug[0m] [0m[0mClause(Atom(sbt.plugins.JvmPlugin),Set(Atom(sbtassembly.AssemblyPlugin)))[0m
[0m[[0m[0mdebug[0m] [0m[0mClause(Atom(sbt.plugins.IvyPlugin),Set(Atom(com.typesafe.sbt.SbtPgp)))[0m
[0m[[0m[0mdebug[0m] [0m[0mClause(Atom(sbt.plugins.IvyPlugin),Set(Atom(sbtdirtymoney.DirtyMoneyPlugin)))[0m
[0m[[0m[0mdebug[0m] [0m[0mClause(Atom(sbt.plugins.JvmPlugin),Set(Atom(xerial.sbt.Sonatype)))[0m
[0m[[0m[0mdebug[0m] [0m[0mClause(Atom(sbt.plugins.JvmPlugin),Set(Atom(org.jetbrains.sbt.StructurePlugin)))[0m
[0m[[0m[0mdebug[0m] [0m[0mClause(Atom(sbt.plugins.JvmPlugin),Set(Atom(org.jetbrains.sbt.IdeaShellPlugin)))[0m
[0m[[0m[0mdebug[0m] [0m[0mClause(And(Set(Atom(sbt.plugins.CorePlugin), Atom(sbt.plugins.JvmPlugin))),Set(Atom(org.jetbrains.sbt.indices.SbtIntellijIndicesPlugin))))[0m
[0m[[0m[0mdebug[0m] [0m[0m  :: deduced result: Matched(sbt.plugins.CorePlugin,sbt.plugins.Giter8TemplatePlugin,sbt.plugins.IvyPlugin,sbtdirtymoney.DirtyMoneyPlugin,com.typesafe.sbt.SbtPgp,sbt.plugins.JvmPlugin,sbt.plugins.SemanticdbPlugin,org.jetbrains.sbt.indices.SbtIntellijIndicesPlugin,sbt.plugins.JUnitXmlReportPlugin,sbtassembly.AssemblyPlugin,xerial.sbt.Sonatype,org.jetbrains.sbt.IdeaShellPlugin,org.jetbrains.sbt.StructurePlugin,sbt.plugins.MiniDependencyTreePlugin)[0m
[0m[[0m[0mdebug[0m] [0m[0mPlugins.deducer#function took 1.908027 ms[0m
[0m[[0m[0mdebug[0m] [0m[0m      Load.resolveProject(jcg_dynamic_testadapter) took 1.580065ms[0m
[0m[[0m[0mdebug[0m] [0m[0m[Loading] Loading project jcg_testadapter_commons @ /Users/MartinOwono/Desktop/SOSE25/BA/BA_Projekt/jcg_testadapter_commons[0m
[0m[[0m[0mdebug[0m] [0m[0mdeducing auto plugins based on known facts Set(Atom(sbt.plugins.CorePlugin)) and clauses Clauses(Clause(Atom(sbt.plugins.JvmPlugin),Set(Atom(sbt.plugins.IvyPlugin)))[0m
[0m[[0m[0mdebug[0m] [0m[0mClause(Atom(sbt.ScriptedPlugin),Set(Atom(sbt.plugins.JvmPlugin)))[0m
[0m[[0m[0mdebug[0m] [0m[0mClause(Atom(sbt.plugins.SbtPlugin),Set(Atom(sbt.ScriptedPlugin)))[0m
[0m[[0m[0mdebug[0m] [0m[0mClause(Atom(sbt.plugins.SemanticdbPlugin),Set(Atom(sbt.plugins.JvmPlugin)))[0m
[0m[[0m[0mdebug[0m] [0m[0mClause(Atom(sbt.plugins.JUnitXmlReportPlugin),Set(Atom(sbt.plugins.JvmPlugin)))[0m
[0m[[0m[0mdebug[0m] [0m[0mClause(Atom(sbt.plugins.MiniDependencyTreePlugin),Set(Atom(sbt.plugins.JvmPlugin)))[0m
[0m[[0m[0mdebug[0m] [0m[0mClause(Atom(sbtassembly.AssemblyPlugin),Set(Atom(sbt.plugins.JvmPlugin)))[0m
[0m[[0m[0mdebug[0m] [0m[0mClause(Atom(com.typesafe.sbt.SbtPgp),Set(Atom(sbt.plugins.IvyPlugin)))[0m
[0m[[0m[0mdebug[0m] [0m[0mClause(Atom(sbtdirtymoney.DirtyMoneyPlugin),Set(Atom(sbt.plugins.IvyPlugin)))[0m
[0m[[0m[0mdebug[0m] [0m[0mClause(Atom(xerial.sbt.Sonatype),Set(Atom(sbt.plugins.JvmPlugin)))[0m
[0m[[0m[0mdebug[0m] [0m[0mClause(Atom(org.jetbrains.sbt.StructurePlugin),Set(Atom(sbt.plugins.JvmPlugin)))[0m
[0m[[0m[0mdebug[0m] [0m[0mClause(Atom(org.jetbrains.sbt.IdeaShellPlugin),Set(Atom(sbt.plugins.JvmPlugin)))[0m
[0m[[0m[0mdebug[0m] [0m[0mClause(Atom(org.jetbrains.sbt.indices.SbtIntellijIndicesPlugin),Set(Atom(sbt.plugins.JvmPlugin)))[0m
[0m[[0m[0mdebug[0m] [0m[0mClause(Atom(sbt.plugins.CorePlugin),Set(Atom(sbt.plugins.IvyPlugin)))[0m
[0m[[0m[0mdebug[0m] [0m[0mClause(Atom(sbt.plugins.IvyPlugin),Set(Atom(sbt.plugins.JvmPlugin)))[0m
[0m[[0m[0mdebug[0m] [0m[0mClause(Atom(sbt.plugins.JvmPlugin),Set(Atom(sbt.plugins.SemanticdbPlugin)))[0m
[0m[[0m[0mdebug[0m] [0m[0mClause(Atom(sbt.plugins.JvmPlugin),Set(Atom(sbt.plugins.JUnitXmlReportPlugin)))[0m
[0m[[0m[0mdebug[0m] [0m[0mClause(Atom(sbt.plugins.CorePlugin),Set(Atom(sbt.plugins.Giter8TemplatePlugin)))[0m
[0m[[0m[0mdebug[0m] [0m[0mClause(Atom(sbt.plugins.JvmPlugin),Set(Atom(sbt.plugins.MiniDependencyTreePlugin)))[0m
[0m[[0m[0mdebug[0m] [0m[0mClause(Atom(sbt.plugins.JvmPlugin),Set(Atom(sbtassembly.AssemblyPlugin)))[0m
[0m[[0m[0mdebug[0m] [0m[0mClause(Atom(sbt.plugins.IvyPlugin),Set(Atom(com.typesafe.sbt.SbtPgp)))[0m
[0m[[0m[0mdebug[0m] [0m[0mClause(Atom(sbt.plugins.IvyPlugin),Set(Atom(sbtdirtymoney.DirtyMoneyPlugin)))[0m
[0m[[0m[0mdebug[0m] [0m[0mClause(Atom(sbt.plugins.JvmPlugin),Set(Atom(xerial.sbt.Sonatype)))[0m
[0m[[0m[0mdebug[0m] [0m[0mClause(Atom(sbt.plugins.JvmPlugin),Set(Atom(org.jetbrains.sbt.StructurePlugin)))[0m
[0m[[0m[0mdebug[0m] [0m[0mClause(Atom(sbt.plugins.JvmPlugin),Set(Atom(org.jetbrains.sbt.IdeaShellPlugin)))[0m
[0m[[0m[0mdebug[0m] [0m[0mClause(And(Set(Atom(sbt.plugins.CorePlugin), Atom(sbt.plugins.JvmPlugin))),Set(Atom(org.jetbrains.sbt.indices.SbtIntellijIndicesPlugin))))[0m
[0m[[0m[0mdebug[0m] [0m[0m  :: deduced result: Matched(sbt.plugins.CorePlugin,sbt.plugins.Giter8TemplatePlugin,sbt.plugins.IvyPlugin,sbtdirtymoney.DirtyMoneyPlugin,com.typesafe.sbt.SbtPgp,sbt.plugins.JvmPlugin,sbt.plugins.SemanticdbPlugin,org.jetbrains.sbt.indices.SbtIntellijIndicesPlugin,sbt.plugins.JUnitXmlReportPlugin,sbtassembly.AssemblyPlugin,xerial.sbt.Sonatype,org.jetbrains.sbt.IdeaShellPlugin,org.jetbrains.sbt.StructurePlugin,sbt.plugins.MiniDependencyTreePlugin)[0m
[0m[[0m[0mdebug[0m] [0m[0mPlugins.deducer#function took 2.156348 ms[0m
[0m[[0m[0minfo[0m] [0m[0mloading settings for project jcg_testadapter_commons from build.sbt ...[0m
[0m[[0m[0mdebug[0m] [0m[0m      Load.resolveProject(jcg_testadapter_commons) took 2.19687ms[0m
[0m[[0m[0mdebug[0m] [0m[0m[Loading] Loading project jcg_callgraphs_testadapter @ /Users/MartinOwono/Desktop/SOSE25/BA/BA_Projekt/jcg_callgraphs_testadapter[0m
[0m[[0m[0mdebug[0m] [0m[0mdeducing auto plugins based on known facts Set(Atom(sbt.plugins.CorePlugin)) and clauses Clauses(Clause(Atom(sbt.plugins.JvmPlugin),Set(Atom(sbt.plugins.IvyPlugin)))[0m
[0m[[0m[0mdebug[0m] [0m[0mClause(Atom(sbt.ScriptedPlugin),Set(Atom(sbt.plugins.JvmPlugin)))[0m
[0m[[0m[0mdebug[0m] [0m[0mClause(Atom(sbt.plugins.SbtPlugin),Set(Atom(sbt.ScriptedPlugin)))[0m
[0m[[0m[0mdebug[0m] [0m[0mClause(Atom(sbt.plugins.SemanticdbPlugin),Set(Atom(sbt.plugins.JvmPlugin)))[0m
[0m[[0m[0mdebug[0m] [0m[0mClause(Atom(sbt.plugins.JUnitXmlReportPlugin),Set(Atom(sbt.plugins.JvmPlugin)))[0m
[0m[[0m[0mdebug[0m] [0m[0mClause(Atom(sbt.plugins.MiniDependencyTreePlugin),Set(Atom(sbt.plugins.JvmPlugin)))[0m
[0m[[0m[0mdebug[0m] [0m[0mClause(Atom(sbtassembly.AssemblyPlugin),Set(Atom(sbt.plugins.JvmPlugin)))[0m
[0m[[0m[0mdebug[0m] [0m[0mClause(Atom(com.typesafe.sbt.SbtPgp),Set(Atom(sbt.plugins.IvyPlugin)))[0m
[0m[[0m[0mdebug[0m] [0m[0mClause(Atom(sbtdirtymoney.DirtyMoneyPlugin),Set(Atom(sbt.plugins.IvyPlugin)))[0m
[0m[[0m[0mdebug[0m] [0m[0mClause(Atom(xerial.sbt.Sonatype),Set(Atom(sbt.plugins.JvmPlugin)))[0m
[0m[[0m[0mdebug[0m] [0m[0mClause(Atom(org.jetbrains.sbt.StructurePlugin),Set(Atom(sbt.plugins.JvmPlugin)))[0m
[0m[[0m[0mdebug[0m] [0m[0mClause(Atom(org.jetbrains.sbt.IdeaShellPlugin),Set(Atom(sbt.plugins.JvmPlugin)))[0m
[0m[[0m[0mdebug[0m] [0m[0mClause(Atom(org.jetbrains.sbt.indices.SbtIntellijIndicesPlugin),Set(Atom(sbt.plugins.JvmPlugin)))[0m
[0m[[0m[0mdebug[0m] [0m[0mClause(Atom(sbt.plugins.CorePlugin),Set(Atom(sbt.plugins.IvyPlugin)))[0m
[0m[[0m[0mdebug[0m] [0m[0mClause(Atom(sbt.plugins.IvyPlugin),Set(Atom(sbt.plugins.JvmPlugin)))[0m
[0m[[0m[0mdebug[0m] [0m[0mClause(Atom(sbt.plugins.JvmPlugin),Set(Atom(sbt.plugins.SemanticdbPlugin)))[0m
[0m[[0m[0mdebug[0m] [0m[0mClause(Atom(sbt.plugins.JvmPlugin),Set(Atom(sbt.plugins.JUnitXmlReportPlugin)))[0m
[0m[[0m[0mdebug[0m] [0m[0mClause(Atom(sbt.plugins.CorePlugin),Set(Atom(sbt.plugins.Giter8TemplatePlugin)))[0m
[0m[[0m[0mdebug[0m] [0m[0mClause(Atom(sbt.plugins.JvmPlugin),Set(Atom(sbt.plugins.MiniDependencyTreePlugin)))[0m
[0m[[0m[0mdebug[0m] [0m[0mClause(Atom(sbt.plugins.JvmPlugin),Set(Atom(sbtassembly.AssemblyPlugin)))[0m
[0m[[0m[0mdebug[0m] [0m[0mClause(Atom(sbt.plugins.IvyPlugin),Set(Atom(com.typesafe.sbt.SbtPgp)))[0m
[0m[[0m[0mdebug[0m] [0m[0mClause(Atom(sbt.plugins.IvyPlugin),Set(Atom(sbtdirtymoney.DirtyMoneyPlugin)))[0m
[0m[[0m[0mdebug[0m] [0m[0mClause(Atom(sbt.plugins.JvmPlugin),Set(Atom(xerial.sbt.Sonatype)))[0m
[0m[[0m[0mdebug[0m] [0m[0mClause(Atom(sbt.plugins.JvmPlugin),Set(Atom(org.jetbrains.sbt.StructurePlugin)))[0m
[0m[[0m[0mdebug[0m] [0m[0mClause(Atom(sbt.plugins.JvmPlugin),Set(Atom(org.jetbrains.sbt.IdeaShellPlugin)))[0m
[0m[[0m[0mdebug[0m] [0m[0mClause(And(Set(Atom(sbt.plugins.CorePlugin), Atom(sbt.plugins.JvmPlugin))),Set(Atom(org.jetbrains.sbt.indices.SbtIntellijIndicesPlugin))))[0m
[0m[[0m[0mdebug[0m] [0m[0m  :: deduced result: Matched(sbt.plugins.CorePlugin,sbt.plugins.Giter8TemplatePlugin,sbt.plugins.IvyPlugin,sbtdirtymoney.DirtyMoneyPlugin,com.typesafe.sbt.SbtPgp,sbt.plugins.JvmPlugin,sbt.plugins.SemanticdbPlugin,org.jetbrains.sbt.indices.SbtIntellijIndicesPlugin,sbt.plugins.JUnitXmlReportPlugin,sbtassembly.AssemblyPlugin,xerial.sbt.Sonatype,org.jetbrains.sbt.IdeaShellPlugin,org.jetbrains.sbt.StructurePlugin,sbt.plugins.MiniDependencyTreePlugin)[0m
[0m[[0m[0mdebug[0m] [0m[0mPlugins.deducer#function took 2.724455 ms[0m
[0m[[0m[0minfo[0m] [0m[0mloading settings for project jcg_callgraphs_testadapter from build.sbt ...[0m
[0m[[0m[0mdebug[0m] [0m[0m      Load.resolveProject(jcg_callgraphs_testadapter) took 4.720424ms[0m
[0m[[0m[0mdebug[0m] [0m[0m[Loading] Loading project jcg_evaluation @ /Users/MartinOwono/Desktop/SOSE25/BA/BA_Projekt/jcg_evaluation[0m
[0m[[0m[0mdebug[0m] [0m[0mdeducing auto plugins based on known facts Set(Atom(sbt.plugins.CorePlugin)) and clauses Clauses(Clause(Atom(sbt.plugins.JvmPlugin),Set(Atom(sbt.plugins.IvyPlugin)))[0m
[0m[[0m[0mdebug[0m] [0m[0mClause(Atom(sbt.ScriptedPlugin),Set(Atom(sbt.plugins.JvmPlugin)))[0m
[0m[[0m[0mdebug[0m] [0m[0mClause(Atom(sbt.plugins.SbtPlugin),Set(Atom(sbt.ScriptedPlugin)))[0m
[0m[[0m[0mdebug[0m] [0m[0mClause(Atom(sbt.plugins.SemanticdbPlugin),Set(Atom(sbt.plugins.JvmPlugin)))[0m
[0m[[0m[0mdebug[0m] [0m[0mClause(Atom(sbt.plugins.JUnitXmlReportPlugin),Set(Atom(sbt.plugins.JvmPlugin)))[0m
[0m[[0m[0mdebug[0m] [0m[0mClause(Atom(sbt.plugins.MiniDependencyTreePlugin),Set(Atom(sbt.plugins.JvmPlugin)))[0m
[0m[[0m[0mdebug[0m] [0m[0mClause(Atom(sbtassembly.AssemblyPlugin),Set(Atom(sbt.plugins.JvmPlugin)))[0m
[0m[[0m[0mdebug[0m] [0m[0mClause(Atom(com.typesafe.sbt.SbtPgp),Set(Atom(sbt.plugins.IvyPlugin)))[0m
[0m[[0m[0mdebug[0m] [0m[0mClause(Atom(sbtdirtymoney.DirtyMoneyPlugin),Set(Atom(sbt.plugins.IvyPlugin)))[0m
[0m[[0m[0mdebug[0m] [0m[0mClause(Atom(xerial.sbt.Sonatype),Set(Atom(sbt.plugins.JvmPlugin)))[0m
[0m[[0m[0mdebug[0m] [0m[0mClause(Atom(org.jetbrains.sbt.StructurePlugin),Set(Atom(sbt.plugins.JvmPlugin)))[0m
[0m[[0m[0mdebug[0m] [0m[0mClause(Atom(org.jetbrains.sbt.IdeaShellPlugin),Set(Atom(sbt.plugins.JvmPlugin)))[0m
[0m[[0m[0mdebug[0m] [0m[0mClause(Atom(org.jetbrains.sbt.indices.SbtIntellijIndicesPlugin),Set(Atom(sbt.plugins.JvmPlugin)))[0m
[0m[[0m[0mdebug[0m] [0m[0mClause(Atom(sbt.plugins.CorePlugin),Set(Atom(sbt.plugins.IvyPlugin)))[0m
[0m[[0m[0mdebug[0m] [0m[0mClause(Atom(sbt.plugins.IvyPlugin),Set(Atom(sbt.plugins.JvmPlugin)))[0m
[0m[[0m[0mdebug[0m] [0m[0mClause(Atom(sbt.plugins.JvmPlugin),Set(Atom(sbt.plugins.SemanticdbPlugin)))[0m
[0m[[0m[0mdebug[0m] [0m[0mClause(Atom(sbt.plugins.JvmPlugin),Set(Atom(sbt.plugins.JUnitXmlReportPlugin)))[0m
[0m[[0m[0mdebug[0m] [0m[0mClause(Atom(sbt.plugins.CorePlugin),Set(Atom(sbt.plugins.Giter8TemplatePlugin)))[0m
[0m[[0m[0mdebug[0m] [0m[0mClause(Atom(sbt.plugins.JvmPlugin),Set(Atom(sbt.plugins.MiniDependencyTreePlugin)))[0m
[0m[[0m[0mdebug[0m] [0m[0mClause(Atom(sbt.plugins.JvmPlugin),Set(Atom(sbtassembly.AssemblyPlugin)))[0m
[0m[[0m[0mdebug[0m] [0m[0mClause(Atom(sbt.plugins.IvyPlugin),Set(Atom(com.typesafe.sbt.SbtPgp)))[0m
[0m[[0m[0mdebug[0m] [0m[0mClause(Atom(sbt.plugins.IvyPlugin),Set(Atom(sbtdirtymoney.DirtyMoneyPlugin)))[0m
[0m[[0m[0mdebug[0m] [0m[0mClause(Atom(sbt.plugins.JvmPlugin),Set(Atom(xerial.sbt.Sonatype)))[0m
[0m[[0m[0mdebug[0m] [0m[0mClause(Atom(sbt.plugins.JvmPlugin),Set(Atom(org.jetbrains.sbt.StructurePlugin)))[0m
[0m[[0m[0mdebug[0m] [0m[0mClause(Atom(sbt.plugins.JvmPlugin),Set(Atom(org.jetbrains.sbt.IdeaShellPlugin)))[0m
[0m[[0m[0mdebug[0m] [0m[0mClause(And(Set(Atom(sbt.plugins.CorePlugin), Atom(sbt.plugins.JvmPlugin))),Set(Atom(org.jetbrains.sbt.indices.SbtIntellijIndicesPlugin))))[0m
[0m[[0m[0mdebug[0m] [0m[0m  :: deduced result: Matched(sbt.plugins.CorePlugin,sbt.plugins.Giter8TemplatePlugin,sbt.plugins.IvyPlugin,sbtdirtymoney.DirtyMoneyPlugin,com.typesafe.sbt.SbtPgp,sbt.plugins.JvmPlugin,sbt.plugins.SemanticdbPlugin,org.jetbrains.sbt.indices.SbtIntellijIndicesPlugin,sbt.plugins.JUnitXmlReportPlugin,sbtassembly.AssemblyPlugin,xerial.sbt.Sonatype,org.jetbrains.sbt.IdeaShellPlugin,org.jetbrains.sbt.StructurePlugin,sbt.plugins.MiniDependencyTreePlugin)[0m
[0m[[0m[0mdebug[0m] [0m[0mPlugins.deducer#function took 3.186512 ms[0m
[0m[[0m[0minfo[0m] [0m[0mloading settings for project jcg_evaluation from build.sbt ...[0m
[0m[[0m[0mdebug[0m] [0m[0m      Load.resolveProject(jcg_evaluation) took 2.806384ms[0m
[0m[[0m[0mdebug[0m] [0m[0m[Loading] Done in /Users/MartinOwono/Desktop/SOSE25/BA/BA_Projekt, returning: (jcg_annotations, jcg_data_format, jcg_testcases, jcg_annotation_matcher, jcg_wala_testadapter, jcg_soot_testadapter, jcg_opal_testadapter, jcg_doop_testadapter, jcg_js_callgraph_testadapter, jcg_jelly_testadapter, jcg_tajs_testadapter, jcg_code2flow_js_testadapter, jcg_code2flow_py_testadapter, jcg_pycg_testadapter, jcg_pyan_testadapter, jcg_jarvis_testadapter, jcg_dynamic_testadapter, jcg_testadapter_commons, jcg_callgraphs_testadapter, jcg_evaluation)[0m
[0m[[0m[0mdebug[0m] [0m[0mdeducing auto plugins based on known facts Set(Atom(sbt.plugins.CorePlugin)) and clauses Clauses(Clause(Atom(sbt.plugins.JvmPlugin),Set(Atom(sbt.plugins.IvyPlugin)))[0m
[0m[[0m[0mdebug[0m] [0m[0mClause(Atom(sbt.ScriptedPlugin),Set(Atom(sbt.plugins.JvmPlugin)))[0m
[0m[[0m[0mdebug[0m] [0m[0mClause(Atom(sbt.plugins.SbtPlugin),Set(Atom(sbt.ScriptedPlugin)))[0m
[0m[[0m[0mdebug[0m] [0m[0mClause(Atom(sbt.plugins.SemanticdbPlugin),Set(Atom(sbt.plugins.JvmPlugin)))[0m
[0m[[0m[0mdebug[0m] [0m[0mClause(Atom(sbt.plugins.JUnitXmlReportPlugin),Set(Atom(sbt.plugins.JvmPlugin)))[0m
[0m[[0m[0mdebug[0m] [0m[0mClause(Atom(sbt.plugins.MiniDependencyTreePlugin),Set(Atom(sbt.plugins.JvmPlugin)))[0m
[0m[[0m[0mdebug[0m] [0m[0mClause(Atom(sbtassembly.AssemblyPlugin),Set(Atom(sbt.plugins.JvmPlugin)))[0m
[0m[[0m[0mdebug[0m] [0m[0mClause(Atom(com.typesafe.sbt.SbtPgp),Set(Atom(sbt.plugins.IvyPlugin)))[0m
[0m[[0m[0mdebug[0m] [0m[0mClause(Atom(sbtdirtymoney.DirtyMoneyPlugin),Set(Atom(sbt.plugins.IvyPlugin)))[0m
[0m[[0m[0mdebug[0m] [0m[0mClause(Atom(xerial.sbt.Sonatype),Set(Atom(sbt.plugins.JvmPlugin)))[0m
[0m[[0m[0mdebug[0m] [0m[0mClause(Atom(org.jetbrains.sbt.StructurePlugin),Set(Atom(sbt.plugins.JvmPlugin)))[0m
[0m[[0m[0mdebug[0m] [0m[0mClause(Atom(org.jetbrains.sbt.IdeaShellPlugin),Set(Atom(sbt.plugins.JvmPlugin)))[0m
[0m[[0m[0mdebug[0m] [0m[0mClause(Atom(org.jetbrains.sbt.indices.SbtIntellijIndicesPlugin),Set(Atom(sbt.plugins.JvmPlugin)))[0m
[0m[[0m[0mdebug[0m] [0m[0mClause(Atom(sbt.plugins.CorePlugin),Set(Atom(sbt.plugins.IvyPlugin)))[0m
[0m[[0m[0mdebug[0m] [0m[0mClause(Atom(sbt.plugins.IvyPlugin),Set(Atom(sbt.plugins.JvmPlugin)))[0m
[0m[[0m[0mdebug[0m] [0m[0mClause(Atom(sbt.plugins.JvmPlugin),Set(Atom(sbt.plugins.SemanticdbPlugin)))[0m
[0m[[0m[0mdebug[0m] [0m[0mClause(Atom(sbt.plugins.JvmPlugin),Set(Atom(sbt.plugins.JUnitXmlReportPlugin)))[0m
[0m[[0m[0mdebug[0m] [0m[0mClause(Atom(sbt.plugins.CorePlugin),Set(Atom(sbt.plugins.Giter8TemplatePlugin)))[0m
[0m[[0m[0mdebug[0m] [0m[0mClause(Atom(sbt.plugins.JvmPlugin),Set(Atom(sbt.plugins.MiniDependencyTreePlugin)))[0m
[0m[[0m[0mdebug[0m] [0m[0mClause(Atom(sbt.plugins.JvmPlugin),Set(Atom(sbtassembly.AssemblyPlugin)))[0m
[0m[[0m[0mdebug[0m] [0m[0mClause(Atom(sbt.plugins.IvyPlugin),Set(Atom(com.typesafe.sbt.SbtPgp)))[0m
[0m[[0m[0mdebug[0m] [0m[0mClause(Atom(sbt.plugins.IvyPlugin),Set(Atom(sbtdirtymoney.DirtyMoneyPlugin)))[0m
[0m[[0m[0mdebug[0m] [0m[0mClause(Atom(sbt.plugins.JvmPlugin),Set(Atom(xerial.sbt.Sonatype)))[0m
[0m[[0m[0mdebug[0m] [0m[0mClause(Atom(sbt.plugins.JvmPlugin),Set(Atom(org.jetbrains.sbt.StructurePlugin)))[0m
[0m[[0m[0mdebug[0m] [0m[0mClause(Atom(sbt.plugins.JvmPlugin),Set(Atom(org.jetbrains.sbt.IdeaShellPlugin)))[0m
[0m[[0m[0mdebug[0m] [0m[0mClause(And(Set(Atom(sbt.plugins.CorePlugin), Atom(sbt.plugins.JvmPlugin))),Set(Atom(org.jetbrains.sbt.indices.SbtIntellijIndicesPlugin))))[0m
[0m[[0m[0mdebug[0m] [0m[0m  :: deduced result: Matched(sbt.plugins.CorePlugin,sbt.plugins.Giter8TemplatePlugin,sbt.plugins.IvyPlugin,sbtdirtymoney.DirtyMoneyPlugin,com.typesafe.sbt.SbtPgp,sbt.plugins.JvmPlugin,sbt.plugins.SemanticdbPlugin,org.jetbrains.sbt.indices.SbtIntellijIndicesPlugin,sbt.plugins.JUnitXmlReportPlugin,sbtassembly.AssemblyPlugin,xerial.sbt.Sonatype,org.jetbrains.sbt.IdeaShellPlugin,org.jetbrains.sbt.StructurePlugin,sbt.plugins.MiniDependencyTreePlugin)[0m
[0m[[0m[0mdebug[0m] [0m[0mPlugins.deducer#function took 1.832271 ms[0m
[0m[[0m[0minfo[0m] [0m[0mloading settings for project ba_projekt from build.sbt ...[0m
[0m[[0m[0mdebug[0m] [0m[0m        Load.resolveProject(ba_projekt) took 2.83493ms[0m
[0m[[0m[0mdebug[0m] [0m[0m      Load.loadTransitive: finalizeProject(Project(id ba_projekt, base: /Users/MartinOwono/Desktop/SOSE25/BA/BA_Projekt, aggregate: List(ProjectRef(file:/Users/MartinOwono/Desktop/SOSE25/BA/BA_Projekt/,jcg_annotations), ProjectRef(file:/Users/MartinOwono/Desktop/SOSE25/BA/BA_Projekt/,jcg_data_format), ProjectRef(file:/Users/MartinOwono/Desktop/SOSE25/BA/BA_Projekt/,jcg_testcases), ProjectRef(file:/Users/MartinOwono/Desktop/SOSE25/BA/BA_Projekt/,jcg_annotation_matcher), ProjectRef(file:/Users/MartinOwono/Desktop/SOSE25/BA/BA_Projekt/,jcg_wala_testadapter), ProjectRef(file:/Users/MartinOwono/Desktop/SOSE25/BA/BA_Projekt/,jcg_soot_testadapter), ProjectRef(file:/Users/MartinOwono/Desktop/SOSE25/BA/BA_Projekt/,jcg_opal_testadapter), ProjectRef(file:/Users/MartinOwono/Desktop/SOSE25/BA/BA_Projekt/,jcg_doop_testadapter), ProjectRef(file:/Users/MartinOwono/Desktop/SOSE25/BA/BA_Projekt/,jcg_js_callgraph_testadapter), ProjectRef(file:/Users/MartinOwono/Desktop/SOSE25/BA/BA_Projekt/,jcg_jelly_testadapter), ProjectRef(file:/Users/MartinOwono/Desktop/SOSE25/BA/BA_Projekt/,jcg_tajs_testadapter), ProjectRef(file:/Users/MartinOwono/Desktop/SOSE25/BA/BA_Projekt/,jcg_code2flow_js_testadapter), ProjectRef(file:/Users/MartinOwono/Desktop/SOSE25/BA/BA_Projekt/,jcg_code2flow_py_testadapter), ProjectRef(file:/Users/MartinOwono/Desktop/SOSE25/BA/BA_Projekt/,jcg_pycg_testadapter), ProjectRef(file:/Users/MartinOwono/Desktop/SOSE25/BA/BA_Projekt/,jcg_pyan_testadapter), ProjectRef(file:/Users/MartinOwono/Desktop/SOSE25/BA/BA_Projekt/,jcg_jarvis_testadapter), ProjectRef(file:/Users/MartinOwono/Desktop/SOSE25/BA/BA_Projekt/,jcg_dynamic_testadapter), ProjectRef(file:/Users/MartinOwono/Desktop/SOSE25/BA/BA_Projekt/,jcg_testadapter_commons), ProjectRef(file:/Users/MartinOwono/Desktop/SOSE25/BA/BA_Projekt/,jcg_callgraphs_testadapter), ProjectRef(file:/Users/MartinOwono/Desktop/SOSE25/BA/BA_Projekt/,jcg_evaluation)), plugins: List(<none>))) took 5.39797ms[0m
[0m[[0m[0mdebug[0m] [0m[0m[Loading] Done in /Users/MartinOwono/Desktop/SOSE25/BA/BA_Projekt, returning: (ba_projekt, jcg_annotations, jcg_data_format, jcg_testcases, jcg_annotation_matcher, jcg_wala_testadapter, jcg_soot_testadapter, jcg_opal_testadapter, jcg_doop_testadapter, jcg_js_callgraph_testadapter, jcg_jelly_testadapter, jcg_tajs_testadapter, jcg_code2flow_js_testadapter, jcg_code2flow_py_testadapter, jcg_pycg_testadapter, jcg_pyan_testadapter, jcg_jarvis_testadapter, jcg_dynamic_testadapter, jcg_testadapter_commons, jcg_callgraphs_testadapter, jcg_evaluation)[0m
[0m[[0m[0mdebug[0m] [0m[0m    Load.loadUnit: loadedProjectsRaw took 725.116558ms[0m
[0m[[0m[0mdebug[0m] [0m[0m    Load.loadUnit: cleanEvalClasses took 11.48982ms[0m
[0m[[0m[0mdebug[0m] [0m[0m  Load.loadUnit(file:/Users/MartinOwono/Desktop/SOSE25/BA/BA_Projekt/, ...) took 3657.92038ms[0m
[0m[[0m[0mdebug[0m] [0m[0mLoad.apply: load took 3667.822638ms[0m
[0m[[0m[0mdebug[0m] [0m[0mLoad.apply: resolveProjects took 6.824505ms[0m
[0m[[0m[0mdebug[0m] [0m[0mLoad.apply: finalTransforms took 280.39002ms[0m
[0m[[0m[0mdebug[0m] [0m[0mLoad.apply: config.delegates took 12.767695ms[0m
[0m[[0m[0minfo[0m] [0m[0mresolving key references (18458 settings) ...[0m
[0m[[0m[0mdebug[0m] [0m[0mLoad.apply: Def.make(settings)... took 2615.046501ms[0m
[0m[[0m[0mdebug[0m] [0m[0mLoad.apply: structureIndex took 1198.977909ms[0m
[0m[[0m[0mdebug[0m] [0m[0mLoad.apply: mkStreams took 0.003912ms[0m
[0m[[0m[0minfo[0m] [0m[0mset current project to ba_projekt (in build file:/Users/MartinOwono/Desktop/SOSE25/BA/BA_Projekt/)[0m
[0m[[0m[0mdebug[0m] [0m[0m> Exec(sbtPopOnFailure, None, None)[0m
[0m[[0m[0mdebug[0m] [0m[0m> Exec(resumeFromFailure, None, None)[0m
[0m[[0m[0mdebug[0m] [0m[0m> Exec(notifyUsersAboutShell, None, None)[0m
[0m[[0m[0mdebug[0m] [0m[0m> Exec(iflast shell, None, None)[0m
[0m[[0m[0mdebug[0m] [0m[0m> Exec(; set ideaPort in Global := 60804 ; idea-shell, None, None)[0m
[0m[[0m[0mdebug[0m] [0m[0m> Exec(set ideaPort in Global := 60804, None, None)[0m
[0m[[0m[0minfo[0m] [0m[0mDefining Global / ideaPort[0m
[0m[[0m[0minfo[0m] [0m[0mThe new value will be used by Compile / compile, Test / compile and 39 others.[0m
[0m[[0m[0minfo[0m] [0m[0m	Run `last` for details.[0m
[0m[[0m[0mdebug[0m] [0m[0mDefining [0m
[0m[[0m[0mdebug[0m] [0m[0m	Global / ideaPort[0m
[0m[[0m[0mdebug[0m] [0m[0m[0m
[0m[[0m[0mdebug[0m] [0m[0mThe new value will be used by [0m
[0m[[0m[0mdebug[0m] [0m[0m	Compile / compile[0m
[0m[[0m[0mdebug[0m] [0m[0m	Test / compile[0m
[0m[[0m[0mdebug[0m] [0m[0m	jcg_annotation_matcher / Compile / compile[0m
[0m[[0m[0mdebug[0m] [0m[0m	jcg_annotation_matcher / Test / compile[0m
[0m[[0m[0mdebug[0m] [0m[0m	jcg_annotations / Compile / compile[0m
[0m[[0m[0mdebug[0m] [0m[0m	jcg_annotations / Test / compile[0m
[0m[[0m[0mdebug[0m] [0m[0m	jcg_callgraphs_testadapter / Compile / compile[0m
[0m[[0m[0mdebug[0m] [0m[0m	jcg_callgraphs_testadapter / Test / compile[0m
[0m[[0m[0mdebug[0m] [0m[0m	jcg_code2flow_js_testadapter / Compile / compile[0m
[0m[[0m[0mdebug[0m] [0m[0m	jcg_code2flow_js_testadapter / Test / compile[0m
[0m[[0m[0mdebug[0m] [0m[0m	jcg_code2flow_py_testadapter / Compile / compile[0m
[0m[[0m[0mdebug[0m] [0m[0m	jcg_code2flow_py_testadapter / Test / compile[0m
[0m[[0m[0mdebug[0m] [0m[0m	jcg_data_format / Compile / compile[0m
[0m[[0m[0mdebug[0m] [0m[0m	jcg_data_format / Test / compile[0m
[0m[[0m[0mdebug[0m] [0m[0m	jcg_doop_testadapter / Compile / compile[0m
[0m[[0m[0mdebug[0m] [0m[0m	jcg_doop_testadapter / Test / compile[0m
[0m[[0m[0mdebug[0m] [0m[0m	jcg_dynamic_testadapter / Compile / compile[0m
[0m[[0m[0mdebug[0m] [0m[0m	jcg_dynamic_testadapter / Test / compile[0m
[0m[[0m[0mdebug[0m] [0m[0m	jcg_evaluation / Compile / compile[0m
[0m[[0m[0mdebug[0m] [0m[0m	jcg_evaluation / Test / compile[0m
[0m[[0m[0mdebug[0m] [0m[0m	jcg_jarvis_testadapter / Compile / compile[0m
[0m[[0m[0mdebug[0m] [0m[0m	jcg_jarvis_testadapter / Test / compile[0m
[0m[[0m[0mdebug[0m] [0m[0m	jcg_jelly_testadapter / Compile / compile[0m
[0m[[0m[0mdebug[0m] [0m[0m	jcg_jelly_testadapter / Test / compile[0m
[0m[[0m[0mdebug[0m] [0m[0m	jcg_js_callgraph_testadapter / Compile / compile[0m
[0m[[0m[0mdebug[0m] [0m[0m	jcg_js_callgraph_testadapter / Test / compile[0m
[0m[[0m[0mdebug[0m] [0m[0m	jcg_opal_testadapter / Compile / compile[0m
[0m[[0m[0mdebug[0m] [0m[0m	jcg_opal_testadapter / Test / compile[0m
[0m[[0m[0mdebug[0m] [0m[0m	jcg_pyan_testadapter / Compile / compile[0m
[0m[[0m[0mdebug[0m] [0m[0m	jcg_pyan_testadapter / Test / compile[0m
[0m[[0m[0mdebug[0m] [0m[0m	jcg_pycg_testadapter / Compile / compile[0m
[0m[[0m[0mdebug[0m] [0m[0m	jcg_pycg_testadapter / Test / compile[0m
[0m[[0m[0mdebug[0m] [0m[0m	jcg_soot_testadapter / Compile / compile[0m
[0m[[0m[0mdebug[0m] [0m[0m	jcg_soot_testadapter / Test / compile[0m
[0m[[0m[0mdebug[0m] [0m[0m	jcg_tajs_testadapter / Compile / compile[0m
[0m[[0m[0mdebug[0m] [0m[0m	jcg_tajs_testadapter / Test / compile[0m
[0m[[0m[0mdebug[0m] [0m[0m	jcg_testadapter_commons / Compile / compile[0m
[0m[[0m[0mdebug[0m] [0m[0m	jcg_testadapter_commons / Test / compile[0m
[0m[[0m[0mdebug[0m] [0m[0m	jcg_testcases / Compile / compile[0m
[0m[[0m[0mdebug[0m] [0m[0m	jcg_testcases / Test / compile[0m
[0m[[0m[0mdebug[0m] [0m[0m	jcg_wala_testadapter / Compile / compile[0m
[0m[[0m[0mdebug[0m] [0m[0m	jcg_wala_testadapter / Test / compile[0m
[0m[[0m[0minfo[0m] [0m[0mReapplying settings...[0m
[0m[[0m[0minfo[0m] [0m[0mset current project to ba_projekt (in build file:/Users/MartinOwono/Desktop/SOSE25/BA/BA_Projekt/)[0m
[0m[[0m[0mdebug[0m] [0m[0m> Exec(idea-shell, None, None)[0m
