[0m[[0m[0mdebug[0m] [0m[0m> Exec(early(addDefaultCommands), None, None)[0m
[0m[[0m[0mdebug[0m] [0m[0m> Exec(addDefaultCommands, None, None)[0m
[0m[[0m[0mdebug[0m] [0m[0m> Exec(early(initialize), None, None)[0m
[0m[[0m[0mdebug[0m] [0m[0m> Exec(initialize, None, None)[0m
[0m[[0m[0mdebug[0m] [0m[0m> Exec(--addPluginSbtFile=/private/var/folders/7t/d933nkdj58326ztk2ml1hclr0000gn/T/idea3.sbt, None, None)[0m
[0m[[0m[0mdebug[0m] [0m[0m> Exec(addPluginSbtFile=/private/var/folders/7t/d933nkdj58326ztk2ml1hclr0000gn/T/idea3.sbt, None, None)[0m
[0m[[0m[0mdebug[0m] [0m[0m> Exec(boot, None, None)[0m
[0m[[0m[0mdebug[0m] [0m[0m> Exec(writeSbtVersion, None, None)[0m
[0m[[0m[0mdebug[0m] [0m[0m> Exec(reload, None, None)[0m
[0m[[0m[0mdebug[0m] [0m[0m> Exec(sbtStashOnFailure, None, None)[0m
[0m[[0m[0mdebug[0m] [0m[0m> Exec(onFailure loadFailed, None, None)[0m
[0m[[0m[0mdebug[0m] [0m[0m> Exec(loadp, None, None)[0m
[0m[[0m[0minfo[0m] [0m[0mwelcome to sbt 1.7.1 (JetBrains s.r.o Java 11.0.4)[0m
[0m[[0m[0mdebug[0m] [0m[0m      Load.loadUnit: plugins took 335.124735ms[0m
[0m[[0m[0mdebug[0m] [0m[0m      Load.loadUnit: defsScala took 0.640526ms[0m
[0m[[0m[0mdebug[0m] [0m[0m[Loading] Scanning directory /Users/MartinOwono/.sbt/1.0/plugins[0m
[0m[[0m[0mdebug[0m] [0m[0m[Loading] Found non-root projects [0m
[0m[[0m[0mdebug[0m] [0m[0m[Loading] Done in /Users/MartinOwono/.sbt/1.0/plugins, returning: ()[0m
[0m[[0m[0mdebug[0m] [0m[0mdeducing auto plugins based on known facts Set(Atom(sbt.plugins.CorePlugin)) and clauses Clauses(Clause(Atom(sbt.plugins.JvmPlugin),Set(Atom(sbt.plugins.IvyPlugin)))[0m
[0m[[0m[0mdebug[0m] [0m[0mClause(Atom(sbt.ScriptedPlugin),Set(Atom(sbt.plugins.JvmPlugin)))[0m
[0m[[0m[0mdebug[0m] [0m[0mClause(Atom(sbt.plugins.SbtPlugin),Set(Atom(sbt.ScriptedPlugin)))[0m
[0m[[0m[0mdebug[0m] [0m[0mClause(Atom(sbt.plugins.SemanticdbPlugin),Set(Atom(sbt.plugins.JvmPlugin)))[0m
[0m[[0m[0mdebug[0m] [0m[0mClause(Atom(sbt.plugins.JUnitXmlReportPlugin),Set(Atom(sbt.plugins.JvmPlugin)))[0m
[0m[[0m[0mdebug[0m] [0m[0mClause(Atom(sbt.plugins.MiniDependencyTreePlugin),Set(Atom(sbt.plugins.JvmPlugin)))[0m
[0m[[0m[0mdebug[0m] [0m[0mClause(Atom(sbt.plugins.CorePlugin),Set(Atom(sbt.plugins.IvyPlugin)))[0m
[0m[[0m[0mdebug[0m] [0m[0mClause(Atom(sbt.plugins.IvyPlugin),Set(Atom(sbt.plugins.JvmPlugin)))[0m
[0m[[0m[0mdebug[0m] [0m[0mClause(Atom(sbt.plugins.JvmPlugin),Set(Atom(sbt.plugins.SemanticdbPlugin)))[0m
[0m[[0m[0mdebug[0m] [0m[0mClause(Atom(sbt.plugins.JvmPlugin),Set(Atom(sbt.plugins.JUnitXmlReportPlugin)))[0m
[0m[[0m[0mdebug[0m] [0m[0mClause(Atom(sbt.plugins.CorePlugin),Set(Atom(sbt.plugins.Giter8TemplatePlugin)))[0m
[0m[[0m[0mdebug[0m] [0m[0mClause(Atom(sbt.plugins.JvmPlugin),Set(Atom(sbt.plugins.MiniDependencyTreePlugin))))[0m
[0m[[0m[0mdebug[0m] [0m[0m  :: deduced result: Matched(sbt.plugins.CorePlugin,sbt.plugins.Giter8TemplatePlugin,sbt.plugins.IvyPlugin,sbt.plugins.JvmPlugin,sbt.plugins.MiniDependencyTreePlugin,sbt.plugins.JUnitXmlReportPlugin,sbt.plugins.SemanticdbPlugin)[0m
[0m[[0m[0mdebug[0m] [0m[0mPlugins.deducer#function took 45.620371 ms[0m
[0m[[0m[0mdebug[0m] [0m[0m          Load.resolveProject(global-plugins) took 114.570314ms[0m
[0m[[0m[0mdebug[0m] [0m[0m        Load.loadTransitive: finalizeProject(Project(id global-plugins, base: /Users/MartinOwono/.sbt/1.0/plugins, plugins: List(<none>))) took 260.621011ms[0m
[0m[[0m[0mdebug[0m] [0m[0m[Loading] Done in /Users/MartinOwono/.sbt/1.0/plugins, returning: (global-plugins)[0m
[0m[[0m[0mdebug[0m] [0m[0m      Load.loadUnit: loadedProjectsRaw took 313.167584ms[0m
[0m[[0m[0mdebug[0m] [0m[0m      Load.loadUnit: cleanEvalClasses took 0.605228ms[0m
[0m[[0m[0mdebug[0m] [0m[0m    Load.loadUnit(file:/Users/MartinOwono/.sbt/1.0/plugins/, ...) took 670.96327ms[0m
[0m[[0m[0mdebug[0m] [0m[0m  Load.apply: load took 1800.900514ms[0m
[0m[[0m[0mdebug[0m] [0m[0m  Load.apply: resolveProjects took 14.615558ms[0m
[0m[[0m[0mdebug[0m] [0m[0m  Load.apply: finalTransforms took 137.851082ms[0m
[0m[[0m[0mdebug[0m] [0m[0m  Load.apply: config.delegates took 16.420831ms[0m
[0m[[0m[0mdebug[0m] [0m[0m  Load.apply: Def.make(settings)... took 979.358898ms[0m
[0m[[0m[0mdebug[0m] [0m[0m  Load.apply: structureIndex took 209.785394ms[0m
[0m[[0m[0mdebug[0m] [0m[0m  Load.apply: mkStreams took 3.459428ms[0m
[0m[[0m[0minfo[0m] [0m[0mloading global plugins from /Users/MartinOwono/.sbt/1.0/plugins[0m
[0m[[0m[0mdebug[0m] [0m[0mRunning task... Cancel: Signal, check cycles: false, forcegc: true[0m
[0m[[0m[0mdebug[0m] [0m[0mLoad.defaultLoad until apply took 6042.710455ms[0m
[0m[[0m[0mdebug[0m] [0m[0m          Load.loadUnit: plugins took 35.549563ms[0m
[0m[[0m[0mdebug[0m] [0m[0m          Load.loadUnit: defsScala took 0.010396ms[0m
[0m[[0m[0mdebug[0m] [0m[0m[Loading] Scanning directory /Users/MartinOwono/Desktop/SOSE25/BA/BA_Projekt/project[0m
[0m[[0m[0mdebug[0m] [0m[0m            Load.loadUnit: mkEval took 16.673294ms[0m
[0m[[0m[0mdebug[0m] [0m[0m[Loading] Found non-root projects [0m
[0m[[0m[0mdebug[0m] [0m[0m[Loading] Done in /Users/MartinOwono/Desktop/SOSE25/BA/BA_Projekt/project, returning: ()[0m
[0m[[0m[0mdebug[0m] [0m[0mdeducing auto plugins based on known facts Set(Atom(sbt.plugins.CorePlugin)) and clauses Clauses(Clause(Atom(sbt.plugins.JvmPlugin),Set(Atom(sbt.plugins.IvyPlugin)))[0m
[0m[[0m[0mdebug[0m] [0m[0mClause(Atom(sbt.ScriptedPlugin),Set(Atom(sbt.plugins.JvmPlugin)))[0m
[0m[[0m[0mdebug[0m] [0m[0mClause(Atom(sbt.plugins.SbtPlugin),Set(Atom(sbt.ScriptedPlugin)))[0m
[0m[[0m[0mdebug[0m] [0m[0mClause(Atom(sbt.plugins.SemanticdbPlugin),Set(Atom(sbt.plugins.JvmPlugin)))[0m
[0m[[0m[0mdebug[0m] [0m[0mClause(Atom(sbt.plugins.JUnitXmlReportPlugin),Set(Atom(sbt.plugins.JvmPlugin)))[0m
[0m[[0m[0mdebug[0m] [0m[0mClause(Atom(sbt.plugins.MiniDependencyTreePlugin),Set(Atom(sbt.plugins.JvmPlugin)))[0m
[0m[[0m[0mdebug[0m] [0m[0mClause(Atom(sbt.plugins.CorePlugin),Set(Atom(sbt.plugins.IvyPlugin)))[0m
[0m[[0m[0mdebug[0m] [0m[0mClause(Atom(sbt.plugins.IvyPlugin),Set(Atom(sbt.plugins.JvmPlugin)))[0m
[0m[[0m[0mdebug[0m] [0m[0mClause(Atom(sbt.plugins.JvmPlugin),Set(Atom(sbt.plugins.SemanticdbPlugin)))[0m
[0m[[0m[0mdebug[0m] [0m[0mClause(Atom(sbt.plugins.JvmPlugin),Set(Atom(sbt.plugins.JUnitXmlReportPlugin)))[0m
[0m[[0m[0mdebug[0m] [0m[0mClause(Atom(sbt.plugins.CorePlugin),Set(Atom(sbt.plugins.Giter8TemplatePlugin)))[0m
[0m[[0m[0mdebug[0m] [0m[0mClause(Atom(sbt.plugins.JvmPlugin),Set(Atom(sbt.plugins.MiniDependencyTreePlugin))))[0m
[0m[[0m[0mdebug[0m] [0m[0m  :: deduced result: Matched(sbt.plugins.CorePlugin,sbt.plugins.Giter8TemplatePlugin,sbt.plugins.IvyPlugin,sbt.plugins.JvmPlugin,sbt.plugins.MiniDependencyTreePlugin,sbt.plugins.JUnitXmlReportPlugin,sbt.plugins.SemanticdbPlugin)[0m
[0m[[0m[0mdebug[0m] [0m[0mPlugins.deducer#function took 3.488589 ms[0m
[0m[[0m[0minfo[0m] [0m[0mloading settings for project ba_projekt-build from plugins.sbt,idea3.sbt ...[0m
[0m[[0m[0mdebug[0m] [0m[0m              Load.resolveProject(ba_projekt-build) took 5.71478ms[0m
[0m[[0m[0mdebug[0m] [0m[0m            Load.loadTransitive: finalizeProject(Project(id ba_projekt-build, base: /Users/MartinOwono/Desktop/SOSE25/BA/BA_Projekt/project, plugins: List(<none>))) took 10.607506ms[0m
[0m[[0m[0mdebug[0m] [0m[0m[Loading] Done in /Users/MartinOwono/Desktop/SOSE25/BA/BA_Projekt/project, returning: (ba_projekt-build)[0m
[0m[[0m[0mdebug[0m] [0m[0m          Load.loadUnit: loadedProjectsRaw took 371.908875ms[0m
[0m[[0m[0mdebug[0m] [0m[0m          Load.loadUnit: cleanEvalClasses took 14.381753ms[0m
[0m[[0m[0mdebug[0m] [0m[0m        Load.loadUnit(file:/Users/MartinOwono/Desktop/SOSE25/BA/BA_Projekt/project/, ...) took 423.421247ms[0m
[0m[[0m[0mdebug[0m] [0m[0m      Load.apply: load took 425.644638ms[0m
[0m[[0m[0mdebug[0m] [0m[0m      Load.apply: resolveProjects took 0.236282ms[0m
[0m[[0m[0mdebug[0m] [0m[0m      Load.apply: finalTransforms took 25.79252ms[0m
[0m[[0m[0mdebug[0m] [0m[0m      Load.apply: config.delegates took 0.787834ms[0m
[0m[[0m[0mdebug[0m] [0m[0m      Load.apply: Def.make(settings)... took 205.0954ms[0m
[0m[[0m[0mdebug[0m] [0m[0m      Load.apply: structureIndex took 70.153607ms[0m
[0m[[0m[0mdebug[0m] [0m[0m      Load.apply: mkStreams took 0.00442ms[0m
[0m[[0m[0minfo[0m] [0m[0mloading project definition from /Users/MartinOwono/Desktop/SOSE25/BA/BA_Projekt/project[0m
[0m[[0m[0mdebug[0m] [0m[0mRunning task... Cancel: Signal, check cycles: false, forcegc: true[0m
[0m[[0m[0mdebug[0m] [0m[0m    Load.loadUnit: plugins took 2759.960292ms[0m
[0m[[0m[0mdebug[0m] [0m[0m    Load.loadUnit: defsScala took 0.009495ms[0m
[0m[[0m[0mdebug[0m] [0m[0m[Loading] Scanning directory /Users/MartinOwono/Desktop/SOSE25/BA/BA_Projekt[0m
[0m[[0m[0mdebug[0m] [0m[0m      Load.loadUnit: mkEval took 0.29072ms[0m
[0m[[0m[0mdebug[0m] [0m[0m[Loading] Found non-root projects jcg_annotations,jcg_data_format,jcg_testcases,jcg_annotation_matcher,jcg_wala_testadapter,jcg_soot_testadapter,jcg_opal_testadapter,jcg_doop_testadapter,jcg_js_callgraph_testadapter,jcg_jelly_testadapter,jcg_tajs_testadapter,jcg_code2flow_js_testadapter,jcg_code2flow_py_testadapter,jcg_pycg_testadapter,jcg_pyan_testadapter,jcg_jarvis_testadapter,jcg_dynamic_testadapter,jcg_testadapter_commons,jcg_callgraphs_testadapter,jcg_evaluation[0m
[0m[[0m[0mdebug[0m] [0m[0m[Loading] Loading project jcg_annotations @ /Users/MartinOwono/Desktop/SOSE25/BA/BA_Projekt/jcg_annotations[0m
[0m[[0m[0mdebug[0m] [0m[0mdeducing auto plugins based on known facts Set(Atom(sbt.plugins.CorePlugin)) and clauses Clauses(Clause(Atom(sbt.plugins.JvmPlugin),Set(Atom(sbt.plugins.IvyPlugin)))[0m
[0m[[0m[0mdebug[0m] [0m[0mClause(Atom(sbt.ScriptedPlugin),Set(Atom(sbt.plugins.JvmPlugin)))[0m
[0m[[0m[0mdebug[0m] [0m[0mClause(Atom(sbt.plugins.SbtPlugin),Set(Atom(sbt.ScriptedPlugin)))[0m
[0m[[0m[0mdebug[0m] [0m[0mClause(Atom(sbt.plugins.SemanticdbPlugin),Set(Atom(sbt.plugins.JvmPlugin)))[0m
[0m[[0m[0mdebug[0m] [0m[0mClause(Atom(sbt.plugins.JUnitXmlReportPlugin),Set(Atom(sbt.plugins.JvmPlugin)))[0m
[0m[[0m[0mdebug[0m] [0m[0mClause(Atom(sbt.plugins.MiniDependencyTreePlugin),Set(Atom(sbt.plugins.JvmPlugin)))[0m
[0m[[0m[0mdebug[0m] [0m[0mClause(Atom(sbtassembly.AssemblyPlugin),Set(Atom(sbt.plugins.JvmPlugin)))[0m
[0m[[0m[0mdebug[0m] [0m[0mClause(Atom(com.typesafe.sbt.SbtPgp),Set(Atom(sbt.plugins.IvyPlugin)))[0m
[0m[[0m[0mdebug[0m] [0m[0mClause(Atom(sbtdirtymoney.DirtyMoneyPlugin),Set(Atom(sbt.plugins.IvyPlugin)))[0m
[0m[[0m[0mdebug[0m] [0m[0mClause(Atom(xerial.sbt.Sonatype),Set(Atom(sbt.plugins.JvmPlugin)))[0m
[0m[[0m[0mdebug[0m] [0m[0mClause(Atom(org.jetbrains.sbt.StructurePlugin),Set(Atom(sbt.plugins.JvmPlugin)))[0m
[0m[[0m[0mdebug[0m] [0m[0mClause(Atom(org.jetbrains.sbt.IdeaShellPlugin),Set(Atom(sbt.plugins.JvmPlugin)))[0m
[0m[[0m[0mdebug[0m] [0m[0mClause(Atom(org.jetbrains.sbt.indices.SbtIntellijIndicesPlugin),Set(Atom(sbt.plugins.JvmPlugin)))[0m
[0m[[0m[0mdebug[0m] [0m[0mClause(Atom(sbt.plugins.CorePlugin),Set(Atom(sbt.plugins.IvyPlugin)))[0m
[0m[[0m[0mdebug[0m] [0m[0mClause(Atom(sbt.plugins.IvyPlugin),Set(Atom(sbt.plugins.JvmPlugin)))[0m
[0m[[0m[0mdebug[0m] [0m[0mClause(Atom(sbt.plugins.JvmPlugin),Set(Atom(sbt.plugins.SemanticdbPlugin)))[0m
[0m[[0m[0mdebug[0m] [0m[0mClause(Atom(sbt.plugins.JvmPlugin),Set(Atom(sbt.plugins.JUnitXmlReportPlugin)))[0m
[0m[[0m[0mdebug[0m] [0m[0mClause(Atom(sbt.plugins.CorePlugin),Set(Atom(sbt.plugins.Giter8TemplatePlugin)))[0m
[0m[[0m[0mdebug[0m] [0m[0mClause(Atom(sbt.plugins.JvmPlugin),Set(Atom(sbt.plugins.MiniDependencyTreePlugin)))[0m
[0m[[0m[0mdebug[0m] [0m[0mClause(Atom(sbt.plugins.JvmPlugin),Set(Atom(sbtassembly.AssemblyPlugin)))[0m
[0m[[0m[0mdebug[0m] [0m[0mClause(Atom(sbt.plugins.IvyPlugin),Set(Atom(com.typesafe.sbt.SbtPgp)))[0m
[0m[[0m[0mdebug[0m] [0m[0mClause(Atom(sbt.plugins.IvyPlugin),Set(Atom(sbtdirtymoney.DirtyMoneyPlugin)))[0m
[0m[[0m[0mdebug[0m] [0m[0mClause(Atom(sbt.plugins.JvmPlugin),Set(Atom(xerial.sbt.Sonatype)))[0m
[0m[[0m[0mdebug[0m] [0m[0mClause(Atom(sbt.plugins.JvmPlugin),Set(Atom(org.jetbrains.sbt.StructurePlugin)))[0m
[0m[[0m[0mdebug[0m] [0m[0mClause(Atom(sbt.plugins.JvmPlugin),Set(Atom(org.jetbrains.sbt.IdeaShellPlugin)))[0m
[0m[[0m[0mdebug[0m] [0m[0mClause(And(Set(Atom(sbt.plugins.CorePlugin), Atom(sbt.plugins.JvmPlugin))),Set(Atom(org.jetbrains.sbt.indices.SbtIntellijIndicesPlugin))))[0m
[0m[[0m[0mdebug[0m] [0m[0m  :: deduced result: Matched(sbt.plugins.CorePlugin,sbt.plugins.Giter8TemplatePlugin,sbt.plugins.IvyPlugin,sbtdirtymoney.DirtyMoneyPlugin,com.typesafe.sbt.SbtPgp,sbt.plugins.JvmPlugin,sbt.plugins.SemanticdbPlugin,org.jetbrains.sbt.indices.SbtIntellijIndicesPlugin,sbt.plugins.JUnitXmlReportPlugin,sbtassembly.AssemblyPlugin,xerial.sbt.Sonatype,org.jetbrains.sbt.IdeaShellPlugin,org.jetbrains.sbt.StructurePlugin,sbt.plugins.MiniDependencyTreePlugin)[0m
[0m[[0m[0mdebug[0m] [0m[0mPlugins.deducer#function took 5.633184 ms[0m
[0m[[0m[0minfo[0m] [0m[0mloading settings for project jcg_annotations from build.sbt ...[0m
[0m[[0m[0mdebug[0m] [0m[0m      Load.resolveProject(jcg_annotations) took 66.333419ms[0m
[0m[[0m[0mdebug[0m] [0m[0m[Loading] Loading project jcg_data_format @ /Users/MartinOwono/Desktop/SOSE25/BA/BA_Projekt/jcg_data_format[0m
[0m[[0m[0mdebug[0m] [0m[0mdeducing auto plugins based on known facts Set(Atom(sbt.plugins.CorePlugin)) and clauses Clauses(Clause(Atom(sbt.plugins.JvmPlugin),Set(Atom(sbt.plugins.IvyPlugin)))[0m
[0m[[0m[0mdebug[0m] [0m[0mClause(Atom(sbt.ScriptedPlugin),Set(Atom(sbt.plugins.JvmPlugin)))[0m
[0m[[0m[0mdebug[0m] [0m[0mClause(Atom(sbt.plugins.SbtPlugin),Set(Atom(sbt.ScriptedPlugin)))[0m
[0m[[0m[0mdebug[0m] [0m[0mClause(Atom(sbt.plugins.SemanticdbPlugin),Set(Atom(sbt.plugins.JvmPlugin)))[0m
[0m[[0m[0mdebug[0m] [0m[0mClause(Atom(sbt.plugins.JUnitXmlReportPlugin),Set(Atom(sbt.plugins.JvmPlugin)))[0m
[0m[[0m[0mdebug[0m] [0m[0mClause(Atom(sbt.plugins.MiniDependencyTreePlugin),Set(Atom(sbt.plugins.JvmPlugin)))[0m
[0m[[0m[0mdebug[0m] [0m[0mClause(Atom(sbtassembly.AssemblyPlugin),Set(Atom(sbt.plugins.JvmPlugin)))[0m
[0m[[0m[0mdebug[0m] [0m[0mClause(Atom(com.typesafe.sbt.SbtPgp),Set(Atom(sbt.plugins.IvyPlugin)))[0m
[0m[[0m[0mdebug[0m] [0m[0mClause(Atom(sbtdirtymoney.DirtyMoneyPlugin),Set(Atom(sbt.plugins.IvyPlugin)))[0m
[0m[[0m[0mdebug[0m] [0m[0mClause(Atom(xerial.sbt.Sonatype),Set(Atom(sbt.plugins.JvmPlugin)))[0m
[0m[[0m[0mdebug[0m] [0m[0mClause(Atom(org.jetbrains.sbt.StructurePlugin),Set(Atom(sbt.plugins.JvmPlugin)))[0m
[0m[[0m[0mdebug[0m] [0m[0mClause(Atom(org.jetbrains.sbt.IdeaShellPlugin),Set(Atom(sbt.plugins.JvmPlugin)))[0m
[0m[[0m[0mdebug[0m] [0m[0mClause(Atom(org.jetbrains.sbt.indices.SbtIntellijIndicesPlugin),Set(Atom(sbt.plugins.JvmPlugin)))[0m
[0m[[0m[0mdebug[0m] [0m[0mClause(Atom(sbt.plugins.CorePlugin),Set(Atom(sbt.plugins.IvyPlugin)))[0m
[0m[[0m[0mdebug[0m] [0m[0mClause(Atom(sbt.plugins.IvyPlugin),Set(Atom(sbt.plugins.JvmPlugin)))[0m
[0m[[0m[0mdebug[0m] [0m[0mClause(Atom(sbt.plugins.JvmPlugin),Set(Atom(sbt.plugins.SemanticdbPlugin)))[0m
[0m[[0m[0mdebug[0m] [0m[0mClause(Atom(sbt.plugins.JvmPlugin),Set(Atom(sbt.plugins.JUnitXmlReportPlugin)))[0m
[0m[[0m[0mdebug[0m] [0m[0mClause(Atom(sbt.plugins.CorePlugin),Set(Atom(sbt.plugins.Giter8TemplatePlugin)))[0m
[0m[[0m[0mdebug[0m] [0m[0mClause(Atom(sbt.plugins.JvmPlugin),Set(Atom(sbt.plugins.MiniDependencyTreePlugin)))[0m
[0m[[0m[0mdebug[0m] [0m[0mClause(Atom(sbt.plugins.JvmPlugin),Set(Atom(sbtassembly.AssemblyPlugin)))[0m
[0m[[0m[0mdebug[0m] [0m[0mClause(Atom(sbt.plugins.IvyPlugin),Set(Atom(com.typesafe.sbt.SbtPgp)))[0m
[0m[[0m[0mdebug[0m] [0m[0mClause(Atom(sbt.plugins.IvyPlugin),Set(Atom(sbtdirtymoney.DirtyMoneyPlugin)))[0m
[0m[[0m[0mdebug[0m] [0m[0mClause(Atom(sbt.plugins.JvmPlugin),Set(Atom(xerial.sbt.Sonatype)))[0m
[0m[[0m[0mdebug[0m] [0m[0mClause(Atom(sbt.plugins.JvmPlugin),Set(Atom(org.jetbrains.sbt.StructurePlugin)))[0m
[0m[[0m[0mdebug[0m] [0m[0mClause(Atom(sbt.plugins.JvmPlugin),Set(Atom(org.jetbrains.sbt.IdeaShellPlugin)))[0m
[0m[[0m[0mdebug[0m] [0m[0mClause(And(Set(Atom(sbt.plugins.CorePlugin), Atom(sbt.plugins.JvmPlugin))),Set(Atom(org.jetbrains.sbt.indices.SbtIntellijIndicesPlugin))))[0m
[0m[[0m[0mdebug[0m] [0m[0m  :: deduced result: Matched(sbt.plugins.CorePlugin,sbt.plugins.Giter8TemplatePlugin,sbt.plugins.IvyPlugin,sbtdirtymoney.DirtyMoneyPlugin,com.typesafe.sbt.SbtPgp,sbt.plugins.JvmPlugin,sbt.plugins.SemanticdbPlugin,org.jetbrains.sbt.indices.SbtIntellijIndicesPlugin,sbt.plugins.JUnitXmlReportPlugin,sbtassembly.AssemblyPlugin,xerial.sbt.Sonatype,org.jetbrains.sbt.IdeaShellPlugin,org.jetbrains.sbt.StructurePlugin,sbt.plugins.MiniDependencyTreePlugin)[0m
[0m[[0m[0mdebug[0m] [0m[0mPlugins.deducer#function took 5.451771 ms[0m
[0m[[0m[0mdebug[0m] [0m[0m      Load.resolveProject(jcg_data_format) took 2.340304ms[0m
[0m[[0m[0mdebug[0m] [0m[0m[Loading] Loading project jcg_testcases @ /Users/MartinOwono/Desktop/SOSE25/BA/BA_Projekt/jcg_testcases[0m
[0m[[0m[0mdebug[0m] [0m[0mdeducing auto plugins based on known facts Set(Atom(sbt.plugins.CorePlugin)) and clauses Clauses(Clause(Atom(sbt.plugins.JvmPlugin),Set(Atom(sbt.plugins.IvyPlugin)))[0m
[0m[[0m[0mdebug[0m] [0m[0mClause(Atom(sbt.ScriptedPlugin),Set(Atom(sbt.plugins.JvmPlugin)))[0m
[0m[[0m[0mdebug[0m] [0m[0mClause(Atom(sbt.plugins.SbtPlugin),Set(Atom(sbt.ScriptedPlugin)))[0m
[0m[[0m[0mdebug[0m] [0m[0mClause(Atom(sbt.plugins.SemanticdbPlugin),Set(Atom(sbt.plugins.JvmPlugin)))[0m
[0m[[0m[0mdebug[0m] [0m[0mClause(Atom(sbt.plugins.JUnitXmlReportPlugin),Set(Atom(sbt.plugins.JvmPlugin)))[0m
[0m[[0m[0mdebug[0m] [0m[0mClause(Atom(sbt.plugins.MiniDependencyTreePlugin),Set(Atom(sbt.plugins.JvmPlugin)))[0m
[0m[[0m[0mdebug[0m] [0m[0mClause(Atom(sbtassembly.AssemblyPlugin),Set(Atom(sbt.plugins.JvmPlugin)))[0m
[0m[[0m[0mdebug[0m] [0m[0mClause(Atom(com.typesafe.sbt.SbtPgp),Set(Atom(sbt.plugins.IvyPlugin)))[0m
[0m[[0m[0mdebug[0m] [0m[0mClause(Atom(sbtdirtymoney.DirtyMoneyPlugin),Set(Atom(sbt.plugins.IvyPlugin)))[0m
[0m[[0m[0mdebug[0m] [0m[0mClause(Atom(xerial.sbt.Sonatype),Set(Atom(sbt.plugins.JvmPlugin)))[0m
[0m[[0m[0mdebug[0m] [0m[0mClause(Atom(org.jetbrains.sbt.StructurePlugin),Set(Atom(sbt.plugins.JvmPlugin)))[0m
[0m[[0m[0mdebug[0m] [0m[0mClause(Atom(org.jetbrains.sbt.IdeaShellPlugin),Set(Atom(sbt.plugins.JvmPlugin)))[0m
[0m[[0m[0mdebug[0m] [0m[0mClause(Atom(org.jetbrains.sbt.indices.SbtIntellijIndicesPlugin),Set(Atom(sbt.plugins.JvmPlugin)))[0m
[0m[[0m[0mdebug[0m] [0m[0mClause(Atom(sbt.plugins.CorePlugin),Set(Atom(sbt.plugins.IvyPlugin)))[0m
[0m[[0m[0mdebug[0m] [0m[0mClause(Atom(sbt.plugins.IvyPlugin),Set(Atom(sbt.plugins.JvmPlugin)))[0m
[0m[[0m[0mdebug[0m] [0m[0mClause(Atom(sbt.plugins.JvmPlugin),Set(Atom(sbt.plugins.SemanticdbPlugin)))[0m
[0m[[0m[0mdebug[0m] [0m[0mClause(Atom(sbt.plugins.JvmPlugin),Set(Atom(sbt.plugins.JUnitXmlReportPlugin)))[0m
[0m[[0m[0mdebug[0m] [0m[0mClause(Atom(sbt.plugins.CorePlugin),Set(Atom(sbt.plugins.Giter8TemplatePlugin)))[0m
[0m[[0m[0mdebug[0m] [0m[0mClause(Atom(sbt.plugins.JvmPlugin),Set(Atom(sbt.plugins.MiniDependencyTreePlugin)))[0m
[0m[[0m[0mdebug[0m] [0m[0mClause(Atom(sbt.plugins.JvmPlugin),Set(Atom(sbtassembly.AssemblyPlugin)))[0m
[0m[[0m[0mdebug[0m] [0m[0mClause(Atom(sbt.plugins.IvyPlugin),Set(Atom(com.typesafe.sbt.SbtPgp)))[0m
[0m[[0m[0mdebug[0m] [0m[0mClause(Atom(sbt.plugins.IvyPlugin),Set(Atom(sbtdirtymoney.DirtyMoneyPlugin)))[0m
[0m[[0m[0mdebug[0m] [0m[0mClause(Atom(sbt.plugins.JvmPlugin),Set(Atom(xerial.sbt.Sonatype)))[0m
[0m[[0m[0mdebug[0m] [0m[0mClause(Atom(sbt.plugins.JvmPlugin),Set(Atom(org.jetbrains.sbt.StructurePlugin)))[0m
[0m[[0m[0mdebug[0m] [0m[0mClause(Atom(sbt.plugins.JvmPlugin),Set(Atom(org.jetbrains.sbt.IdeaShellPlugin)))[0m
[0m[[0m[0mdebug[0m] [0m[0mClause(And(Set(Atom(sbt.plugins.CorePlugin), Atom(sbt.plugins.JvmPlugin))),Set(Atom(org.jetbrains.sbt.indices.SbtIntellijIndicesPlugin))))[0m
[0m[[0m[0mdebug[0m] [0m[0m  :: deduced result: Matched(sbt.plugins.CorePlugin,sbt.plugins.Giter8TemplatePlugin,sbt.plugins.IvyPlugin,sbtdirtymoney.DirtyMoneyPlugin,com.typesafe.sbt.SbtPgp,sbt.plugins.JvmPlugin,sbt.plugins.SemanticdbPlugin,org.jetbrains.sbt.indices.SbtIntellijIndicesPlugin,sbt.plugins.JUnitXmlReportPlugin,sbtassembly.AssemblyPlugin,xerial.sbt.Sonatype,org.jetbrains.sbt.IdeaShellPlugin,org.jetbrains.sbt.StructurePlugin,sbt.plugins.MiniDependencyTreePlugin)[0m
[0m[[0m[0mdebug[0m] [0m[0mPlugins.deducer#function took 4.586556 ms[0m
[0m[[0m[0minfo[0m] [0m[0mloading settings for project jcg_testcases from build.sbt ...[0m
[0m[[0m[0mdebug[0m] [0m[0m      Load.resolveProject(jcg_testcases) took 3.01195ms[0m
[0m[[0m[0mdebug[0m] [0m[0m[Loading] Loading project jcg_annotation_matcher @ /Users/MartinOwono/Desktop/SOSE25/BA/BA_Projekt/jcg_annotation_matcher[0m
[0m[[0m[0mdebug[0m] [0m[0mdeducing auto plugins based on known facts Set(Atom(sbt.plugins.CorePlugin)) and clauses Clauses(Clause(Atom(sbt.plugins.JvmPlugin),Set(Atom(sbt.plugins.IvyPlugin)))[0m
[0m[[0m[0mdebug[0m] [0m[0mClause(Atom(sbt.ScriptedPlugin),Set(Atom(sbt.plugins.JvmPlugin)))[0m
[0m[[0m[0mdebug[0m] [0m[0mClause(Atom(sbt.plugins.SbtPlugin),Set(Atom(sbt.ScriptedPlugin)))[0m
[0m[[0m[0mdebug[0m] [0m[0mClause(Atom(sbt.plugins.SemanticdbPlugin),Set(Atom(sbt.plugins.JvmPlugin)))[0m
[0m[[0m[0mdebug[0m] [0m[0mClause(Atom(sbt.plugins.JUnitXmlReportPlugin),Set(Atom(sbt.plugins.JvmPlugin)))[0m
[0m[[0m[0mdebug[0m] [0m[0mClause(Atom(sbt.plugins.MiniDependencyTreePlugin),Set(Atom(sbt.plugins.JvmPlugin)))[0m
[0m[[0m[0mdebug[0m] [0m[0mClause(Atom(sbtassembly.AssemblyPlugin),Set(Atom(sbt.plugins.JvmPlugin)))[0m
[0m[[0m[0mdebug[0m] [0m[0mClause(Atom(com.typesafe.sbt.SbtPgp),Set(Atom(sbt.plugins.IvyPlugin)))[0m
[0m[[0m[0mdebug[0m] [0m[0mClause(Atom(sbtdirtymoney.DirtyMoneyPlugin),Set(Atom(sbt.plugins.IvyPlugin)))[0m
[0m[[0m[0mdebug[0m] [0m[0mClause(Atom(xerial.sbt.Sonatype),Set(Atom(sbt.plugins.JvmPlugin)))[0m
[0m[[0m[0mdebug[0m] [0m[0mClause(Atom(org.jetbrains.sbt.StructurePlugin),Set(Atom(sbt.plugins.JvmPlugin)))[0m
[0m[[0m[0mdebug[0m] [0m[0mClause(Atom(org.jetbrains.sbt.IdeaShellPlugin),Set(Atom(sbt.plugins.JvmPlugin)))[0m
[0m[[0m[0mdebug[0m] [0m[0mClause(Atom(org.jetbrains.sbt.indices.SbtIntellijIndicesPlugin),Set(Atom(sbt.plugins.JvmPlugin)))[0m
[0m[[0m[0mdebug[0m] [0m[0mClause(Atom(sbt.plugins.CorePlugin),Set(Atom(sbt.plugins.IvyPlugin)))[0m
[0m[[0m[0mdebug[0m] [0m[0mClause(Atom(sbt.plugins.IvyPlugin),Set(Atom(sbt.plugins.JvmPlugin)))[0m
[0m[[0m[0mdebug[0m] [0m[0mClause(Atom(sbt.plugins.JvmPlugin),Set(Atom(sbt.plugins.SemanticdbPlugin)))[0m
[0m[[0m[0mdebug[0m] [0m[0mClause(Atom(sbt.plugins.JvmPlugin),Set(Atom(sbt.plugins.JUnitXmlReportPlugin)))[0m
[0m[[0m[0mdebug[0m] [0m[0mClause(Atom(sbt.plugins.CorePlugin),Set(Atom(sbt.plugins.Giter8TemplatePlugin)))[0m
[0m[[0m[0mdebug[0m] [0m[0mClause(Atom(sbt.plugins.JvmPlugin),Set(Atom(sbt.plugins.MiniDependencyTreePlugin)))[0m
[0m[[0m[0mdebug[0m] [0m[0mClause(Atom(sbt.plugins.JvmPlugin),Set(Atom(sbtassembly.AssemblyPlugin)))[0m
[0m[[0m[0mdebug[0m] [0m[0mClause(Atom(sbt.plugins.IvyPlugin),Set(Atom(com.typesafe.sbt.SbtPgp)))[0m
[0m[[0m[0mdebug[0m] [0m[0mClause(Atom(sbt.plugins.IvyPlugin),Set(Atom(sbtdirtymoney.DirtyMoneyPlugin)))[0m
[0m[[0m[0mdebug[0m] [0m[0mClause(Atom(sbt.plugins.JvmPlugin),Set(Atom(xerial.sbt.Sonatype)))[0m
[0m[[0m[0mdebug[0m] [0m[0mClause(Atom(sbt.plugins.JvmPlugin),Set(Atom(org.jetbrains.sbt.StructurePlugin)))[0m
[0m[[0m[0mdebug[0m] [0m[0mClause(Atom(sbt.plugins.JvmPlugin),Set(Atom(org.jetbrains.sbt.IdeaShellPlugin)))[0m
[0m[[0m[0mdebug[0m] [0m[0mClause(And(Set(Atom(sbt.plugins.CorePlugin), Atom(sbt.plugins.JvmPlugin))),Set(Atom(org.jetbrains.sbt.indices.SbtIntellijIndicesPlugin))))[0m
[0m[[0m[0mdebug[0m] [0m[0m  :: deduced result: Matched(sbt.plugins.CorePlugin,sbt.plugins.Giter8TemplatePlugin,sbt.plugins.IvyPlugin,sbtdirtymoney.DirtyMoneyPlugin,com.typesafe.sbt.SbtPgp,sbt.plugins.JvmPlugin,sbt.plugins.SemanticdbPlugin,org.jetbrains.sbt.indices.SbtIntellijIndicesPlugin,sbt.plugins.JUnitXmlReportPlugin,sbtassembly.AssemblyPlugin,xerial.sbt.Sonatype,org.jetbrains.sbt.IdeaShellPlugin,org.jetbrains.sbt.StructurePlugin,sbt.plugins.MiniDependencyTreePlugin)[0m
[0m[[0m[0mdebug[0m] [0m[0mPlugins.deducer#function took 6.077259 ms[0m
[0m[[0m[0minfo[0m] [0m[0mloading settings for project jcg_annotation_matcher from build.sbt ...[0m
[0m[[0m[0mdebug[0m] [0m[0m      Load.resolveProject(jcg_annotation_matcher) took 5.487062ms[0m
[0m[[0m[0mdebug[0m] [0m[0m[Loading] Loading project jcg_wala_testadapter @ /Users/MartinOwono/Desktop/SOSE25/BA/BA_Projekt/jcg_wala_testadapter[0m
[0m[[0m[0mdebug[0m] [0m[0mdeducing auto plugins based on known facts Set(Atom(sbt.plugins.CorePlugin)) and clauses Clauses(Clause(Atom(sbt.plugins.JvmPlugin),Set(Atom(sbt.plugins.IvyPlugin)))[0m
[0m[[0m[0mdebug[0m] [0m[0mClause(Atom(sbt.ScriptedPlugin),Set(Atom(sbt.plugins.JvmPlugin)))[0m
[0m[[0m[0mdebug[0m] [0m[0mClause(Atom(sbt.plugins.SbtPlugin),Set(Atom(sbt.ScriptedPlugin)))[0m
[0m[[0m[0mdebug[0m] [0m[0mClause(Atom(sbt.plugins.SemanticdbPlugin),Set(Atom(sbt.plugins.JvmPlugin)))[0m
[0m[[0m[0mdebug[0m] [0m[0mClause(Atom(sbt.plugins.JUnitXmlReportPlugin),Set(Atom(sbt.plugins.JvmPlugin)))[0m
[0m[[0m[0mdebug[0m] [0m[0mClause(Atom(sbt.plugins.MiniDependencyTreePlugin),Set(Atom(sbt.plugins.JvmPlugin)))[0m
[0m[[0m[0mdebug[0m] [0m[0mClause(Atom(sbtassembly.AssemblyPlugin),Set(Atom(sbt.plugins.JvmPlugin)))[0m
[0m[[0m[0mdebug[0m] [0m[0mClause(Atom(com.typesafe.sbt.SbtPgp),Set(Atom(sbt.plugins.IvyPlugin)))[0m
[0m[[0m[0mdebug[0m] [0m[0mClause(Atom(sbtdirtymoney.DirtyMoneyPlugin),Set(Atom(sbt.plugins.IvyPlugin)))[0m
[0m[[0m[0mdebug[0m] [0m[0mClause(Atom(xerial.sbt.Sonatype),Set(Atom(sbt.plugins.JvmPlugin)))[0m
[0m[[0m[0mdebug[0m] [0m[0mClause(Atom(org.jetbrains.sbt.StructurePlugin),Set(Atom(sbt.plugins.JvmPlugin)))[0m
[0m[[0m[0mdebug[0m] [0m[0mClause(Atom(org.jetbrains.sbt.IdeaShellPlugin),Set(Atom(sbt.plugins.JvmPlugin)))[0m
[0m[[0m[0mdebug[0m] [0m[0mClause(Atom(org.jetbrains.sbt.indices.SbtIntellijIndicesPlugin),Set(Atom(sbt.plugins.JvmPlugin)))[0m
[0m[[0m[0mdebug[0m] [0m[0mClause(Atom(sbt.plugins.CorePlugin),Set(Atom(sbt.plugins.IvyPlugin)))[0m
[0m[[0m[0mdebug[0m] [0m[0mClause(Atom(sbt.plugins.IvyPlugin),Set(Atom(sbt.plugins.JvmPlugin)))[0m
[0m[[0m[0mdebug[0m] [0m[0mClause(Atom(sbt.plugins.JvmPlugin),Set(Atom(sbt.plugins.SemanticdbPlugin)))[0m
[0m[[0m[0mdebug[0m] [0m[0mClause(Atom(sbt.plugins.JvmPlugin),Set(Atom(sbt.plugins.JUnitXmlReportPlugin)))[0m
[0m[[0m[0mdebug[0m] [0m[0mClause(Atom(sbt.plugins.CorePlugin),Set(Atom(sbt.plugins.Giter8TemplatePlugin)))[0m
[0m[[0m[0mdebug[0m] [0m[0mClause(Atom(sbt.plugins.JvmPlugin),Set(Atom(sbt.plugins.MiniDependencyTreePlugin)))[0m
[0m[[0m[0mdebug[0m] [0m[0mClause(Atom(sbt.plugins.JvmPlugin),Set(Atom(sbtassembly.AssemblyPlugin)))[0m
[0m[[0m[0mdebug[0m] [0m[0mClause(Atom(sbt.plugins.IvyPlugin),Set(Atom(com.typesafe.sbt.SbtPgp)))[0m
[0m[[0m[0mdebug[0m] [0m[0mClause(Atom(sbt.plugins.IvyPlugin),Set(Atom(sbtdirtymoney.DirtyMoneyPlugin)))[0m
[0m[[0m[0mdebug[0m] [0m[0mClause(Atom(sbt.plugins.JvmPlugin),Set(Atom(xerial.sbt.Sonatype)))[0m
[0m[[0m[0mdebug[0m] [0m[0mClause(Atom(sbt.plugins.JvmPlugin),Set(Atom(org.jetbrains.sbt.StructurePlugin)))[0m
[0m[[0m[0mdebug[0m] [0m[0mClause(Atom(sbt.plugins.JvmPlugin),Set(Atom(org.jetbrains.sbt.IdeaShellPlugin)))[0m
[0m[[0m[0mdebug[0m] [0m[0mClause(And(Set(Atom(sbt.plugins.CorePlugin), Atom(sbt.plugins.JvmPlugin))),Set(Atom(org.jetbrains.sbt.indices.SbtIntellijIndicesPlugin))))[0m
[0m[[0m[0mdebug[0m] [0m[0m  :: deduced result: Matched(sbt.plugins.CorePlugin,sbt.plugins.Giter8TemplatePlugin,sbt.plugins.IvyPlugin,sbtdirtymoney.DirtyMoneyPlugin,com.typesafe.sbt.SbtPgp,sbt.plugins.JvmPlugin,sbt.plugins.SemanticdbPlugin,org.jetbrains.sbt.indices.SbtIntellijIndicesPlugin,sbt.plugins.JUnitXmlReportPlugin,sbtassembly.AssemblyPlugin,xerial.sbt.Sonatype,org.jetbrains.sbt.IdeaShellPlugin,org.jetbrains.sbt.StructurePlugin,sbt.plugins.MiniDependencyTreePlugin)[0m
[0m[[0m[0mdebug[0m] [0m[0mPlugins.deducer#function took 8.513826 ms[0m
[0m[[0m[0minfo[0m] [0m[0mloading settings for project jcg_wala_testadapter from build.sbt ...[0m
[0m[[0m[0mdebug[0m] [0m[0m      Load.resolveProject(jcg_wala_testadapter) took 4.456939ms[0m
[0m[[0m[0mdebug[0m] [0m[0m[Loading] Loading project jcg_soot_testadapter @ /Users/MartinOwono/Desktop/SOSE25/BA/BA_Projekt/jcg_soot_testadapter[0m
[0m[[0m[0mdebug[0m] [0m[0mdeducing auto plugins based on known facts Set(Atom(sbt.plugins.CorePlugin)) and clauses Clauses(Clause(Atom(sbt.plugins.JvmPlugin),Set(Atom(sbt.plugins.IvyPlugin)))[0m
[0m[[0m[0mdebug[0m] [0m[0mClause(Atom(sbt.ScriptedPlugin),Set(Atom(sbt.plugins.JvmPlugin)))[0m
[0m[[0m[0mdebug[0m] [0m[0mClause(Atom(sbt.plugins.SbtPlugin),Set(Atom(sbt.ScriptedPlugin)))[0m
[0m[[0m[0mdebug[0m] [0m[0mClause(Atom(sbt.plugins.SemanticdbPlugin),Set(Atom(sbt.plugins.JvmPlugin)))[0m
[0m[[0m[0mdebug[0m] [0m[0mClause(Atom(sbt.plugins.JUnitXmlReportPlugin),Set(Atom(sbt.plugins.JvmPlugin)))[0m
[0m[[0m[0mdebug[0m] [0m[0mClause(Atom(sbt.plugins.MiniDependencyTreePlugin),Set(Atom(sbt.plugins.JvmPlugin)))[0m
[0m[[0m[0mdebug[0m] [0m[0mClause(Atom(sbtassembly.AssemblyPlugin),Set(Atom(sbt.plugins.JvmPlugin)))[0m
[0m[[0m[0mdebug[0m] [0m[0mClause(Atom(com.typesafe.sbt.SbtPgp),Set(Atom(sbt.plugins.IvyPlugin)))[0m
[0m[[0m[0mdebug[0m] [0m[0mClause(Atom(sbtdirtymoney.DirtyMoneyPlugin),Set(Atom(sbt.plugins.IvyPlugin)))[0m
[0m[[0m[0mdebug[0m] [0m[0mClause(Atom(xerial.sbt.Sonatype),Set(Atom(sbt.plugins.JvmPlugin)))[0m
[0m[[0m[0mdebug[0m] [0m[0mClause(Atom(org.jetbrains.sbt.StructurePlugin),Set(Atom(sbt.plugins.JvmPlugin)))[0m
[0m[[0m[0mdebug[0m] [0m[0mClause(Atom(org.jetbrains.sbt.IdeaShellPlugin),Set(Atom(sbt.plugins.JvmPlugin)))[0m
[0m[[0m[0mdebug[0m] [0m[0mClause(Atom(org.jetbrains.sbt.indices.SbtIntellijIndicesPlugin),Set(Atom(sbt.plugins.JvmPlugin)))[0m
[0m[[0m[0mdebug[0m] [0m[0mClause(Atom(sbt.plugins.CorePlugin),Set(Atom(sbt.plugins.IvyPlugin)))[0m
[0m[[0m[0mdebug[0m] [0m[0mClause(Atom(sbt.plugins.IvyPlugin),Set(Atom(sbt.plugins.JvmPlugin)))[0m
[0m[[0m[0mdebug[0m] [0m[0mClause(Atom(sbt.plugins.JvmPlugin),Set(Atom(sbt.plugins.SemanticdbPlugin)))[0m
[0m[[0m[0mdebug[0m] [0m[0mClause(Atom(sbt.plugins.JvmPlugin),Set(Atom(sbt.plugins.JUnitXmlReportPlugin)))[0m
[0m[[0m[0mdebug[0m] [0m[0mClause(Atom(sbt.plugins.CorePlugin),Set(Atom(sbt.plugins.Giter8TemplatePlugin)))[0m
[0m[[0m[0mdebug[0m] [0m[0mClause(Atom(sbt.plugins.JvmPlugin),Set(Atom(sbt.plugins.MiniDependencyTreePlugin)))[0m
[0m[[0m[0mdebug[0m] [0m[0mClause(Atom(sbt.plugins.JvmPlugin),Set(Atom(sbtassembly.AssemblyPlugin)))[0m
[0m[[0m[0mdebug[0m] [0m[0mClause(Atom(sbt.plugins.IvyPlugin),Set(Atom(com.typesafe.sbt.SbtPgp)))[0m
[0m[[0m[0mdebug[0m] [0m[0mClause(Atom(sbt.plugins.IvyPlugin),Set(Atom(sbtdirtymoney.DirtyMoneyPlugin)))[0m
[0m[[0m[0mdebug[0m] [0m[0mClause(Atom(sbt.plugins.JvmPlugin),Set(Atom(xerial.sbt.Sonatype)))[0m
[0m[[0m[0mdebug[0m] [0m[0mClause(Atom(sbt.plugins.JvmPlugin),Set(Atom(org.jetbrains.sbt.StructurePlugin)))[0m
[0m[[0m[0mdebug[0m] [0m[0mClause(Atom(sbt.plugins.JvmPlugin),Set(Atom(org.jetbrains.sbt.IdeaShellPlugin)))[0m
[0m[[0m[0mdebug[0m] [0m[0mClause(And(Set(Atom(sbt.plugins.CorePlugin), Atom(sbt.plugins.JvmPlugin))),Set(Atom(org.jetbrains.sbt.indices.SbtIntellijIndicesPlugin))))[0m
[0m[[0m[0mdebug[0m] [0m[0m  :: deduced result: Matched(sbt.plugins.CorePlugin,sbt.plugins.Giter8TemplatePlugin,sbt.plugins.IvyPlugin,sbtdirtymoney.DirtyMoneyPlugin,com.typesafe.sbt.SbtPgp,sbt.plugins.JvmPlugin,sbt.plugins.SemanticdbPlugin,org.jetbrains.sbt.indices.SbtIntellijIndicesPlugin,sbt.plugins.JUnitXmlReportPlugin,sbtassembly.AssemblyPlugin,xerial.sbt.Sonatype,org.jetbrains.sbt.IdeaShellPlugin,org.jetbrains.sbt.StructurePlugin,sbt.plugins.MiniDependencyTreePlugin)[0m
[0m[[0m[0mdebug[0m] [0m[0mPlugins.deducer#function took 4.954363 ms[0m
[0m[[0m[0minfo[0m] [0m[0mloading settings for project jcg_soot_testadapter from build.sbt ...[0m
[0m[[0m[0mdebug[0m] [0m[0m      Load.resolveProject(jcg_soot_testadapter) took 2.956978ms[0m
[0m[[0m[0mdebug[0m] [0m[0m[Loading] Loading project jcg_opal_testadapter @ /Users/MartinOwono/Desktop/SOSE25/BA/BA_Projekt/jcg_opal_testadapter[0m
[0m[[0m[0mdebug[0m] [0m[0mdeducing auto plugins based on known facts Set(Atom(sbt.plugins.CorePlugin)) and clauses Clauses(Clause(Atom(sbt.plugins.JvmPlugin),Set(Atom(sbt.plugins.IvyPlugin)))[0m
[0m[[0m[0mdebug[0m] [0m[0mClause(Atom(sbt.ScriptedPlugin),Set(Atom(sbt.plugins.JvmPlugin)))[0m
[0m[[0m[0mdebug[0m] [0m[0mClause(Atom(sbt.plugins.SbtPlugin),Set(Atom(sbt.ScriptedPlugin)))[0m
[0m[[0m[0mdebug[0m] [0m[0mClause(Atom(sbt.plugins.SemanticdbPlugin),Set(Atom(sbt.plugins.JvmPlugin)))[0m
[0m[[0m[0mdebug[0m] [0m[0mClause(Atom(sbt.plugins.JUnitXmlReportPlugin),Set(Atom(sbt.plugins.JvmPlugin)))[0m
[0m[[0m[0mdebug[0m] [0m[0mClause(Atom(sbt.plugins.MiniDependencyTreePlugin),Set(Atom(sbt.plugins.JvmPlugin)))[0m
[0m[[0m[0mdebug[0m] [0m[0mClause(Atom(sbtassembly.AssemblyPlugin),Set(Atom(sbt.plugins.JvmPlugin)))[0m
[0m[[0m[0mdebug[0m] [0m[0mClause(Atom(com.typesafe.sbt.SbtPgp),Set(Atom(sbt.plugins.IvyPlugin)))[0m
[0m[[0m[0mdebug[0m] [0m[0mClause(Atom(sbtdirtymoney.DirtyMoneyPlugin),Set(Atom(sbt.plugins.IvyPlugin)))[0m
[0m[[0m[0mdebug[0m] [0m[0mClause(Atom(xerial.sbt.Sonatype),Set(Atom(sbt.plugins.JvmPlugin)))[0m
[0m[[0m[0mdebug[0m] [0m[0mClause(Atom(org.jetbrains.sbt.StructurePlugin),Set(Atom(sbt.plugins.JvmPlugin)))[0m
[0m[[0m[0mdebug[0m] [0m[0mClause(Atom(org.jetbrains.sbt.IdeaShellPlugin),Set(Atom(sbt.plugins.JvmPlugin)))[0m
[0m[[0m[0mdebug[0m] [0m[0mClause(Atom(org.jetbrains.sbt.indices.SbtIntellijIndicesPlugin),Set(Atom(sbt.plugins.JvmPlugin)))[0m
[0m[[0m[0mdebug[0m] [0m[0mClause(Atom(sbt.plugins.CorePlugin),Set(Atom(sbt.plugins.IvyPlugin)))[0m
[0m[[0m[0mdebug[0m] [0m[0mClause(Atom(sbt.plugins.IvyPlugin),Set(Atom(sbt.plugins.JvmPlugin)))[0m
[0m[[0m[0mdebug[0m] [0m[0mClause(Atom(sbt.plugins.JvmPlugin),Set(Atom(sbt.plugins.SemanticdbPlugin)))[0m
[0m[[0m[0mdebug[0m] [0m[0mClause(Atom(sbt.plugins.JvmPlugin),Set(Atom(sbt.plugins.JUnitXmlReportPlugin)))[0m
[0m[[0m[0mdebug[0m] [0m[0mClause(Atom(sbt.plugins.CorePlugin),Set(Atom(sbt.plugins.Giter8TemplatePlugin)))[0m
[0m[[0m[0mdebug[0m] [0m[0mClause(Atom(sbt.plugins.JvmPlugin),Set(Atom(sbt.plugins.MiniDependencyTreePlugin)))[0m
[0m[[0m[0mdebug[0m] [0m[0mClause(Atom(sbt.plugins.JvmPlugin),Set(Atom(sbtassembly.AssemblyPlugin)))[0m
[0m[[0m[0mdebug[0m] [0m[0mClause(Atom(sbt.plugins.IvyPlugin),Set(Atom(com.typesafe.sbt.SbtPgp)))[0m
[0m[[0m[0mdebug[0m] [0m[0mClause(Atom(sbt.plugins.IvyPlugin),Set(Atom(sbtdirtymoney.DirtyMoneyPlugin)))[0m
[0m[[0m[0mdebug[0m] [0m[0mClause(Atom(sbt.plugins.JvmPlugin),Set(Atom(xerial.sbt.Sonatype)))[0m
[0m[[0m[0mdebug[0m] [0m[0mClause(Atom(sbt.plugins.JvmPlugin),Set(Atom(org.jetbrains.sbt.StructurePlugin)))[0m
[0m[[0m[0mdebug[0m] [0m[0mClause(Atom(sbt.plugins.JvmPlugin),Set(Atom(org.jetbrains.sbt.IdeaShellPlugin)))[0m
[0m[[0m[0mdebug[0m] [0m[0mClause(And(Set(Atom(sbt.plugins.CorePlugin), Atom(sbt.plugins.JvmPlugin))),Set(Atom(org.jetbrains.sbt.indices.SbtIntellijIndicesPlugin))))[0m
[0m[[0m[0mdebug[0m] [0m[0m  :: deduced result: Matched(sbt.plugins.CorePlugin,sbt.plugins.Giter8TemplatePlugin,sbt.plugins.IvyPlugin,sbtdirtymoney.DirtyMoneyPlugin,com.typesafe.sbt.SbtPgp,sbt.plugins.JvmPlugin,sbt.plugins.SemanticdbPlugin,org.jetbrains.sbt.indices.SbtIntellijIndicesPlugin,sbt.plugins.JUnitXmlReportPlugin,sbtassembly.AssemblyPlugin,xerial.sbt.Sonatype,org.jetbrains.sbt.IdeaShellPlugin,org.jetbrains.sbt.StructurePlugin,sbt.plugins.MiniDependencyTreePlugin)[0m
[0m[[0m[0mdebug[0m] [0m[0mPlugins.deducer#function took 4.061889 ms[0m
[0m[[0m[0minfo[0m] [0m[0mloading settings for project jcg_opal_testadapter from build.sbt ...[0m
[0m[[0m[0mdebug[0m] [0m[0m      Load.resolveProject(jcg_opal_testadapter) took 3.895989ms[0m
[0m[[0m[0mdebug[0m] [0m[0m[Loading] Loading project jcg_doop_testadapter @ /Users/MartinOwono/Desktop/SOSE25/BA/BA_Projekt/jcg_doop_testadapter[0m
[0m[[0m[0mdebug[0m] [0m[0mdeducing auto plugins based on known facts Set(Atom(sbt.plugins.CorePlugin)) and clauses Clauses(Clause(Atom(sbt.plugins.JvmPlugin),Set(Atom(sbt.plugins.IvyPlugin)))[0m
[0m[[0m[0mdebug[0m] [0m[0mClause(Atom(sbt.ScriptedPlugin),Set(Atom(sbt.plugins.JvmPlugin)))[0m
[0m[[0m[0mdebug[0m] [0m[0mClause(Atom(sbt.plugins.SbtPlugin),Set(Atom(sbt.ScriptedPlugin)))[0m
[0m[[0m[0mdebug[0m] [0m[0mClause(Atom(sbt.plugins.SemanticdbPlugin),Set(Atom(sbt.plugins.JvmPlugin)))[0m
[0m[[0m[0mdebug[0m] [0m[0mClause(Atom(sbt.plugins.JUnitXmlReportPlugin),Set(Atom(sbt.plugins.JvmPlugin)))[0m
[0m[[0m[0mdebug[0m] [0m[0mClause(Atom(sbt.plugins.MiniDependencyTreePlugin),Set(Atom(sbt.plugins.JvmPlugin)))[0m
[0m[[0m[0mdebug[0m] [0m[0mClause(Atom(sbtassembly.AssemblyPlugin),Set(Atom(sbt.plugins.JvmPlugin)))[0m
[0m[[0m[0mdebug[0m] [0m[0mClause(Atom(com.typesafe.sbt.SbtPgp),Set(Atom(sbt.plugins.IvyPlugin)))[0m
[0m[[0m[0mdebug[0m] [0m[0mClause(Atom(sbtdirtymoney.DirtyMoneyPlugin),Set(Atom(sbt.plugins.IvyPlugin)))[0m
[0m[[0m[0mdebug[0m] [0m[0mClause(Atom(xerial.sbt.Sonatype),Set(Atom(sbt.plugins.JvmPlugin)))[0m
[0m[[0m[0mdebug[0m] [0m[0mClause(Atom(org.jetbrains.sbt.StructurePlugin),Set(Atom(sbt.plugins.JvmPlugin)))[0m
[0m[[0m[0mdebug[0m] [0m[0mClause(Atom(org.jetbrains.sbt.IdeaShellPlugin),Set(Atom(sbt.plugins.JvmPlugin)))[0m
[0m[[0m[0mdebug[0m] [0m[0mClause(Atom(org.jetbrains.sbt.indices.SbtIntellijIndicesPlugin),Set(Atom(sbt.plugins.JvmPlugin)))[0m
[0m[[0m[0mdebug[0m] [0m[0mClause(Atom(sbt.plugins.CorePlugin),Set(Atom(sbt.plugins.IvyPlugin)))[0m
[0m[[0m[0mdebug[0m] [0m[0mClause(Atom(sbt.plugins.IvyPlugin),Set(Atom(sbt.plugins.JvmPlugin)))[0m
[0m[[0m[0mdebug[0m] [0m[0mClause(Atom(sbt.plugins.JvmPlugin),Set(Atom(sbt.plugins.SemanticdbPlugin)))[0m
[0m[[0m[0mdebug[0m] [0m[0mClause(Atom(sbt.plugins.JvmPlugin),Set(Atom(sbt.plugins.JUnitXmlReportPlugin)))[0m
[0m[[0m[0mdebug[0m] [0m[0mClause(Atom(sbt.plugins.CorePlugin),Set(Atom(sbt.plugins.Giter8TemplatePlugin)))[0m
[0m[[0m[0mdebug[0m] [0m[0mClause(Atom(sbt.plugins.JvmPlugin),Set(Atom(sbt.plugins.MiniDependencyTreePlugin)))[0m
[0m[[0m[0mdebug[0m] [0m[0mClause(Atom(sbt.plugins.JvmPlugin),Set(Atom(sbtassembly.AssemblyPlugin)))[0m
[0m[[0m[0mdebug[0m] [0m[0mClause(Atom(sbt.plugins.IvyPlugin),Set(Atom(com.typesafe.sbt.SbtPgp)))[0m
[0m[[0m[0mdebug[0m] [0m[0mClause(Atom(sbt.plugins.IvyPlugin),Set(Atom(sbtdirtymoney.DirtyMoneyPlugin)))[0m
[0m[[0m[0mdebug[0m] [0m[0mClause(Atom(sbt.plugins.JvmPlugin),Set(Atom(xerial.sbt.Sonatype)))[0m
[0m[[0m[0mdebug[0m] [0m[0mClause(Atom(sbt.plugins.JvmPlugin),Set(Atom(org.jetbrains.sbt.StructurePlugin)))[0m
[0m[[0m[0mdebug[0m] [0m[0mClause(Atom(sbt.plugins.JvmPlugin),Set(Atom(org.jetbrains.sbt.IdeaShellPlugin)))[0m
[0m[[0m[0mdebug[0m] [0m[0mClause(And(Set(Atom(sbt.plugins.CorePlugin), Atom(sbt.plugins.JvmPlugin))),Set(Atom(org.jetbrains.sbt.indices.SbtIntellijIndicesPlugin))))[0m
[0m[[0m[0mdebug[0m] [0m[0m  :: deduced result: Matched(sbt.plugins.CorePlugin,sbt.plugins.Giter8TemplatePlugin,sbt.plugins.IvyPlugin,sbtdirtymoney.DirtyMoneyPlugin,com.typesafe.sbt.SbtPgp,sbt.plugins.JvmPlugin,sbt.plugins.SemanticdbPlugin,org.jetbrains.sbt.indices.SbtIntellijIndicesPlugin,sbt.plugins.JUnitXmlReportPlugin,sbtassembly.AssemblyPlugin,xerial.sbt.Sonatype,org.jetbrains.sbt.IdeaShellPlugin,org.jetbrains.sbt.StructurePlugin,sbt.plugins.MiniDependencyTreePlugin)[0m
[0m[[0m[0mdebug[0m] [0m[0mPlugins.deducer#function took 3.951982 ms[0m
[0m[[0m[0minfo[0m] [0m[0mloading settings for project jcg_doop_testadapter from build.sbt ...[0m
[0m[[0m[0mdebug[0m] [0m[0m      Load.resolveProject(jcg_doop_testadapter) took 3.08646ms[0m
[0m[[0m[0mdebug[0m] [0m[0m[Loading] Loading project jcg_js_callgraph_testadapter @ /Users/MartinOwono/Desktop/SOSE25/BA/BA_Projekt/jcg_js_callgraph_testadapter[0m
[0m[[0m[0mdebug[0m] [0m[0mdeducing auto plugins based on known facts Set(Atom(sbt.plugins.CorePlugin)) and clauses Clauses(Clause(Atom(sbt.plugins.JvmPlugin),Set(Atom(sbt.plugins.IvyPlugin)))[0m
[0m[[0m[0mdebug[0m] [0m[0mClause(Atom(sbt.ScriptedPlugin),Set(Atom(sbt.plugins.JvmPlugin)))[0m
[0m[[0m[0mdebug[0m] [0m[0mClause(Atom(sbt.plugins.SbtPlugin),Set(Atom(sbt.ScriptedPlugin)))[0m
[0m[[0m[0mdebug[0m] [0m[0mClause(Atom(sbt.plugins.SemanticdbPlugin),Set(Atom(sbt.plugins.JvmPlugin)))[0m
[0m[[0m[0mdebug[0m] [0m[0mClause(Atom(sbt.plugins.JUnitXmlReportPlugin),Set(Atom(sbt.plugins.JvmPlugin)))[0m
[0m[[0m[0mdebug[0m] [0m[0mClause(Atom(sbt.plugins.MiniDependencyTreePlugin),Set(Atom(sbt.plugins.JvmPlugin)))[0m
[0m[[0m[0mdebug[0m] [0m[0mClause(Atom(sbtassembly.AssemblyPlugin),Set(Atom(sbt.plugins.JvmPlugin)))[0m
[0m[[0m[0mdebug[0m] [0m[0mClause(Atom(com.typesafe.sbt.SbtPgp),Set(Atom(sbt.plugins.IvyPlugin)))[0m
[0m[[0m[0mdebug[0m] [0m[0mClause(Atom(sbtdirtymoney.DirtyMoneyPlugin),Set(Atom(sbt.plugins.IvyPlugin)))[0m
[0m[[0m[0mdebug[0m] [0m[0mClause(Atom(xerial.sbt.Sonatype),Set(Atom(sbt.plugins.JvmPlugin)))[0m
[0m[[0m[0mdebug[0m] [0m[0mClause(Atom(org.jetbrains.sbt.StructurePlugin),Set(Atom(sbt.plugins.JvmPlugin)))[0m
[0m[[0m[0mdebug[0m] [0m[0mClause(Atom(org.jetbrains.sbt.IdeaShellPlugin),Set(Atom(sbt.plugins.JvmPlugin)))[0m
[0m[[0m[0mdebug[0m] [0m[0mClause(Atom(org.jetbrains.sbt.indices.SbtIntellijIndicesPlugin),Set(Atom(sbt.plugins.JvmPlugin)))[0m
[0m[[0m[0mdebug[0m] [0m[0mClause(Atom(sbt.plugins.CorePlugin),Set(Atom(sbt.plugins.IvyPlugin)))[0m
[0m[[0m[0mdebug[0m] [0m[0mClause(Atom(sbt.plugins.IvyPlugin),Set(Atom(sbt.plugins.JvmPlugin)))[0m
[0m[[0m[0mdebug[0m] [0m[0mClause(Atom(sbt.plugins.JvmPlugin),Set(Atom(sbt.plugins.SemanticdbPlugin)))[0m
[0m[[0m[0mdebug[0m] [0m[0mClause(Atom(sbt.plugins.JvmPlugin),Set(Atom(sbt.plugins.JUnitXmlReportPlugin)))[0m
[0m[[0m[0mdebug[0m] [0m[0mClause(Atom(sbt.plugins.CorePlugin),Set(Atom(sbt.plugins.Giter8TemplatePlugin)))[0m
[0m[[0m[0mdebug[0m] [0m[0mClause(Atom(sbt.plugins.JvmPlugin),Set(Atom(sbt.plugins.MiniDependencyTreePlugin)))[0m
[0m[[0m[0mdebug[0m] [0m[0mClause(Atom(sbt.plugins.JvmPlugin),Set(Atom(sbtassembly.AssemblyPlugin)))[0m
[0m[[0m[0mdebug[0m] [0m[0mClause(Atom(sbt.plugins.IvyPlugin),Set(Atom(com.typesafe.sbt.SbtPgp)))[0m
[0m[[0m[0mdebug[0m] [0m[0mClause(Atom(sbt.plugins.IvyPlugin),Set(Atom(sbtdirtymoney.DirtyMoneyPlugin)))[0m
[0m[[0m[0mdebug[0m] [0m[0mClause(Atom(sbt.plugins.JvmPlugin),Set(Atom(xerial.sbt.Sonatype)))[0m
[0m[[0m[0mdebug[0m] [0m[0mClause(Atom(sbt.plugins.JvmPlugin),Set(Atom(org.jetbrains.sbt.StructurePlugin)))[0m
[0m[[0m[0mdebug[0m] [0m[0mClause(Atom(sbt.plugins.JvmPlugin),Set(Atom(org.jetbrains.sbt.IdeaShellPlugin)))[0m
[0m[[0m[0mdebug[0m] [0m[0mClause(And(Set(Atom(sbt.plugins.CorePlugin), Atom(sbt.plugins.JvmPlugin))),Set(Atom(org.jetbrains.sbt.indices.SbtIntellijIndicesPlugin))))[0m
[0m[[0m[0mdebug[0m] [0m[0m  :: deduced result: Matched(sbt.plugins.CorePlugin,sbt.plugins.Giter8TemplatePlugin,sbt.plugins.IvyPlugin,sbtdirtymoney.DirtyMoneyPlugin,com.typesafe.sbt.SbtPgp,sbt.plugins.JvmPlugin,sbt.plugins.SemanticdbPlugin,org.jetbrains.sbt.indices.SbtIntellijIndicesPlugin,sbt.plugins.JUnitXmlReportPlugin,sbtassembly.AssemblyPlugin,xerial.sbt.Sonatype,org.jetbrains.sbt.IdeaShellPlugin,org.jetbrains.sbt.StructurePlugin,sbt.plugins.MiniDependencyTreePlugin)[0m
[0m[[0m[0mdebug[0m] [0m[0mPlugins.deducer#function took 3.829341 ms[0m
[0m[[0m[0mdebug[0m] [0m[0m      Load.resolveProject(jcg_js_callgraph_testadapter) took 2.263412ms[0m
[0m[[0m[0mdebug[0m] [0m[0m[Loading] Loading project jcg_jelly_testadapter @ /Users/MartinOwono/Desktop/SOSE25/BA/BA_Projekt/jcg_jelly_testadapter[0m
[0m[[0m[0mdebug[0m] [0m[0mdeducing auto plugins based on known facts Set(Atom(sbt.plugins.CorePlugin)) and clauses Clauses(Clause(Atom(sbt.plugins.JvmPlugin),Set(Atom(sbt.plugins.IvyPlugin)))[0m
[0m[[0m[0mdebug[0m] [0m[0mClause(Atom(sbt.ScriptedPlugin),Set(Atom(sbt.plugins.JvmPlugin)))[0m
[0m[[0m[0mdebug[0m] [0m[0mClause(Atom(sbt.plugins.SbtPlugin),Set(Atom(sbt.ScriptedPlugin)))[0m
[0m[[0m[0mdebug[0m] [0m[0mClause(Atom(sbt.plugins.SemanticdbPlugin),Set(Atom(sbt.plugins.JvmPlugin)))[0m
[0m[[0m[0mdebug[0m] [0m[0mClause(Atom(sbt.plugins.JUnitXmlReportPlugin),Set(Atom(sbt.plugins.JvmPlugin)))[0m
[0m[[0m[0mdebug[0m] [0m[0mClause(Atom(sbt.plugins.MiniDependencyTreePlugin),Set(Atom(sbt.plugins.JvmPlugin)))[0m
[0m[[0m[0mdebug[0m] [0m[0mClause(Atom(sbtassembly.AssemblyPlugin),Set(Atom(sbt.plugins.JvmPlugin)))[0m
[0m[[0m[0mdebug[0m] [0m[0mClause(Atom(com.typesafe.sbt.SbtPgp),Set(Atom(sbt.plugins.IvyPlugin)))[0m
[0m[[0m[0mdebug[0m] [0m[0mClause(Atom(sbtdirtymoney.DirtyMoneyPlugin),Set(Atom(sbt.plugins.IvyPlugin)))[0m
[0m[[0m[0mdebug[0m] [0m[0mClause(Atom(xerial.sbt.Sonatype),Set(Atom(sbt.plugins.JvmPlugin)))[0m
[0m[[0m[0mdebug[0m] [0m[0mClause(Atom(org.jetbrains.sbt.StructurePlugin),Set(Atom(sbt.plugins.JvmPlugin)))[0m
[0m[[0m[0mdebug[0m] [0m[0mClause(Atom(org.jetbrains.sbt.IdeaShellPlugin),Set(Atom(sbt.plugins.JvmPlugin)))[0m
[0m[[0m[0mdebug[0m] [0m[0mClause(Atom(org.jetbrains.sbt.indices.SbtIntellijIndicesPlugin),Set(Atom(sbt.plugins.JvmPlugin)))[0m
[0m[[0m[0mdebug[0m] [0m[0mClause(Atom(sbt.plugins.CorePlugin),Set(Atom(sbt.plugins.IvyPlugin)))[0m
[0m[[0m[0mdebug[0m] [0m[0mClause(Atom(sbt.plugins.IvyPlugin),Set(Atom(sbt.plugins.JvmPlugin)))[0m
[0m[[0m[0mdebug[0m] [0m[0mClause(Atom(sbt.plugins.JvmPlugin),Set(Atom(sbt.plugins.SemanticdbPlugin)))[0m
[0m[[0m[0mdebug[0m] [0m[0mClause(Atom(sbt.plugins.JvmPlugin),Set(Atom(sbt.plugins.JUnitXmlReportPlugin)))[0m
[0m[[0m[0mdebug[0m] [0m[0mClause(Atom(sbt.plugins.CorePlugin),Set(Atom(sbt.plugins.Giter8TemplatePlugin)))[0m
[0m[[0m[0mdebug[0m] [0m[0mClause(Atom(sbt.plugins.JvmPlugin),Set(Atom(sbt.plugins.MiniDependencyTreePlugin)))[0m
[0m[[0m[0mdebug[0m] [0m[0mClause(Atom(sbt.plugins.JvmPlugin),Set(Atom(sbtassembly.AssemblyPlugin)))[0m
[0m[[0m[0mdebug[0m] [0m[0mClause(Atom(sbt.plugins.IvyPlugin),Set(Atom(com.typesafe.sbt.SbtPgp)))[0m
[0m[[0m[0mdebug[0m] [0m[0mClause(Atom(sbt.plugins.IvyPlugin),Set(Atom(sbtdirtymoney.DirtyMoneyPlugin)))[0m
[0m[[0m[0mdebug[0m] [0m[0mClause(Atom(sbt.plugins.JvmPlugin),Set(Atom(xerial.sbt.Sonatype)))[0m
[0m[[0m[0mdebug[0m] [0m[0mClause(Atom(sbt.plugins.JvmPlugin),Set(Atom(org.jetbrains.sbt.StructurePlugin)))[0m
[0m[[0m[0mdebug[0m] [0m[0mClause(Atom(sbt.plugins.JvmPlugin),Set(Atom(org.jetbrains.sbt.IdeaShellPlugin)))[0m
[0m[[0m[0mdebug[0m] [0m[0mClause(And(Set(Atom(sbt.plugins.CorePlugin), Atom(sbt.plugins.JvmPlugin))),Set(Atom(org.jetbrains.sbt.indices.SbtIntellijIndicesPlugin))))[0m
[0m[[0m[0mdebug[0m] [0m[0m  :: deduced result: Matched(sbt.plugins.CorePlugin,sbt.plugins.Giter8TemplatePlugin,sbt.plugins.IvyPlugin,sbtdirtymoney.DirtyMoneyPlugin,com.typesafe.sbt.SbtPgp,sbt.plugins.JvmPlugin,sbt.plugins.SemanticdbPlugin,org.jetbrains.sbt.indices.SbtIntellijIndicesPlugin,sbt.plugins.JUnitXmlReportPlugin,sbtassembly.AssemblyPlugin,xerial.sbt.Sonatype,org.jetbrains.sbt.IdeaShellPlugin,org.jetbrains.sbt.StructurePlugin,sbt.plugins.MiniDependencyTreePlugin)[0m
[0m[[0m[0mdebug[0m] [0m[0mPlugins.deducer#function took 3.086115 ms[0m
[0m[[0m[0mdebug[0m] [0m[0m      Load.resolveProject(jcg_jelly_testadapter) took 1.98238ms[0m
[0m[[0m[0mdebug[0m] [0m[0m[Loading] Loading project jcg_tajs_testadapter @ /Users/MartinOwono/Desktop/SOSE25/BA/BA_Projekt/jcg_tajs_testadapter[0m
[0m[[0m[0mdebug[0m] [0m[0mdeducing auto plugins based on known facts Set(Atom(sbt.plugins.CorePlugin)) and clauses Clauses(Clause(Atom(sbt.plugins.JvmPlugin),Set(Atom(sbt.plugins.IvyPlugin)))[0m
[0m[[0m[0mdebug[0m] [0m[0mClause(Atom(sbt.ScriptedPlugin),Set(Atom(sbt.plugins.JvmPlugin)))[0m
[0m[[0m[0mdebug[0m] [0m[0mClause(Atom(sbt.plugins.SbtPlugin),Set(Atom(sbt.ScriptedPlugin)))[0m
[0m[[0m[0mdebug[0m] [0m[0mClause(Atom(sbt.plugins.SemanticdbPlugin),Set(Atom(sbt.plugins.JvmPlugin)))[0m
[0m[[0m[0mdebug[0m] [0m[0mClause(Atom(sbt.plugins.JUnitXmlReportPlugin),Set(Atom(sbt.plugins.JvmPlugin)))[0m
[0m[[0m[0mdebug[0m] [0m[0mClause(Atom(sbt.plugins.MiniDependencyTreePlugin),Set(Atom(sbt.plugins.JvmPlugin)))[0m
[0m[[0m[0mdebug[0m] [0m[0mClause(Atom(sbtassembly.AssemblyPlugin),Set(Atom(sbt.plugins.JvmPlugin)))[0m
[0m[[0m[0mdebug[0m] [0m[0mClause(Atom(com.typesafe.sbt.SbtPgp),Set(Atom(sbt.plugins.IvyPlugin)))[0m
[0m[[0m[0mdebug[0m] [0m[0mClause(Atom(sbtdirtymoney.DirtyMoneyPlugin),Set(Atom(sbt.plugins.IvyPlugin)))[0m
[0m[[0m[0mdebug[0m] [0m[0mClause(Atom(xerial.sbt.Sonatype),Set(Atom(sbt.plugins.JvmPlugin)))[0m
[0m[[0m[0mdebug[0m] [0m[0mClause(Atom(org.jetbrains.sbt.StructurePlugin),Set(Atom(sbt.plugins.JvmPlugin)))[0m
[0m[[0m[0mdebug[0m] [0m[0mClause(Atom(org.jetbrains.sbt.IdeaShellPlugin),Set(Atom(sbt.plugins.JvmPlugin)))[0m
[0m[[0m[0mdebug[0m] [0m[0mClause(Atom(org.jetbrains.sbt.indices.SbtIntellijIndicesPlugin),Set(Atom(sbt.plugins.JvmPlugin)))[0m
[0m[[0m[0mdebug[0m] [0m[0mClause(Atom(sbt.plugins.CorePlugin),Set(Atom(sbt.plugins.IvyPlugin)))[0m
[0m[[0m[0mdebug[0m] [0m[0mClause(Atom(sbt.plugins.IvyPlugin),Set(Atom(sbt.plugins.JvmPlugin)))[0m
[0m[[0m[0mdebug[0m] [0m[0mClause(Atom(sbt.plugins.JvmPlugin),Set(Atom(sbt.plugins.SemanticdbPlugin)))[0m
[0m[[0m[0mdebug[0m] [0m[0mClause(Atom(sbt.plugins.JvmPlugin),Set(Atom(sbt.plugins.JUnitXmlReportPlugin)))[0m
[0m[[0m[0mdebug[0m] [0m[0mClause(Atom(sbt.plugins.CorePlugin),Set(Atom(sbt.plugins.Giter8TemplatePlugin)))[0m
[0m[[0m[0mdebug[0m] [0m[0mClause(Atom(sbt.plugins.JvmPlugin),Set(Atom(sbt.plugins.MiniDependencyTreePlugin)))[0m
[0m[[0m[0mdebug[0m] [0m[0mClause(Atom(sbt.plugins.JvmPlugin),Set(Atom(sbtassembly.AssemblyPlugin)))[0m
[0m[[0m[0mdebug[0m] [0m[0mClause(Atom(sbt.plugins.IvyPlugin),Set(Atom(com.typesafe.sbt.SbtPgp)))[0m
[0m[[0m[0mdebug[0m] [0m[0mClause(Atom(sbt.plugins.IvyPlugin),Set(Atom(sbtdirtymoney.DirtyMoneyPlugin)))[0m
[0m[[0m[0mdebug[0m] [0m[0mClause(Atom(sbt.plugins.JvmPlugin),Set(Atom(xerial.sbt.Sonatype)))[0m
[0m[[0m[0mdebug[0m] [0m[0mClause(Atom(sbt.plugins.JvmPlugin),Set(Atom(org.jetbrains.sbt.StructurePlugin)))[0m
[0m[[0m[0mdebug[0m] [0m[0mClause(Atom(sbt.plugins.JvmPlugin),Set(Atom(org.jetbrains.sbt.IdeaShellPlugin)))[0m
[0m[[0m[0mdebug[0m] [0m[0mClause(And(Set(Atom(sbt.plugins.CorePlugin), Atom(sbt.plugins.JvmPlugin))),Set(Atom(org.jetbrains.sbt.indices.SbtIntellijIndicesPlugin))))[0m
[0m[[0m[0mdebug[0m] [0m[0m  :: deduced result: Matched(sbt.plugins.CorePlugin,sbt.plugins.Giter8TemplatePlugin,sbt.plugins.IvyPlugin,sbtdirtymoney.DirtyMoneyPlugin,com.typesafe.sbt.SbtPgp,sbt.plugins.JvmPlugin,sbt.plugins.SemanticdbPlugin,org.jetbrains.sbt.indices.SbtIntellijIndicesPlugin,sbt.plugins.JUnitXmlReportPlugin,sbtassembly.AssemblyPlugin,xerial.sbt.Sonatype,org.jetbrains.sbt.IdeaShellPlugin,org.jetbrains.sbt.StructurePlugin,sbt.plugins.MiniDependencyTreePlugin)[0m
[0m[[0m[0mdebug[0m] [0m[0mPlugins.deducer#function took 3.118086 ms[0m
[0m[[0m[0mdebug[0m] [0m[0m      Load.resolveProject(jcg_tajs_testadapter) took 1.680958ms[0m
[0m[[0m[0mdebug[0m] [0m[0m[Loading] Loading project jcg_code2flow_js_testadapter @ /Users/MartinOwono/Desktop/SOSE25/BA/BA_Projekt/jcg_code2flow_js_testadapter[0m
[0m[[0m[0mdebug[0m] [0m[0mdeducing auto plugins based on known facts Set(Atom(sbt.plugins.CorePlugin)) and clauses Clauses(Clause(Atom(sbt.plugins.JvmPlugin),Set(Atom(sbt.plugins.IvyPlugin)))[0m
[0m[[0m[0mdebug[0m] [0m[0mClause(Atom(sbt.ScriptedPlugin),Set(Atom(sbt.plugins.JvmPlugin)))[0m
[0m[[0m[0mdebug[0m] [0m[0mClause(Atom(sbt.plugins.SbtPlugin),Set(Atom(sbt.ScriptedPlugin)))[0m
[0m[[0m[0mdebug[0m] [0m[0mClause(Atom(sbt.plugins.SemanticdbPlugin),Set(Atom(sbt.plugins.JvmPlugin)))[0m
[0m[[0m[0mdebug[0m] [0m[0mClause(Atom(sbt.plugins.JUnitXmlReportPlugin),Set(Atom(sbt.plugins.JvmPlugin)))[0m
[0m[[0m[0mdebug[0m] [0m[0mClause(Atom(sbt.plugins.MiniDependencyTreePlugin),Set(Atom(sbt.plugins.JvmPlugin)))[0m
[0m[[0m[0mdebug[0m] [0m[0mClause(Atom(sbtassembly.AssemblyPlugin),Set(Atom(sbt.plugins.JvmPlugin)))[0m
[0m[[0m[0mdebug[0m] [0m[0mClause(Atom(com.typesafe.sbt.SbtPgp),Set(Atom(sbt.plugins.IvyPlugin)))[0m
[0m[[0m[0mdebug[0m] [0m[0mClause(Atom(sbtdirtymoney.DirtyMoneyPlugin),Set(Atom(sbt.plugins.IvyPlugin)))[0m
[0m[[0m[0mdebug[0m] [0m[0mClause(Atom(xerial.sbt.Sonatype),Set(Atom(sbt.plugins.JvmPlugin)))[0m
[0m[[0m[0mdebug[0m] [0m[0mClause(Atom(org.jetbrains.sbt.StructurePlugin),Set(Atom(sbt.plugins.JvmPlugin)))[0m
[0m[[0m[0mdebug[0m] [0m[0mClause(Atom(org.jetbrains.sbt.IdeaShellPlugin),Set(Atom(sbt.plugins.JvmPlugin)))[0m
[0m[[0m[0mdebug[0m] [0m[0mClause(Atom(org.jetbrains.sbt.indices.SbtIntellijIndicesPlugin),Set(Atom(sbt.plugins.JvmPlugin)))[0m
[0m[[0m[0mdebug[0m] [0m[0mClause(Atom(sbt.plugins.CorePlugin),Set(Atom(sbt.plugins.IvyPlugin)))[0m
[0m[[0m[0mdebug[0m] [0m[0mClause(Atom(sbt.plugins.IvyPlugin),Set(Atom(sbt.plugins.JvmPlugin)))[0m
[0m[[0m[0mdebug[0m] [0m[0mClause(Atom(sbt.plugins.JvmPlugin),Set(Atom(sbt.plugins.SemanticdbPlugin)))[0m
[0m[[0m[0mdebug[0m] [0m[0mClause(Atom(sbt.plugins.JvmPlugin),Set(Atom(sbt.plugins.JUnitXmlReportPlugin)))[0m
[0m[[0m[0mdebug[0m] [0m[0mClause(Atom(sbt.plugins.CorePlugin),Set(Atom(sbt.plugins.Giter8TemplatePlugin)))[0m
[0m[[0m[0mdebug[0m] [0m[0mClause(Atom(sbt.plugins.JvmPlugin),Set(Atom(sbt.plugins.MiniDependencyTreePlugin)))[0m
[0m[[0m[0mdebug[0m] [0m[0mClause(Atom(sbt.plugins.JvmPlugin),Set(Atom(sbtassembly.AssemblyPlugin)))[0m
[0m[[0m[0mdebug[0m] [0m[0mClause(Atom(sbt.plugins.IvyPlugin),Set(Atom(com.typesafe.sbt.SbtPgp)))[0m
[0m[[0m[0mdebug[0m] [0m[0mClause(Atom(sbt.plugins.IvyPlugin),Set(Atom(sbtdirtymoney.DirtyMoneyPlugin)))[0m
[0m[[0m[0mdebug[0m] [0m[0mClause(Atom(sbt.plugins.JvmPlugin),Set(Atom(xerial.sbt.Sonatype)))[0m
[0m[[0m[0mdebug[0m] [0m[0mClause(Atom(sbt.plugins.JvmPlugin),Set(Atom(org.jetbrains.sbt.StructurePlugin)))[0m
[0m[[0m[0mdebug[0m] [0m[0mClause(Atom(sbt.plugins.JvmPlugin),Set(Atom(org.jetbrains.sbt.IdeaShellPlugin)))[0m
[0m[[0m[0mdebug[0m] [0m[0mClause(And(Set(Atom(sbt.plugins.CorePlugin), Atom(sbt.plugins.JvmPlugin))),Set(Atom(org.jetbrains.sbt.indices.SbtIntellijIndicesPlugin))))[0m
[0m[[0m[0mdebug[0m] [0m[0m  :: deduced result: Matched(sbt.plugins.CorePlugin,sbt.plugins.Giter8TemplatePlugin,sbt.plugins.IvyPlugin,sbtdirtymoney.DirtyMoneyPlugin,com.typesafe.sbt.SbtPgp,sbt.plugins.JvmPlugin,sbt.plugins.SemanticdbPlugin,org.jetbrains.sbt.indices.SbtIntellijIndicesPlugin,sbt.plugins.JUnitXmlReportPlugin,sbtassembly.AssemblyPlugin,xerial.sbt.Sonatype,org.jetbrains.sbt.IdeaShellPlugin,org.jetbrains.sbt.StructurePlugin,sbt.plugins.MiniDependencyTreePlugin)[0m
[0m[[0m[0mdebug[0m] [0m[0mPlugins.deducer#function took 3.235128 ms[0m
[0m[[0m[0mdebug[0m] [0m[0m      Load.resolveProject(jcg_code2flow_js_testadapter) took 1.983476ms[0m
[0m[[0m[0mdebug[0m] [0m[0m[Loading] Loading project jcg_code2flow_py_testadapter @ /Users/MartinOwono/Desktop/SOSE25/BA/BA_Projekt/jcg_code2flow_py_testadapter[0m
[0m[[0m[0mdebug[0m] [0m[0mdeducing auto plugins based on known facts Set(Atom(sbt.plugins.CorePlugin)) and clauses Clauses(Clause(Atom(sbt.plugins.JvmPlugin),Set(Atom(sbt.plugins.IvyPlugin)))[0m
[0m[[0m[0mdebug[0m] [0m[0mClause(Atom(sbt.ScriptedPlugin),Set(Atom(sbt.plugins.JvmPlugin)))[0m
[0m[[0m[0mdebug[0m] [0m[0mClause(Atom(sbt.plugins.SbtPlugin),Set(Atom(sbt.ScriptedPlugin)))[0m
[0m[[0m[0mdebug[0m] [0m[0mClause(Atom(sbt.plugins.SemanticdbPlugin),Set(Atom(sbt.plugins.JvmPlugin)))[0m
[0m[[0m[0mdebug[0m] [0m[0mClause(Atom(sbt.plugins.JUnitXmlReportPlugin),Set(Atom(sbt.plugins.JvmPlugin)))[0m
[0m[[0m[0mdebug[0m] [0m[0mClause(Atom(sbt.plugins.MiniDependencyTreePlugin),Set(Atom(sbt.plugins.JvmPlugin)))[0m
[0m[[0m[0mdebug[0m] [0m[0mClause(Atom(sbtassembly.AssemblyPlugin),Set(Atom(sbt.plugins.JvmPlugin)))[0m
[0m[[0m[0mdebug[0m] [0m[0mClause(Atom(com.typesafe.sbt.SbtPgp),Set(Atom(sbt.plugins.IvyPlugin)))[0m
[0m[[0m[0mdebug[0m] [0m[0mClause(Atom(sbtdirtymoney.DirtyMoneyPlugin),Set(Atom(sbt.plugins.IvyPlugin)))[0m
[0m[[0m[0mdebug[0m] [0m[0mClause(Atom(xerial.sbt.Sonatype),Set(Atom(sbt.plugins.JvmPlugin)))[0m
[0m[[0m[0mdebug[0m] [0m[0mClause(Atom(org.jetbrains.sbt.StructurePlugin),Set(Atom(sbt.plugins.JvmPlugin)))[0m
[0m[[0m[0mdebug[0m] [0m[0mClause(Atom(org.jetbrains.sbt.IdeaShellPlugin),Set(Atom(sbt.plugins.JvmPlugin)))[0m
[0m[[0m[0mdebug[0m] [0m[0mClause(Atom(org.jetbrains.sbt.indices.SbtIntellijIndicesPlugin),Set(Atom(sbt.plugins.JvmPlugin)))[0m
[0m[[0m[0mdebug[0m] [0m[0mClause(Atom(sbt.plugins.CorePlugin),Set(Atom(sbt.plugins.IvyPlugin)))[0m
[0m[[0m[0mdebug[0m] [0m[0mClause(Atom(sbt.plugins.IvyPlugin),Set(Atom(sbt.plugins.JvmPlugin)))[0m
[0m[[0m[0mdebug[0m] [0m[0mClause(Atom(sbt.plugins.JvmPlugin),Set(Atom(sbt.plugins.SemanticdbPlugin)))[0m
[0m[[0m[0mdebug[0m] [0m[0mClause(Atom(sbt.plugins.JvmPlugin),Set(Atom(sbt.plugins.JUnitXmlReportPlugin)))[0m
[0m[[0m[0mdebug[0m] [0m[0mClause(Atom(sbt.plugins.CorePlugin),Set(Atom(sbt.plugins.Giter8TemplatePlugin)))[0m
[0m[[0m[0mdebug[0m] [0m[0mClause(Atom(sbt.plugins.JvmPlugin),Set(Atom(sbt.plugins.MiniDependencyTreePlugin)))[0m
[0m[[0m[0mdebug[0m] [0m[0mClause(Atom(sbt.plugins.JvmPlugin),Set(Atom(sbtassembly.AssemblyPlugin)))[0m
[0m[[0m[0mdebug[0m] [0m[0mClause(Atom(sbt.plugins.IvyPlugin),Set(Atom(com.typesafe.sbt.SbtPgp)))[0m
[0m[[0m[0mdebug[0m] [0m[0mClause(Atom(sbt.plugins.IvyPlugin),Set(Atom(sbtdirtymoney.DirtyMoneyPlugin)))[0m
[0m[[0m[0mdebug[0m] [0m[0mClause(Atom(sbt.plugins.JvmPlugin),Set(Atom(xerial.sbt.Sonatype)))[0m
[0m[[0m[0mdebug[0m] [0m[0mClause(Atom(sbt.plugins.JvmPlugin),Set(Atom(org.jetbrains.sbt.StructurePlugin)))[0m
[0m[[0m[0mdebug[0m] [0m[0mClause(Atom(sbt.plugins.JvmPlugin),Set(Atom(org.jetbrains.sbt.IdeaShellPlugin)))[0m
[0m[[0m[0mdebug[0m] [0m[0mClause(And(Set(Atom(sbt.plugins.CorePlugin), Atom(sbt.plugins.JvmPlugin))),Set(Atom(org.jetbrains.sbt.indices.SbtIntellijIndicesPlugin))))[0m
[0m[[0m[0mdebug[0m] [0m[0m  :: deduced result: Matched(sbt.plugins.CorePlugin,sbt.plugins.Giter8TemplatePlugin,sbt.plugins.IvyPlugin,sbtdirtymoney.DirtyMoneyPlugin,com.typesafe.sbt.SbtPgp,sbt.plugins.JvmPlugin,sbt.plugins.SemanticdbPlugin,org.jetbrains.sbt.indices.SbtIntellijIndicesPlugin,sbt.plugins.JUnitXmlReportPlugin,sbtassembly.AssemblyPlugin,xerial.sbt.Sonatype,org.jetbrains.sbt.IdeaShellPlugin,org.jetbrains.sbt.StructurePlugin,sbt.plugins.MiniDependencyTreePlugin)[0m
[0m[[0m[0mdebug[0m] [0m[0mPlugins.deducer#function took 3.596982 ms[0m
[0m[[0m[0mdebug[0m] [0m[0m      Load.resolveProject(jcg_code2flow_py_testadapter) took 1.8893ms[0m
[0m[[0m[0mdebug[0m] [0m[0m[Loading] Loading project jcg_pycg_testadapter @ /Users/MartinOwono/Desktop/SOSE25/BA/BA_Projekt/jcg_pycg_testadapter[0m
[0m[[0m[0mdebug[0m] [0m[0mdeducing auto plugins based on known facts Set(Atom(sbt.plugins.CorePlugin)) and clauses Clauses(Clause(Atom(sbt.plugins.JvmPlugin),Set(Atom(sbt.plugins.IvyPlugin)))[0m
[0m[[0m[0mdebug[0m] [0m[0mClause(Atom(sbt.ScriptedPlugin),Set(Atom(sbt.plugins.JvmPlugin)))[0m
[0m[[0m[0mdebug[0m] [0m[0mClause(Atom(sbt.plugins.SbtPlugin),Set(Atom(sbt.ScriptedPlugin)))[0m
[0m[[0m[0mdebug[0m] [0m[0mClause(Atom(sbt.plugins.SemanticdbPlugin),Set(Atom(sbt.plugins.JvmPlugin)))[0m
[0m[[0m[0mdebug[0m] [0m[0mClause(Atom(sbt.plugins.JUnitXmlReportPlugin),Set(Atom(sbt.plugins.JvmPlugin)))[0m
[0m[[0m[0mdebug[0m] [0m[0mClause(Atom(sbt.plugins.MiniDependencyTreePlugin),Set(Atom(sbt.plugins.JvmPlugin)))[0m
[0m[[0m[0mdebug[0m] [0m[0mClause(Atom(sbtassembly.AssemblyPlugin),Set(Atom(sbt.plugins.JvmPlugin)))[0m
[0m[[0m[0mdebug[0m] [0m[0mClause(Atom(com.typesafe.sbt.SbtPgp),Set(Atom(sbt.plugins.IvyPlugin)))[0m
[0m[[0m[0mdebug[0m] [0m[0mClause(Atom(sbtdirtymoney.DirtyMoneyPlugin),Set(Atom(sbt.plugins.IvyPlugin)))[0m
[0m[[0m[0mdebug[0m] [0m[0mClause(Atom(xerial.sbt.Sonatype),Set(Atom(sbt.plugins.JvmPlugin)))[0m
[0m[[0m[0mdebug[0m] [0m[0mClause(Atom(org.jetbrains.sbt.StructurePlugin),Set(Atom(sbt.plugins.JvmPlugin)))[0m
[0m[[0m[0mdebug[0m] [0m[0mClause(Atom(org.jetbrains.sbt.IdeaShellPlugin),Set(Atom(sbt.plugins.JvmPlugin)))[0m
[0m[[0m[0mdebug[0m] [0m[0mClause(Atom(org.jetbrains.sbt.indices.SbtIntellijIndicesPlugin),Set(Atom(sbt.plugins.JvmPlugin)))[0m
[0m[[0m[0mdebug[0m] [0m[0mClause(Atom(sbt.plugins.CorePlugin),Set(Atom(sbt.plugins.IvyPlugin)))[0m
[0m[[0m[0mdebug[0m] [0m[0mClause(Atom(sbt.plugins.IvyPlugin),Set(Atom(sbt.plugins.JvmPlugin)))[0m
[0m[[0m[0mdebug[0m] [0m[0mClause(Atom(sbt.plugins.JvmPlugin),Set(Atom(sbt.plugins.SemanticdbPlugin)))[0m
[0m[[0m[0mdebug[0m] [0m[0mClause(Atom(sbt.plugins.JvmPlugin),Set(Atom(sbt.plugins.JUnitXmlReportPlugin)))[0m
[0m[[0m[0mdebug[0m] [0m[0mClause(Atom(sbt.plugins.CorePlugin),Set(Atom(sbt.plugins.Giter8TemplatePlugin)))[0m
[0m[[0m[0mdebug[0m] [0m[0mClause(Atom(sbt.plugins.JvmPlugin),Set(Atom(sbt.plugins.MiniDependencyTreePlugin)))[0m
[0m[[0m[0mdebug[0m] [0m[0mClause(Atom(sbt.plugins.JvmPlugin),Set(Atom(sbtassembly.AssemblyPlugin)))[0m
[0m[[0m[0mdebug[0m] [0m[0mClause(Atom(sbt.plugins.IvyPlugin),Set(Atom(com.typesafe.sbt.SbtPgp)))[0m
[0m[[0m[0mdebug[0m] [0m[0mClause(Atom(sbt.plugins.IvyPlugin),Set(Atom(sbtdirtymoney.DirtyMoneyPlugin)))[0m
[0m[[0m[0mdebug[0m] [0m[0mClause(Atom(sbt.plugins.JvmPlugin),Set(Atom(xerial.sbt.Sonatype)))[0m
[0m[[0m[0mdebug[0m] [0m[0mClause(Atom(sbt.plugins.JvmPlugin),Set(Atom(org.jetbrains.sbt.StructurePlugin)))[0m
[0m[[0m[0mdebug[0m] [0m[0mClause(Atom(sbt.plugins.JvmPlugin),Set(Atom(org.jetbrains.sbt.IdeaShellPlugin)))[0m
[0m[[0m[0mdebug[0m] [0m[0mClause(And(Set(Atom(sbt.plugins.CorePlugin), Atom(sbt.plugins.JvmPlugin))),Set(Atom(org.jetbrains.sbt.indices.SbtIntellijIndicesPlugin))))[0m
[0m[[0m[0mdebug[0m] [0m[0m  :: deduced result: Matched(sbt.plugins.CorePlugin,sbt.plugins.Giter8TemplatePlugin,sbt.plugins.IvyPlugin,sbtdirtymoney.DirtyMoneyPlugin,com.typesafe.sbt.SbtPgp,sbt.plugins.JvmPlugin,sbt.plugins.SemanticdbPlugin,org.jetbrains.sbt.indices.SbtIntellijIndicesPlugin,sbt.plugins.JUnitXmlReportPlugin,sbtassembly.AssemblyPlugin,xerial.sbt.Sonatype,org.jetbrains.sbt.IdeaShellPlugin,org.jetbrains.sbt.StructurePlugin,sbt.plugins.MiniDependencyTreePlugin)[0m
[0m[[0m[0mdebug[0m] [0m[0mPlugins.deducer#function took 2.873125 ms[0m
[0m[[0m[0mdebug[0m] [0m[0m      Load.resolveProject(jcg_pycg_testadapter) took 2.242444ms[0m
[0m[[0m[0mdebug[0m] [0m[0m[Loading] Loading project jcg_pyan_testadapter @ /Users/MartinOwono/Desktop/SOSE25/BA/BA_Projekt/jcg_pyan_testadapter[0m
[0m[[0m[0mdebug[0m] [0m[0mdeducing auto plugins based on known facts Set(Atom(sbt.plugins.CorePlugin)) and clauses Clauses(Clause(Atom(sbt.plugins.JvmPlugin),Set(Atom(sbt.plugins.IvyPlugin)))[0m
[0m[[0m[0mdebug[0m] [0m[0mClause(Atom(sbt.ScriptedPlugin),Set(Atom(sbt.plugins.JvmPlugin)))[0m
[0m[[0m[0mdebug[0m] [0m[0mClause(Atom(sbt.plugins.SbtPlugin),Set(Atom(sbt.ScriptedPlugin)))[0m
[0m[[0m[0mdebug[0m] [0m[0mClause(Atom(sbt.plugins.SemanticdbPlugin),Set(Atom(sbt.plugins.JvmPlugin)))[0m
[0m[[0m[0mdebug[0m] [0m[0mClause(Atom(sbt.plugins.JUnitXmlReportPlugin),Set(Atom(sbt.plugins.JvmPlugin)))[0m
[0m[[0m[0mdebug[0m] [0m[0mClause(Atom(sbt.plugins.MiniDependencyTreePlugin),Set(Atom(sbt.plugins.JvmPlugin)))[0m
[0m[[0m[0mdebug[0m] [0m[0mClause(Atom(sbtassembly.AssemblyPlugin),Set(Atom(sbt.plugins.JvmPlugin)))[0m
[0m[[0m[0mdebug[0m] [0m[0mClause(Atom(com.typesafe.sbt.SbtPgp),Set(Atom(sbt.plugins.IvyPlugin)))[0m
[0m[[0m[0mdebug[0m] [0m[0mClause(Atom(sbtdirtymoney.DirtyMoneyPlugin),Set(Atom(sbt.plugins.IvyPlugin)))[0m
[0m[[0m[0mdebug[0m] [0m[0mClause(Atom(xerial.sbt.Sonatype),Set(Atom(sbt.plugins.JvmPlugin)))[0m
[0m[[0m[0mdebug[0m] [0m[0mClause(Atom(org.jetbrains.sbt.StructurePlugin),Set(Atom(sbt.plugins.JvmPlugin)))[0m
[0m[[0m[0mdebug[0m] [0m[0mClause(Atom(org.jetbrains.sbt.IdeaShellPlugin),Set(Atom(sbt.plugins.JvmPlugin)))[0m
[0m[[0m[0mdebug[0m] [0m[0mClause(Atom(org.jetbrains.sbt.indices.SbtIntellijIndicesPlugin),Set(Atom(sbt.plugins.JvmPlugin)))[0m
[0m[[0m[0mdebug[0m] [0m[0mClause(Atom(sbt.plugins.CorePlugin),Set(Atom(sbt.plugins.IvyPlugin)))[0m
[0m[[0m[0mdebug[0m] [0m[0mClause(Atom(sbt.plugins.IvyPlugin),Set(Atom(sbt.plugins.JvmPlugin)))[0m
[0m[[0m[0mdebug[0m] [0m[0mClause(Atom(sbt.plugins.JvmPlugin),Set(Atom(sbt.plugins.SemanticdbPlugin)))[0m
[0m[[0m[0mdebug[0m] [0m[0mClause(Atom(sbt.plugins.JvmPlugin),Set(Atom(sbt.plugins.JUnitXmlReportPlugin)))[0m
[0m[[0m[0mdebug[0m] [0m[0mClause(Atom(sbt.plugins.CorePlugin),Set(Atom(sbt.plugins.Giter8TemplatePlugin)))[0m
[0m[[0m[0mdebug[0m] [0m[0mClause(Atom(sbt.plugins.JvmPlugin),Set(Atom(sbt.plugins.MiniDependencyTreePlugin)))[0m
[0m[[0m[0mdebug[0m] [0m[0mClause(Atom(sbt.plugins.JvmPlugin),Set(Atom(sbtassembly.AssemblyPlugin)))[0m
[0m[[0m[0mdebug[0m] [0m[0mClause(Atom(sbt.plugins.IvyPlugin),Set(Atom(com.typesafe.sbt.SbtPgp)))[0m
[0m[[0m[0mdebug[0m] [0m[0mClause(Atom(sbt.plugins.IvyPlugin),Set(Atom(sbtdirtymoney.DirtyMoneyPlugin)))[0m
[0m[[0m[0mdebug[0m] [0m[0mClause(Atom(sbt.plugins.JvmPlugin),Set(Atom(xerial.sbt.Sonatype)))[0m
[0m[[0m[0mdebug[0m] [0m[0mClause(Atom(sbt.plugins.JvmPlugin),Set(Atom(org.jetbrains.sbt.StructurePlugin)))[0m
[0m[[0m[0mdebug[0m] [0m[0mClause(Atom(sbt.plugins.JvmPlugin),Set(Atom(org.jetbrains.sbt.IdeaShellPlugin)))[0m
[0m[[0m[0mdebug[0m] [0m[0mClause(And(Set(Atom(sbt.plugins.CorePlugin), Atom(sbt.plugins.JvmPlugin))),Set(Atom(org.jetbrains.sbt.indices.SbtIntellijIndicesPlugin))))[0m
[0m[[0m[0mdebug[0m] [0m[0m  :: deduced result: Matched(sbt.plugins.CorePlugin,sbt.plugins.Giter8TemplatePlugin,sbt.plugins.IvyPlugin,sbtdirtymoney.DirtyMoneyPlugin,com.typesafe.sbt.SbtPgp,sbt.plugins.JvmPlugin,sbt.plugins.SemanticdbPlugin,org.jetbrains.sbt.indices.SbtIntellijIndicesPlugin,sbt.plugins.JUnitXmlReportPlugin,sbtassembly.AssemblyPlugin,xerial.sbt.Sonatype,org.jetbrains.sbt.IdeaShellPlugin,org.jetbrains.sbt.StructurePlugin,sbt.plugins.MiniDependencyTreePlugin)[0m
[0m[[0m[0mdebug[0m] [0m[0mPlugins.deducer#function took 1.95054 ms[0m
[0m[[0m[0mdebug[0m] [0m[0m      Load.resolveProject(jcg_pyan_testadapter) took 2.089627ms[0m
[0m[[0m[0mdebug[0m] [0m[0m[Loading] Loading project jcg_jarvis_testadapter @ /Users/MartinOwono/Desktop/SOSE25/BA/BA_Projekt/jcg_jarvis_testadapter[0m
[0m[[0m[0mdebug[0m] [0m[0mdeducing auto plugins based on known facts Set(Atom(sbt.plugins.CorePlugin)) and clauses Clauses(Clause(Atom(sbt.plugins.JvmPlugin),Set(Atom(sbt.plugins.IvyPlugin)))[0m
[0m[[0m[0mdebug[0m] [0m[0mClause(Atom(sbt.ScriptedPlugin),Set(Atom(sbt.plugins.JvmPlugin)))[0m
[0m[[0m[0mdebug[0m] [0m[0mClause(Atom(sbt.plugins.SbtPlugin),Set(Atom(sbt.ScriptedPlugin)))[0m
[0m[[0m[0mdebug[0m] [0m[0mClause(Atom(sbt.plugins.SemanticdbPlugin),Set(Atom(sbt.plugins.JvmPlugin)))[0m
[0m[[0m[0mdebug[0m] [0m[0mClause(Atom(sbt.plugins.JUnitXmlReportPlugin),Set(Atom(sbt.plugins.JvmPlugin)))[0m
[0m[[0m[0mdebug[0m] [0m[0mClause(Atom(sbt.plugins.MiniDependencyTreePlugin),Set(Atom(sbt.plugins.JvmPlugin)))[0m
[0m[[0m[0mdebug[0m] [0m[0mClause(Atom(sbtassembly.AssemblyPlugin),Set(Atom(sbt.plugins.JvmPlugin)))[0m
[0m[[0m[0mdebug[0m] [0m[0mClause(Atom(com.typesafe.sbt.SbtPgp),Set(Atom(sbt.plugins.IvyPlugin)))[0m
[0m[[0m[0mdebug[0m] [0m[0mClause(Atom(sbtdirtymoney.DirtyMoneyPlugin),Set(Atom(sbt.plugins.IvyPlugin)))[0m
[0m[[0m[0mdebug[0m] [0m[0mClause(Atom(xerial.sbt.Sonatype),Set(Atom(sbt.plugins.JvmPlugin)))[0m
[0m[[0m[0mdebug[0m] [0m[0mClause(Atom(org.jetbrains.sbt.StructurePlugin),Set(Atom(sbt.plugins.JvmPlugin)))[0m
[0m[[0m[0mdebug[0m] [0m[0mClause(Atom(org.jetbrains.sbt.IdeaShellPlugin),Set(Atom(sbt.plugins.JvmPlugin)))[0m
[0m[[0m[0mdebug[0m] [0m[0mClause(Atom(org.jetbrains.sbt.indices.SbtIntellijIndicesPlugin),Set(Atom(sbt.plugins.JvmPlugin)))[0m
[0m[[0m[0mdebug[0m] [0m[0mClause(Atom(sbt.plugins.CorePlugin),Set(Atom(sbt.plugins.IvyPlugin)))[0m
[0m[[0m[0mdebug[0m] [0m[0mClause(Atom(sbt.plugins.IvyPlugin),Set(Atom(sbt.plugins.JvmPlugin)))[0m
[0m[[0m[0mdebug[0m] [0m[0mClause(Atom(sbt.plugins.JvmPlugin),Set(Atom(sbt.plugins.SemanticdbPlugin)))[0m
[0m[[0m[0mdebug[0m] [0m[0mClause(Atom(sbt.plugins.JvmPlugin),Set(Atom(sbt.plugins.JUnitXmlReportPlugin)))[0m
[0m[[0m[0mdebug[0m] [0m[0mClause(Atom(sbt.plugins.CorePlugin),Set(Atom(sbt.plugins.Giter8TemplatePlugin)))[0m
[0m[[0m[0mdebug[0m] [0m[0mClause(Atom(sbt.plugins.JvmPlugin),Set(Atom(sbt.plugins.MiniDependencyTreePlugin)))[0m
[0m[[0m[0mdebug[0m] [0m[0mClause(Atom(sbt.plugins.JvmPlugin),Set(Atom(sbtassembly.AssemblyPlugin)))[0m
[0m[[0m[0mdebug[0m] [0m[0mClause(Atom(sbt.plugins.IvyPlugin),Set(Atom(com.typesafe.sbt.SbtPgp)))[0m
[0m[[0m[0mdebug[0m] [0m[0mClause(Atom(sbt.plugins.IvyPlugin),Set(Atom(sbtdirtymoney.DirtyMoneyPlugin)))[0m
[0m[[0m[0mdebug[0m] [0m[0mClause(Atom(sbt.plugins.JvmPlugin),Set(Atom(xerial.sbt.Sonatype)))[0m
[0m[[0m[0mdebug[0m] [0m[0mClause(Atom(sbt.plugins.JvmPlugin),Set(Atom(org.jetbrains.sbt.StructurePlugin)))[0m
[0m[[0m[0mdebug[0m] [0m[0mClause(Atom(sbt.plugins.JvmPlugin),Set(Atom(org.jetbrains.sbt.IdeaShellPlugin)))[0m
[0m[[0m[0mdebug[0m] [0m[0mClause(And(Set(Atom(sbt.plugins.CorePlugin), Atom(sbt.plugins.JvmPlugin))),Set(Atom(org.jetbrains.sbt.indices.SbtIntellijIndicesPlugin))))[0m
[0m[[0m[0mdebug[0m] [0m[0m  :: deduced result: Matched(sbt.plugins.CorePlugin,sbt.plugins.Giter8TemplatePlugin,sbt.plugins.IvyPlugin,sbtdirtymoney.DirtyMoneyPlugin,com.typesafe.sbt.SbtPgp,sbt.plugins.JvmPlugin,sbt.plugins.SemanticdbPlugin,org.jetbrains.sbt.indices.SbtIntellijIndicesPlugin,sbt.plugins.JUnitXmlReportPlugin,sbtassembly.AssemblyPlugin,xerial.sbt.Sonatype,org.jetbrains.sbt.IdeaShellPlugin,org.jetbrains.sbt.StructurePlugin,sbt.plugins.MiniDependencyTreePlugin)[0m
[0m[[0m[0mdebug[0m] [0m[0mPlugins.deducer#function took 1.678974 ms[0m
[0m[[0m[0mdebug[0m] [0m[0m      Load.resolveProject(jcg_jarvis_testadapter) took 1.308597ms[0m
[0m[[0m[0mdebug[0m] [0m[0m[Loading] Loading project jcg_dynamic_testadapter @ /Users/MartinOwono/Desktop/SOSE25/BA/BA_Projekt/jcg_dynamic_testadapter[0m
[0m[[0m[0mdebug[0m] [0m[0mdeducing auto plugins based on known facts Set(Atom(sbt.plugins.CorePlugin)) and clauses Clauses(Clause(Atom(sbt.plugins.JvmPlugin),Set(Atom(sbt.plugins.IvyPlugin)))[0m
[0m[[0m[0mdebug[0m] [0m[0mClause(Atom(sbt.ScriptedPlugin),Set(Atom(sbt.plugins.JvmPlugin)))[0m
[0m[[0m[0mdebug[0m] [0m[0mClause(Atom(sbt.plugins.SbtPlugin),Set(Atom(sbt.ScriptedPlugin)))[0m
[0m[[0m[0mdebug[0m] [0m[0mClause(Atom(sbt.plugins.SemanticdbPlugin),Set(Atom(sbt.plugins.JvmPlugin)))[0m
[0m[[0m[0mdebug[0m] [0m[0mClause(Atom(sbt.plugins.JUnitXmlReportPlugin),Set(Atom(sbt.plugins.JvmPlugin)))[0m
[0m[[0m[0mdebug[0m] [0m[0mClause(Atom(sbt.plugins.MiniDependencyTreePlugin),Set(Atom(sbt.plugins.JvmPlugin)))[0m
[0m[[0m[0mdebug[0m] [0m[0mClause(Atom(sbtassembly.AssemblyPlugin),Set(Atom(sbt.plugins.JvmPlugin)))[0m
[0m[[0m[0mdebug[0m] [0m[0mClause(Atom(com.typesafe.sbt.SbtPgp),Set(Atom(sbt.plugins.IvyPlugin)))[0m
[0m[[0m[0mdebug[0m] [0m[0mClause(Atom(sbtdirtymoney.DirtyMoneyPlugin),Set(Atom(sbt.plugins.IvyPlugin)))[0m
[0m[[0m[0mdebug[0m] [0m[0mClause(Atom(xerial.sbt.Sonatype),Set(Atom(sbt.plugins.JvmPlugin)))[0m
[0m[[0m[0mdebug[0m] [0m[0mClause(Atom(org.jetbrains.sbt.StructurePlugin),Set(Atom(sbt.plugins.JvmPlugin)))[0m
[0m[[0m[0mdebug[0m] [0m[0mClause(Atom(org.jetbrains.sbt.IdeaShellPlugin),Set(Atom(sbt.plugins.JvmPlugin)))[0m
[0m[[0m[0mdebug[0m] [0m[0mClause(Atom(org.jetbrains.sbt.indices.SbtIntellijIndicesPlugin),Set(Atom(sbt.plugins.JvmPlugin)))[0m
[0m[[0m[0mdebug[0m] [0m[0mClause(Atom(sbt.plugins.CorePlugin),Set(Atom(sbt.plugins.IvyPlugin)))[0m
[0m[[0m[0mdebug[0m] [0m[0mClause(Atom(sbt.plugins.IvyPlugin),Set(Atom(sbt.plugins.JvmPlugin)))[0m
[0m[[0m[0mdebug[0m] [0m[0mClause(Atom(sbt.plugins.JvmPlugin),Set(Atom(sbt.plugins.SemanticdbPlugin)))[0m
[0m[[0m[0mdebug[0m] [0m[0mClause(Atom(sbt.plugins.JvmPlugin),Set(Atom(sbt.plugins.JUnitXmlReportPlugin)))[0m
[0m[[0m[0mdebug[0m] [0m[0mClause(Atom(sbt.plugins.CorePlugin),Set(Atom(sbt.plugins.Giter8TemplatePlugin)))[0m
[0m[[0m[0mdebug[0m] [0m[0mClause(Atom(sbt.plugins.JvmPlugin),Set(Atom(sbt.plugins.MiniDependencyTreePlugin)))[0m
[0m[[0m[0mdebug[0m] [0m[0mClause(Atom(sbt.plugins.JvmPlugin),Set(Atom(sbtassembly.AssemblyPlugin)))[0m
[0m[[0m[0mdebug[0m] [0m[0mClause(Atom(sbt.plugins.IvyPlugin),Set(Atom(com.typesafe.sbt.SbtPgp)))[0m
[0m[[0m[0mdebug[0m] [0m[0mClause(Atom(sbt.plugins.IvyPlugin),Set(Atom(sbtdirtymoney.DirtyMoneyPlugin)))[0m
[0m[[0m[0mdebug[0m] [0m[0mClause(Atom(sbt.plugins.JvmPlugin),Set(Atom(xerial.sbt.Sonatype)))[0m
[0m[[0m[0mdebug[0m] [0m[0mClause(Atom(sbt.plugins.JvmPlugin),Set(Atom(org.jetbrains.sbt.StructurePlugin)))[0m
[0m[[0m[0mdebug[0m] [0m[0mClause(Atom(sbt.plugins.JvmPlugin),Set(Atom(org.jetbrains.sbt.IdeaShellPlugin)))[0m
[0m[[0m[0mdebug[0m] [0m[0mClause(And(Set(Atom(sbt.plugins.CorePlugin), Atom(sbt.plugins.JvmPlugin))),Set(Atom(org.jetbrains.sbt.indices.SbtIntellijIndicesPlugin))))[0m
[0m[[0m[0mdebug[0m] [0m[0m  :: deduced result: Matched(sbt.plugins.CorePlugin,sbt.plugins.Giter8TemplatePlugin,sbt.plugins.IvyPlugin,sbtdirtymoney.DirtyMoneyPlugin,com.typesafe.sbt.SbtPgp,sbt.plugins.JvmPlugin,sbt.plugins.SemanticdbPlugin,org.jetbrains.sbt.indices.SbtIntellijIndicesPlugin,sbt.plugins.JUnitXmlReportPlugin,sbtassembly.AssemblyPlugin,xerial.sbt.Sonatype,org.jetbrains.sbt.IdeaShellPlugin,org.jetbrains.sbt.StructurePlugin,sbt.plugins.MiniDependencyTreePlugin)[0m
[0m[[0m[0mdebug[0m] [0m[0mPlugins.deducer#function took 2.593919 ms[0m
[0m[[0m[0mdebug[0m] [0m[0m      Load.resolveProject(jcg_dynamic_testadapter) took 1.922801ms[0m
[0m[[0m[0mdebug[0m] [0m[0m[Loading] Loading project jcg_testadapter_commons @ /Users/MartinOwono/Desktop/SOSE25/BA/BA_Projekt/jcg_testadapter_commons[0m
[0m[[0m[0mdebug[0m] [0m[0mdeducing auto plugins based on known facts Set(Atom(sbt.plugins.CorePlugin)) and clauses Clauses(Clause(Atom(sbt.plugins.JvmPlugin),Set(Atom(sbt.plugins.IvyPlugin)))[0m
[0m[[0m[0mdebug[0m] [0m[0mClause(Atom(sbt.ScriptedPlugin),Set(Atom(sbt.plugins.JvmPlugin)))[0m
[0m[[0m[0mdebug[0m] [0m[0mClause(Atom(sbt.plugins.SbtPlugin),Set(Atom(sbt.ScriptedPlugin)))[0m
[0m[[0m[0mdebug[0m] [0m[0mClause(Atom(sbt.plugins.SemanticdbPlugin),Set(Atom(sbt.plugins.JvmPlugin)))[0m
[0m[[0m[0mdebug[0m] [0m[0mClause(Atom(sbt.plugins.JUnitXmlReportPlugin),Set(Atom(sbt.plugins.JvmPlugin)))[0m
[0m[[0m[0mdebug[0m] [0m[0mClause(Atom(sbt.plugins.MiniDependencyTreePlugin),Set(Atom(sbt.plugins.JvmPlugin)))[0m
[0m[[0m[0mdebug[0m] [0m[0mClause(Atom(sbtassembly.AssemblyPlugin),Set(Atom(sbt.plugins.JvmPlugin)))[0m
[0m[[0m[0mdebug[0m] [0m[0mClause(Atom(com.typesafe.sbt.SbtPgp),Set(Atom(sbt.plugins.IvyPlugin)))[0m
[0m[[0m[0mdebug[0m] [0m[0mClause(Atom(sbtdirtymoney.DirtyMoneyPlugin),Set(Atom(sbt.plugins.IvyPlugin)))[0m
[0m[[0m[0mdebug[0m] [0m[0mClause(Atom(xerial.sbt.Sonatype),Set(Atom(sbt.plugins.JvmPlugin)))[0m
[0m[[0m[0mdebug[0m] [0m[0mClause(Atom(org.jetbrains.sbt.StructurePlugin),Set(Atom(sbt.plugins.JvmPlugin)))[0m
[0m[[0m[0mdebug[0m] [0m[0mClause(Atom(org.jetbrains.sbt.IdeaShellPlugin),Set(Atom(sbt.plugins.JvmPlugin)))[0m
[0m[[0m[0mdebug[0m] [0m[0mClause(Atom(org.jetbrains.sbt.indices.SbtIntellijIndicesPlugin),Set(Atom(sbt.plugins.JvmPlugin)))[0m
[0m[[0m[0mdebug[0m] [0m[0mClause(Atom(sbt.plugins.CorePlugin),Set(Atom(sbt.plugins.IvyPlugin)))[0m
[0m[[0m[0mdebug[0m] [0m[0mClause(Atom(sbt.plugins.IvyPlugin),Set(Atom(sbt.plugins.JvmPlugin)))[0m
[0m[[0m[0mdebug[0m] [0m[0mClause(Atom(sbt.plugins.JvmPlugin),Set(Atom(sbt.plugins.SemanticdbPlugin)))[0m
[0m[[0m[0mdebug[0m] [0m[0mClause(Atom(sbt.plugins.JvmPlugin),Set(Atom(sbt.plugins.JUnitXmlReportPlugin)))[0m
[0m[[0m[0mdebug[0m] [0m[0mClause(Atom(sbt.plugins.CorePlugin),Set(Atom(sbt.plugins.Giter8TemplatePlugin)))[0m
[0m[[0m[0mdebug[0m] [0m[0mClause(Atom(sbt.plugins.JvmPlugin),Set(Atom(sbt.plugins.MiniDependencyTreePlugin)))[0m
[0m[[0m[0mdebug[0m] [0m[0mClause(Atom(sbt.plugins.JvmPlugin),Set(Atom(sbtassembly.AssemblyPlugin)))[0m
[0m[[0m[0mdebug[0m] [0m[0mClause(Atom(sbt.plugins.IvyPlugin),Set(Atom(com.typesafe.sbt.SbtPgp)))[0m
[0m[[0m[0mdebug[0m] [0m[0mClause(Atom(sbt.plugins.IvyPlugin),Set(Atom(sbtdirtymoney.DirtyMoneyPlugin)))[0m
[0m[[0m[0mdebug[0m] [0m[0mClause(Atom(sbt.plugins.JvmPlugin),Set(Atom(xerial.sbt.Sonatype)))[0m
[0m[[0m[0mdebug[0m] [0m[0mClause(Atom(sbt.plugins.JvmPlugin),Set(Atom(org.jetbrains.sbt.StructurePlugin)))[0m
[0m[[0m[0mdebug[0m] [0m[0mClause(Atom(sbt.plugins.JvmPlugin),Set(Atom(org.jetbrains.sbt.IdeaShellPlugin)))[0m
[0m[[0m[0mdebug[0m] [0m[0mClause(And(Set(Atom(sbt.plugins.CorePlugin), Atom(sbt.plugins.JvmPlugin))),Set(Atom(org.jetbrains.sbt.indices.SbtIntellijIndicesPlugin))))[0m
[0m[[0m[0mdebug[0m] [0m[0m  :: deduced result: Matched(sbt.plugins.CorePlugin,sbt.plugins.Giter8TemplatePlugin,sbt.plugins.IvyPlugin,sbtdirtymoney.DirtyMoneyPlugin,com.typesafe.sbt.SbtPgp,sbt.plugins.JvmPlugin,sbt.plugins.SemanticdbPlugin,org.jetbrains.sbt.indices.SbtIntellijIndicesPlugin,sbt.plugins.JUnitXmlReportPlugin,sbtassembly.AssemblyPlugin,xerial.sbt.Sonatype,org.jetbrains.sbt.IdeaShellPlugin,org.jetbrains.sbt.StructurePlugin,sbt.plugins.MiniDependencyTreePlugin)[0m
[0m[[0m[0mdebug[0m] [0m[0mPlugins.deducer#function took 4.656634 ms[0m
[0m[[0m[0minfo[0m] [0m[0mloading settings for project jcg_testadapter_commons from build.sbt ...[0m
[0m[[0m[0mdebug[0m] [0m[0m      Load.resolveProject(jcg_testadapter_commons) took 29.517167ms[0m
[0m[[0m[0mdebug[0m] [0m[0m[Loading] Loading project jcg_callgraphs_testadapter @ /Users/MartinOwono/Desktop/SOSE25/BA/BA_Projekt/jcg_callgraphs_testadapter[0m
[0m[[0m[0mdebug[0m] [0m[0mdeducing auto plugins based on known facts Set(Atom(sbt.plugins.CorePlugin)) and clauses Clauses(Clause(Atom(sbt.plugins.JvmPlugin),Set(Atom(sbt.plugins.IvyPlugin)))[0m
[0m[[0m[0mdebug[0m] [0m[0mClause(Atom(sbt.ScriptedPlugin),Set(Atom(sbt.plugins.JvmPlugin)))[0m
[0m[[0m[0mdebug[0m] [0m[0mClause(Atom(sbt.plugins.SbtPlugin),Set(Atom(sbt.ScriptedPlugin)))[0m
[0m[[0m[0mdebug[0m] [0m[0mClause(Atom(sbt.plugins.SemanticdbPlugin),Set(Atom(sbt.plugins.JvmPlugin)))[0m
[0m[[0m[0mdebug[0m] [0m[0mClause(Atom(sbt.plugins.JUnitXmlReportPlugin),Set(Atom(sbt.plugins.JvmPlugin)))[0m
[0m[[0m[0mdebug[0m] [0m[0mClause(Atom(sbt.plugins.MiniDependencyTreePlugin),Set(Atom(sbt.plugins.JvmPlugin)))[0m
[0m[[0m[0mdebug[0m] [0m[0mClause(Atom(sbtassembly.AssemblyPlugin),Set(Atom(sbt.plugins.JvmPlugin)))[0m
[0m[[0m[0mdebug[0m] [0m[0mClause(Atom(com.typesafe.sbt.SbtPgp),Set(Atom(sbt.plugins.IvyPlugin)))[0m
[0m[[0m[0mdebug[0m] [0m[0mClause(Atom(sbtdirtymoney.DirtyMoneyPlugin),Set(Atom(sbt.plugins.IvyPlugin)))[0m
[0m[[0m[0mdebug[0m] [0m[0mClause(Atom(xerial.sbt.Sonatype),Set(Atom(sbt.plugins.JvmPlugin)))[0m
[0m[[0m[0mdebug[0m] [0m[0mClause(Atom(org.jetbrains.sbt.StructurePlugin),Set(Atom(sbt.plugins.JvmPlugin)))[0m
[0m[[0m[0mdebug[0m] [0m[0mClause(Atom(org.jetbrains.sbt.IdeaShellPlugin),Set(Atom(sbt.plugins.JvmPlugin)))[0m
[0m[[0m[0mdebug[0m] [0m[0mClause(Atom(org.jetbrains.sbt.indices.SbtIntellijIndicesPlugin),Set(Atom(sbt.plugins.JvmPlugin)))[0m
[0m[[0m[0mdebug[0m] [0m[0mClause(Atom(sbt.plugins.CorePlugin),Set(Atom(sbt.plugins.IvyPlugin)))[0m
[0m[[0m[0mdebug[0m] [0m[0mClause(Atom(sbt.plugins.IvyPlugin),Set(Atom(sbt.plugins.JvmPlugin)))[0m
[0m[[0m[0mdebug[0m] [0m[0mClause(Atom(sbt.plugins.JvmPlugin),Set(Atom(sbt.plugins.SemanticdbPlugin)))[0m
[0m[[0m[0mdebug[0m] [0m[0mClause(Atom(sbt.plugins.JvmPlugin),Set(Atom(sbt.plugins.JUnitXmlReportPlugin)))[0m
[0m[[0m[0mdebug[0m] [0m[0mClause(Atom(sbt.plugins.CorePlugin),Set(Atom(sbt.plugins.Giter8TemplatePlugin)))[0m
[0m[[0m[0mdebug[0m] [0m[0mClause(Atom(sbt.plugins.JvmPlugin),Set(Atom(sbt.plugins.MiniDependencyTreePlugin)))[0m
[0m[[0m[0mdebug[0m] [0m[0mClause(Atom(sbt.plugins.JvmPlugin),Set(Atom(sbtassembly.AssemblyPlugin)))[0m
[0m[[0m[0mdebug[0m] [0m[0mClause(Atom(sbt.plugins.IvyPlugin),Set(Atom(com.typesafe.sbt.SbtPgp)))[0m
[0m[[0m[0mdebug[0m] [0m[0mClause(Atom(sbt.plugins.IvyPlugin),Set(Atom(sbtdirtymoney.DirtyMoneyPlugin)))[0m
[0m[[0m[0mdebug[0m] [0m[0mClause(Atom(sbt.plugins.JvmPlugin),Set(Atom(xerial.sbt.Sonatype)))[0m
[0m[[0m[0mdebug[0m] [0m[0mClause(Atom(sbt.plugins.JvmPlugin),Set(Atom(org.jetbrains.sbt.StructurePlugin)))[0m
[0m[[0m[0mdebug[0m] [0m[0mClause(Atom(sbt.plugins.JvmPlugin),Set(Atom(org.jetbrains.sbt.IdeaShellPlugin)))[0m
[0m[[0m[0mdebug[0m] [0m[0mClause(And(Set(Atom(sbt.plugins.CorePlugin), Atom(sbt.plugins.JvmPlugin))),Set(Atom(org.jetbrains.sbt.indices.SbtIntellijIndicesPlugin))))[0m
[0m[[0m[0mdebug[0m] [0m[0m  :: deduced result: Matched(sbt.plugins.CorePlugin,sbt.plugins.Giter8TemplatePlugin,sbt.plugins.IvyPlugin,sbtdirtymoney.DirtyMoneyPlugin,com.typesafe.sbt.SbtPgp,sbt.plugins.JvmPlugin,sbt.plugins.SemanticdbPlugin,org.jetbrains.sbt.indices.SbtIntellijIndicesPlugin,sbt.plugins.JUnitXmlReportPlugin,sbtassembly.AssemblyPlugin,xerial.sbt.Sonatype,org.jetbrains.sbt.IdeaShellPlugin,org.jetbrains.sbt.StructurePlugin,sbt.plugins.MiniDependencyTreePlugin)[0m
[0m[[0m[0mdebug[0m] [0m[0mPlugins.deducer#function took 2.815741 ms[0m
[0m[[0m[0minfo[0m] [0m[0mloading settings for project jcg_callgraphs_testadapter from build.sbt ...[0m
[0m[[0m[0mdebug[0m] [0m[0m      Load.resolveProject(jcg_callgraphs_testadapter) took 2.936877ms[0m
[0m[[0m[0mdebug[0m] [0m[0m[Loading] Loading project jcg_evaluation @ /Users/MartinOwono/Desktop/SOSE25/BA/BA_Projekt/jcg_evaluation[0m
[0m[[0m[0mdebug[0m] [0m[0mdeducing auto plugins based on known facts Set(Atom(sbt.plugins.CorePlugin)) and clauses Clauses(Clause(Atom(sbt.plugins.JvmPlugin),Set(Atom(sbt.plugins.IvyPlugin)))[0m
[0m[[0m[0mdebug[0m] [0m[0mClause(Atom(sbt.ScriptedPlugin),Set(Atom(sbt.plugins.JvmPlugin)))[0m
[0m[[0m[0mdebug[0m] [0m[0mClause(Atom(sbt.plugins.SbtPlugin),Set(Atom(sbt.ScriptedPlugin)))[0m
[0m[[0m[0mdebug[0m] [0m[0mClause(Atom(sbt.plugins.SemanticdbPlugin),Set(Atom(sbt.plugins.JvmPlugin)))[0m
[0m[[0m[0mdebug[0m] [0m[0mClause(Atom(sbt.plugins.JUnitXmlReportPlugin),Set(Atom(sbt.plugins.JvmPlugin)))[0m
[0m[[0m[0mdebug[0m] [0m[0mClause(Atom(sbt.plugins.MiniDependencyTreePlugin),Set(Atom(sbt.plugins.JvmPlugin)))[0m
[0m[[0m[0mdebug[0m] [0m[0mClause(Atom(sbtassembly.AssemblyPlugin),Set(Atom(sbt.plugins.JvmPlugin)))[0m
[0m[[0m[0mdebug[0m] [0m[0mClause(Atom(com.typesafe.sbt.SbtPgp),Set(Atom(sbt.plugins.IvyPlugin)))[0m
[0m[[0m[0mdebug[0m] [0m[0mClause(Atom(sbtdirtymoney.DirtyMoneyPlugin),Set(Atom(sbt.plugins.IvyPlugin)))[0m
[0m[[0m[0mdebug[0m] [0m[0mClause(Atom(xerial.sbt.Sonatype),Set(Atom(sbt.plugins.JvmPlugin)))[0m
[0m[[0m[0mdebug[0m] [0m[0mClause(Atom(org.jetbrains.sbt.StructurePlugin),Set(Atom(sbt.plugins.JvmPlugin)))[0m
[0m[[0m[0mdebug[0m] [0m[0mClause(Atom(org.jetbrains.sbt.IdeaShellPlugin),Set(Atom(sbt.plugins.JvmPlugin)))[0m
[0m[[0m[0mdebug[0m] [0m[0mClause(Atom(org.jetbrains.sbt.indices.SbtIntellijIndicesPlugin),Set(Atom(sbt.plugins.JvmPlugin)))[0m
[0m[[0m[0mdebug[0m] [0m[0mClause(Atom(sbt.plugins.CorePlugin),Set(Atom(sbt.plugins.IvyPlugin)))[0m
[0m[[0m[0mdebug[0m] [0m[0mClause(Atom(sbt.plugins.IvyPlugin),Set(Atom(sbt.plugins.JvmPlugin)))[0m
[0m[[0m[0mdebug[0m] [0m[0mClause(Atom(sbt.plugins.JvmPlugin),Set(Atom(sbt.plugins.SemanticdbPlugin)))[0m
[0m[[0m[0mdebug[0m] [0m[0mClause(Atom(sbt.plugins.JvmPlugin),Set(Atom(sbt.plugins.JUnitXmlReportPlugin)))[0m
[0m[[0m[0mdebug[0m] [0m[0mClause(Atom(sbt.plugins.CorePlugin),Set(Atom(sbt.plugins.Giter8TemplatePlugin)))[0m
[0m[[0m[0mdebug[0m] [0m[0mClause(Atom(sbt.plugins.JvmPlugin),Set(Atom(sbt.plugins.MiniDependencyTreePlugin)))[0m
[0m[[0m[0mdebug[0m] [0m[0mClause(Atom(sbt.plugins.JvmPlugin),Set(Atom(sbtassembly.AssemblyPlugin)))[0m
[0m[[0m[0mdebug[0m] [0m[0mClause(Atom(sbt.plugins.IvyPlugin),Set(Atom(com.typesafe.sbt.SbtPgp)))[0m
[0m[[0m[0mdebug[0m] [0m[0mClause(Atom(sbt.plugins.IvyPlugin),Set(Atom(sbtdirtymoney.DirtyMoneyPlugin)))[0m
[0m[[0m[0mdebug[0m] [0m[0mClause(Atom(sbt.plugins.JvmPlugin),Set(Atom(xerial.sbt.Sonatype)))[0m
[0m[[0m[0mdebug[0m] [0m[0mClause(Atom(sbt.plugins.JvmPlugin),Set(Atom(org.jetbrains.sbt.StructurePlugin)))[0m
[0m[[0m[0mdebug[0m] [0m[0mClause(Atom(sbt.plugins.JvmPlugin),Set(Atom(org.jetbrains.sbt.IdeaShellPlugin)))[0m
[0m[[0m[0mdebug[0m] [0m[0mClause(And(Set(Atom(sbt.plugins.CorePlugin), Atom(sbt.plugins.JvmPlugin))),Set(Atom(org.jetbrains.sbt.indices.SbtIntellijIndicesPlugin))))[0m
[0m[[0m[0mdebug[0m] [0m[0m  :: deduced result: Matched(sbt.plugins.CorePlugin,sbt.plugins.Giter8TemplatePlugin,sbt.plugins.IvyPlugin,sbtdirtymoney.DirtyMoneyPlugin,com.typesafe.sbt.SbtPgp,sbt.plugins.JvmPlugin,sbt.plugins.SemanticdbPlugin,org.jetbrains.sbt.indices.SbtIntellijIndicesPlugin,sbt.plugins.JUnitXmlReportPlugin,sbtassembly.AssemblyPlugin,xerial.sbt.Sonatype,org.jetbrains.sbt.IdeaShellPlugin,org.jetbrains.sbt.StructurePlugin,sbt.plugins.MiniDependencyTreePlugin)[0m
[0m[[0m[0mdebug[0m] [0m[0mPlugins.deducer#function took 3.911303 ms[0m
[0m[[0m[0minfo[0m] [0m[0mloading settings for project jcg_evaluation from build.sbt ...[0m
[0m[[0m[0mdebug[0m] [0m[0m      Load.resolveProject(jcg_evaluation) took 2.570788ms[0m
[0m[[0m[0mdebug[0m] [0m[0m[Loading] Done in /Users/MartinOwono/Desktop/SOSE25/BA/BA_Projekt, returning: (jcg_annotations, jcg_data_format, jcg_testcases, jcg_annotation_matcher, jcg_wala_testadapter, jcg_soot_testadapter, jcg_opal_testadapter, jcg_doop_testadapter, jcg_js_callgraph_testadapter, jcg_jelly_testadapter, jcg_tajs_testadapter, jcg_code2flow_js_testadapter, jcg_code2flow_py_testadapter, jcg_pycg_testadapter, jcg_pyan_testadapter, jcg_jarvis_testadapter, jcg_dynamic_testadapter, jcg_testadapter_commons, jcg_callgraphs_testadapter, jcg_evaluation)[0m
[0m[[0m[0mdebug[0m] [0m[0mdeducing auto plugins based on known facts Set(Atom(sbt.plugins.CorePlugin)) and clauses Clauses(Clause(Atom(sbt.plugins.JvmPlugin),Set(Atom(sbt.plugins.IvyPlugin)))[0m
[0m[[0m[0mdebug[0m] [0m[0mClause(Atom(sbt.ScriptedPlugin),Set(Atom(sbt.plugins.JvmPlugin)))[0m
[0m[[0m[0mdebug[0m] [0m[0mClause(Atom(sbt.plugins.SbtPlugin),Set(Atom(sbt.ScriptedPlugin)))[0m
[0m[[0m[0mdebug[0m] [0m[0mClause(Atom(sbt.plugins.SemanticdbPlugin),Set(Atom(sbt.plugins.JvmPlugin)))[0m
[0m[[0m[0mdebug[0m] [0m[0mClause(Atom(sbt.plugins.JUnitXmlReportPlugin),Set(Atom(sbt.plugins.JvmPlugin)))[0m
[0m[[0m[0mdebug[0m] [0m[0mClause(Atom(sbt.plugins.MiniDependencyTreePlugin),Set(Atom(sbt.plugins.JvmPlugin)))[0m
[0m[[0m[0mdebug[0m] [0m[0mClause(Atom(sbtassembly.AssemblyPlugin),Set(Atom(sbt.plugins.JvmPlugin)))[0m
[0m[[0m[0mdebug[0m] [0m[0mClause(Atom(com.typesafe.sbt.SbtPgp),Set(Atom(sbt.plugins.IvyPlugin)))[0m
[0m[[0m[0mdebug[0m] [0m[0mClause(Atom(sbtdirtymoney.DirtyMoneyPlugin),Set(Atom(sbt.plugins.IvyPlugin)))[0m
[0m[[0m[0mdebug[0m] [0m[0mClause(Atom(xerial.sbt.Sonatype),Set(Atom(sbt.plugins.JvmPlugin)))[0m
[0m[[0m[0mdebug[0m] [0m[0mClause(Atom(org.jetbrains.sbt.StructurePlugin),Set(Atom(sbt.plugins.JvmPlugin)))[0m
[0m[[0m[0mdebug[0m] [0m[0mClause(Atom(org.jetbrains.sbt.IdeaShellPlugin),Set(Atom(sbt.plugins.JvmPlugin)))[0m
[0m[[0m[0mdebug[0m] [0m[0mClause(Atom(org.jetbrains.sbt.indices.SbtIntellijIndicesPlugin),Set(Atom(sbt.plugins.JvmPlugin)))[0m
[0m[[0m[0mdebug[0m] [0m[0mClause(Atom(sbt.plugins.CorePlugin),Set(Atom(sbt.plugins.IvyPlugin)))[0m
[0m[[0m[0mdebug[0m] [0m[0mClause(Atom(sbt.plugins.IvyPlugin),Set(Atom(sbt.plugins.JvmPlugin)))[0m
[0m[[0m[0mdebug[0m] [0m[0mClause(Atom(sbt.plugins.JvmPlugin),Set(Atom(sbt.plugins.SemanticdbPlugin)))[0m
[0m[[0m[0mdebug[0m] [0m[0mClause(Atom(sbt.plugins.JvmPlugin),Set(Atom(sbt.plugins.JUnitXmlReportPlugin)))[0m
[0m[[0m[0mdebug[0m] [0m[0mClause(Atom(sbt.plugins.CorePlugin),Set(Atom(sbt.plugins.Giter8TemplatePlugin)))[0m
[0m[[0m[0mdebug[0m] [0m[0mClause(Atom(sbt.plugins.JvmPlugin),Set(Atom(sbt.plugins.MiniDependencyTreePlugin)))[0m
[0m[[0m[0mdebug[0m] [0m[0mClause(Atom(sbt.plugins.JvmPlugin),Set(Atom(sbtassembly.AssemblyPlugin)))[0m
[0m[[0m[0mdebug[0m] [0m[0mClause(Atom(sbt.plugins.IvyPlugin),Set(Atom(com.typesafe.sbt.SbtPgp)))[0m
[0m[[0m[0mdebug[0m] [0m[0mClause(Atom(sbt.plugins.IvyPlugin),Set(Atom(sbtdirtymoney.DirtyMoneyPlugin)))[0m
[0m[[0m[0mdebug[0m] [0m[0mClause(Atom(sbt.plugins.JvmPlugin),Set(Atom(xerial.sbt.Sonatype)))[0m
[0m[[0m[0mdebug[0m] [0m[0mClause(Atom(sbt.plugins.JvmPlugin),Set(Atom(org.jetbrains.sbt.StructurePlugin)))[0m
[0m[[0m[0mdebug[0m] [0m[0mClause(Atom(sbt.plugins.JvmPlugin),Set(Atom(org.jetbrains.sbt.IdeaShellPlugin)))[0m
[0m[[0m[0mdebug[0m] [0m[0mClause(And(Set(Atom(sbt.plugins.CorePlugin), Atom(sbt.plugins.JvmPlugin))),Set(Atom(org.jetbrains.sbt.indices.SbtIntellijIndicesPlugin))))[0m
[0m[[0m[0mdebug[0m] [0m[0m  :: deduced result: Matched(sbt.plugins.CorePlugin,sbt.plugins.Giter8TemplatePlugin,sbt.plugins.IvyPlugin,sbtdirtymoney.DirtyMoneyPlugin,com.typesafe.sbt.SbtPgp,sbt.plugins.JvmPlugin,sbt.plugins.SemanticdbPlugin,org.jetbrains.sbt.indices.SbtIntellijIndicesPlugin,sbt.plugins.JUnitXmlReportPlugin,sbtassembly.AssemblyPlugin,xerial.sbt.Sonatype,org.jetbrains.sbt.IdeaShellPlugin,org.jetbrains.sbt.StructurePlugin,sbt.plugins.MiniDependencyTreePlugin)[0m
[0m[[0m[0mdebug[0m] [0m[0mPlugins.deducer#function took 2.746891 ms[0m
[0m[[0m[0minfo[0m] [0m[0mloading settings for project ba_projekt from build.sbt ...[0m
[0m[[0m[0mdebug[0m] [0m[0m        Load.resolveProject(ba_projekt) took 3.545498ms[0m
[0m[[0m[0mdebug[0m] [0m[0m      Load.loadTransitive: finalizeProject(Project(id ba_projekt, base: /Users/MartinOwono/Desktop/SOSE25/BA/BA_Projekt, aggregate: List(ProjectRef(file:/Users/MartinOwono/Desktop/SOSE25/BA/BA_Projekt/,jcg_annotations), ProjectRef(file:/Users/MartinOwono/Desktop/SOSE25/BA/BA_Projekt/,jcg_data_format), ProjectRef(file:/Users/MartinOwono/Desktop/SOSE25/BA/BA_Projekt/,jcg_testcases), ProjectRef(file:/Users/MartinOwono/Desktop/SOSE25/BA/BA_Projekt/,jcg_annotation_matcher), ProjectRef(file:/Users/MartinOwono/Desktop/SOSE25/BA/BA_Projekt/,jcg_wala_testadapter), ProjectRef(file:/Users/MartinOwono/Desktop/SOSE25/BA/BA_Projekt/,jcg_soot_testadapter), ProjectRef(file:/Users/MartinOwono/Desktop/SOSE25/BA/BA_Projekt/,jcg_opal_testadapter), ProjectRef(file:/Users/MartinOwono/Desktop/SOSE25/BA/BA_Projekt/,jcg_doop_testadapter), ProjectRef(file:/Users/MartinOwono/Desktop/SOSE25/BA/BA_Projekt/,jcg_js_callgraph_testadapter), ProjectRef(file:/Users/MartinOwono/Desktop/SOSE25/BA/BA_Projekt/,jcg_jelly_testadapter), ProjectRef(file:/Users/MartinOwono/Desktop/SOSE25/BA/BA_Projekt/,jcg_tajs_testadapter), ProjectRef(file:/Users/MartinOwono/Desktop/SOSE25/BA/BA_Projekt/,jcg_code2flow_js_testadapter), ProjectRef(file:/Users/MartinOwono/Desktop/SOSE25/BA/BA_Projekt/,jcg_code2flow_py_testadapter), ProjectRef(file:/Users/MartinOwono/Desktop/SOSE25/BA/BA_Projekt/,jcg_pycg_testadapter), ProjectRef(file:/Users/MartinOwono/Desktop/SOSE25/BA/BA_Projekt/,jcg_pyan_testadapter), ProjectRef(file:/Users/MartinOwono/Desktop/SOSE25/BA/BA_Projekt/,jcg_jarvis_testadapter), ProjectRef(file:/Users/MartinOwono/Desktop/SOSE25/BA/BA_Projekt/,jcg_dynamic_testadapter), ProjectRef(file:/Users/MartinOwono/Desktop/SOSE25/BA/BA_Projekt/,jcg_testadapter_commons), ProjectRef(file:/Users/MartinOwono/Desktop/SOSE25/BA/BA_Projekt/,jcg_callgraphs_testadapter), ProjectRef(file:/Users/MartinOwono/Desktop/SOSE25/BA/BA_Projekt/,jcg_evaluation)), plugins: List(<none>))) took 7.055193ms[0m
[0m[[0m[0mdebug[0m] [0m[0m[Loading] Done in /Users/MartinOwono/Desktop/SOSE25/BA/BA_Projekt, returning: (ba_projekt, jcg_annotations, jcg_data_format, jcg_testcases, jcg_annotation_matcher, jcg_wala_testadapter, jcg_soot_testadapter, jcg_opal_testadapter, jcg_doop_testadapter, jcg_js_callgraph_testadapter, jcg_jelly_testadapter, jcg_tajs_testadapter, jcg_code2flow_js_testadapter, jcg_code2flow_py_testadapter, jcg_pycg_testadapter, jcg_pyan_testadapter, jcg_jarvis_testadapter, jcg_dynamic_testadapter, jcg_testadapter_commons, jcg_callgraphs_testadapter, jcg_evaluation)[0m
[0m[[0m[0mdebug[0m] [0m[0m    Load.loadUnit: loadedProjectsRaw took 11946.176742ms[0m
[0m[[0m[0mdebug[0m] [0m[0m    Load.loadUnit: cleanEvalClasses took 19.513901ms[0m
[0m[[0m[0mdebug[0m] [0m[0m  Load.loadUnit(file:/Users/MartinOwono/Desktop/SOSE25/BA/BA_Projekt/, ...) took 14726.767693ms[0m
[0m[[0m[0mdebug[0m] [0m[0mLoad.apply: load took 14740.660561ms[0m
[0m[[0m[0mdebug[0m] [0m[0mLoad.apply: resolveProjects took 5.057153ms[0m
[0m[[0m[0mdebug[0m] [0m[0mLoad.apply: finalTransforms took 286.048469ms[0m
[0m[[0m[0mdebug[0m] [0m[0mLoad.apply: config.delegates took 6.631359ms[0m
[0m[[0m[0minfo[0m] [0m[0mresolving key references (18458 settings) ...[0m
[0m[[0m[0mdebug[0m] [0m[0mLoad.apply: Def.make(settings)... took 2564.020935ms[0m
[0m[[0m[0mdebug[0m] [0m[0mLoad.apply: structureIndex took 1311.322137ms[0m
[0m[[0m[0mdebug[0m] [0m[0mLoad.apply: mkStreams took 0.003585ms[0m
[0m[[0m[0minfo[0m] [0m[0mset current project to ba_projekt (in build file:/Users/MartinOwono/Desktop/SOSE25/BA/BA_Projekt/)[0m
[0m[[0m[0mdebug[0m] [0m[0m> Exec(sbtPopOnFailure, None, None)[0m
[0m[[0m[0mdebug[0m] [0m[0m> Exec(resumeFromFailure, None, None)[0m
[0m[[0m[0mdebug[0m] [0m[0m> Exec(notifyUsersAboutShell, None, None)[0m
[0m[[0m[0mdebug[0m] [0m[0m> Exec(iflast shell, None, None)[0m
[0m[[0m[0mdebug[0m] [0m[0m> Exec(; set ideaPort in Global := 60804 ; idea-shell, None, None)[0m
[0m[[0m[0mdebug[0m] [0m[0m> Exec(set ideaPort in Global := 60804, None, None)[0m
[0m[[0m[0minfo[0m] [0m[0mDefining Global / ideaPort[0m
[0m[[0m[0minfo[0m] [0m[0mThe new value will be used by Compile / compile, Test / compile and 39 others.[0m
[0m[[0m[0minfo[0m] [0m[0m	Run `last` for details.[0m
[0m[[0m[0mdebug[0m] [0m[0mDefining [0m
[0m[[0m[0mdebug[0m] [0m[0m	Global / ideaPort[0m
[0m[[0m[0mdebug[0m] [0m[0m[0m
[0m[[0m[0mdebug[0m] [0m[0mThe new value will be used by [0m
[0m[[0m[0mdebug[0m] [0m[0m	Compile / compile[0m
[0m[[0m[0mdebug[0m] [0m[0m	Test / compile[0m
[0m[[0m[0mdebug[0m] [0m[0m	jcg_annotation_matcher / Compile / compile[0m
[0m[[0m[0mdebug[0m] [0m[0m	jcg_annotation_matcher / Test / compile[0m
[0m[[0m[0mdebug[0m] [0m[0m	jcg_annotations / Compile / compile[0m
[0m[[0m[0mdebug[0m] [0m[0m	jcg_annotations / Test / compile[0m
[0m[[0m[0mdebug[0m] [0m[0m	jcg_callgraphs_testadapter / Compile / compile[0m
[0m[[0m[0mdebug[0m] [0m[0m	jcg_callgraphs_testadapter / Test / compile[0m
[0m[[0m[0mdebug[0m] [0m[0m	jcg_code2flow_js_testadapter / Compile / compile[0m
[0m[[0m[0mdebug[0m] [0m[0m	jcg_code2flow_js_testadapter / Test / compile[0m
[0m[[0m[0mdebug[0m] [0m[0m	jcg_code2flow_py_testadapter / Compile / compile[0m
[0m[[0m[0mdebug[0m] [0m[0m	jcg_code2flow_py_testadapter / Test / compile[0m
[0m[[0m[0mdebug[0m] [0m[0m	jcg_data_format / Compile / compile[0m
[0m[[0m[0mdebug[0m] [0m[0m	jcg_data_format / Test / compile[0m
[0m[[0m[0mdebug[0m] [0m[0m	jcg_doop_testadapter / Compile / compile[0m
[0m[[0m[0mdebug[0m] [0m[0m	jcg_doop_testadapter / Test / compile[0m
[0m[[0m[0mdebug[0m] [0m[0m	jcg_dynamic_testadapter / Compile / compile[0m
[0m[[0m[0mdebug[0m] [0m[0m	jcg_dynamic_testadapter / Test / compile[0m
[0m[[0m[0mdebug[0m] [0m[0m	jcg_evaluation / Compile / compile[0m
[0m[[0m[0mdebug[0m] [0m[0m	jcg_evaluation / Test / compile[0m
[0m[[0m[0mdebug[0m] [0m[0m	jcg_jarvis_testadapter / Compile / compile[0m
[0m[[0m[0mdebug[0m] [0m[0m	jcg_jarvis_testadapter / Test / compile[0m
[0m[[0m[0mdebug[0m] [0m[0m	jcg_jelly_testadapter / Compile / compile[0m
[0m[[0m[0mdebug[0m] [0m[0m	jcg_jelly_testadapter / Test / compile[0m
[0m[[0m[0mdebug[0m] [0m[0m	jcg_js_callgraph_testadapter / Compile / compile[0m
[0m[[0m[0mdebug[0m] [0m[0m	jcg_js_callgraph_testadapter / Test / compile[0m
[0m[[0m[0mdebug[0m] [0m[0m	jcg_opal_testadapter / Compile / compile[0m
[0m[[0m[0mdebug[0m] [0m[0m	jcg_opal_testadapter / Test / compile[0m
[0m[[0m[0mdebug[0m] [0m[0m	jcg_pyan_testadapter / Compile / compile[0m
[0m[[0m[0mdebug[0m] [0m[0m	jcg_pyan_testadapter / Test / compile[0m
[0m[[0m[0mdebug[0m] [0m[0m	jcg_pycg_testadapter / Compile / compile[0m
[0m[[0m[0mdebug[0m] [0m[0m	jcg_pycg_testadapter / Test / compile[0m
[0m[[0m[0mdebug[0m] [0m[0m	jcg_soot_testadapter / Compile / compile[0m
[0m[[0m[0mdebug[0m] [0m[0m	jcg_soot_testadapter / Test / compile[0m
[0m[[0m[0mdebug[0m] [0m[0m	jcg_tajs_testadapter / Compile / compile[0m
[0m[[0m[0mdebug[0m] [0m[0m	jcg_tajs_testadapter / Test / compile[0m
[0m[[0m[0mdebug[0m] [0m[0m	jcg_testadapter_commons / Compile / compile[0m
[0m[[0m[0mdebug[0m] [0m[0m	jcg_testadapter_commons / Test / compile[0m
[0m[[0m[0mdebug[0m] [0m[0m	jcg_testcases / Compile / compile[0m
[0m[[0m[0mdebug[0m] [0m[0m	jcg_testcases / Test / compile[0m
[0m[[0m[0mdebug[0m] [0m[0m	jcg_wala_testadapter / Compile / compile[0m
[0m[[0m[0mdebug[0m] [0m[0m	jcg_wala_testadapter / Test / compile[0m
[0m[[0m[0minfo[0m] [0m[0mReapplying settings...[0m
[0m[[0m[0minfo[0m] [0m[0mset current project to ba_projekt (in build file:/Users/MartinOwono/Desktop/SOSE25/BA/BA_Projekt/)[0m
[0m[[0m[0mdebug[0m] [0m[0m> Exec(idea-shell, None, None)[0m
