[0m[[0m[0mdebug[0m] [0m[0m> Exec(;reload; set _root_.org.jetbrains.sbt.StructureKeys.sbtStructureOptions in Global := "download resolveClassifiers resolveSbtClassifiers" ;*/*:dumpStructureTo /private/var/folders/7t/d933nkdj58326ztk2ml1hclr0000gn/T/sbt-structure.xml; session clear-all ; set ideaPort in Global := 60804, None, None)[0m
[0m[[0m[0mdebug[0m] [0m[0m> Exec(reload, None, None)[0m
[0m[[0m[0mdebug[0m] [0m[0m> Exec(sbtStashOnFailure, None, None)[0m
[0m[[0m[0mdebug[0m] [0m[0m> Exec(onFailure loadFailed, None, None)[0m
[0m[[0m[0mdebug[0m] [0m[0m> Exec(loadp, None, None)[0m
[0m[[0m[0minfo[0m] [0m[0mwelcome to sbt 1.7.1 (JetBrains s.r.o Java 11.0.4)[0m
[0m[[0m[0mdebug[0m] [0m[0m      Load.loadUnit: plugins took 34.071352ms[0m
[0m[[0m[0mdebug[0m] [0m[0m      Load.loadUnit: defsScala took 0.004644ms[0m
[0m[[0m[0mdebug[0m] [0m[0m[Loading] Scanning directory /Users/MartinOwono/.sbt/1.0/plugins[0m
[0m[[0m[0mdebug[0m] [0m[0m[Loading] Found non-root projects [0m
[0m[[0m[0mdebug[0m] [0m[0m[Loading] Done in /Users/MartinOwono/.sbt/1.0/plugins, returning: ()[0m
[0m[[0m[0mdebug[0m] [0m[0mdeducing auto plugins based on known facts Set(Atom(sbt.plugins.CorePlugin)) and clauses Clauses(Clause(Atom(sbt.plugins.JvmPlugin),Set(Atom(sbt.plugins.IvyPlugin)))[0m
[0m[[0m[0mdebug[0m] [0m[0mClause(Atom(sbt.ScriptedPlugin),Set(Atom(sbt.plugins.JvmPlugin)))[0m
[0m[[0m[0mdebug[0m] [0m[0mClause(Atom(sbt.plugins.SbtPlugin),Set(Atom(sbt.ScriptedPlugin)))[0m
[0m[[0m[0mdebug[0m] [0m[0mClause(Atom(sbt.plugins.SemanticdbPlugin),Set(Atom(sbt.plugins.JvmPlugin)))[0m
[0m[[0m[0mdebug[0m] [0m[0mClause(Atom(sbt.plugins.JUnitXmlReportPlugin),Set(Atom(sbt.plugins.JvmPlugin)))[0m
[0m[[0m[0mdebug[0m] [0m[0mClause(Atom(sbt.plugins.MiniDependencyTreePlugin),Set(Atom(sbt.plugins.JvmPlugin)))[0m
[0m[[0m[0mdebug[0m] [0m[0mClause(Atom(sbt.plugins.CorePlugin),Set(Atom(sbt.plugins.IvyPlugin)))[0m
[0m[[0m[0mdebug[0m] [0m[0mClause(Atom(sbt.plugins.IvyPlugin),Set(Atom(sbt.plugins.JvmPlugin)))[0m
[0m[[0m[0mdebug[0m] [0m[0mClause(Atom(sbt.plugins.JvmPlugin),Set(Atom(sbt.plugins.SemanticdbPlugin)))[0m
[0m[[0m[0mdebug[0m] [0m[0mClause(Atom(sbt.plugins.JvmPlugin),Set(Atom(sbt.plugins.JUnitXmlReportPlugin)))[0m
[0m[[0m[0mdebug[0m] [0m[0mClause(Atom(sbt.plugins.CorePlugin),Set(Atom(sbt.plugins.Giter8TemplatePlugin)))[0m
[0m[[0m[0mdebug[0m] [0m[0mClause(Atom(sbt.plugins.JvmPlugin),Set(Atom(sbt.plugins.MiniDependencyTreePlugin))))[0m
[0m[[0m[0mdebug[0m] [0m[0m  :: deduced result: Matched(sbt.plugins.CorePlugin,sbt.plugins.Giter8TemplatePlugin,sbt.plugins.IvyPlugin,sbt.plugins.JvmPlugin,sbt.plugins.MiniDependencyTreePlugin,sbt.plugins.JUnitXmlReportPlugin,sbt.plugins.SemanticdbPlugin)[0m
[0m[[0m[0mdebug[0m] [0m[0mPlugins.deducer#function took 1.22588 ms[0m
[0m[[0m[0mdebug[0m] [0m[0m          Load.resolveProject(global-plugins) took 1.295423ms[0m
[0m[[0m[0mdebug[0m] [0m[0m        Load.loadTransitive: finalizeProject(Project(id global-plugins, base: /Users/MartinOwono/.sbt/1.0/plugins, plugins: List(<none>))) took 3.085566ms[0m
[0m[[0m[0mdebug[0m] [0m[0m[Loading] Done in /Users/MartinOwono/.sbt/1.0/plugins, returning: (global-plugins)[0m
[0m[[0m[0mdebug[0m] [0m[0m      Load.loadUnit: loadedProjectsRaw took 6.503224ms[0m
[0m[[0m[0mdebug[0m] [0m[0m      Load.loadUnit: cleanEvalClasses took 0.013837ms[0m
[0m[[0m[0mdebug[0m] [0m[0m    Load.loadUnit(file:/Users/MartinOwono/.sbt/1.0/plugins/, ...) took 41.43629ms[0m
[0m[[0m[0mdebug[0m] [0m[0m  Load.apply: load took 43.16413ms[0m
[0m[[0m[0mdebug[0m] [0m[0m  Load.apply: resolveProjects took 0.165873ms[0m
[0m[[0m[0mdebug[0m] [0m[0m  Load.apply: finalTransforms took 11.127944ms[0m
[0m[[0m[0mdebug[0m] [0m[0m  Load.apply: config.delegates took 0.305473ms[0m
[0m[[0m[0mdebug[0m] [0m[0m  Load.apply: Def.make(settings)... took 93.980484ms[0m
[0m[[0m[0mdebug[0m] [0m[0m  Load.apply: structureIndex took 31.375617ms[0m
[0m[[0m[0mdebug[0m] [0m[0m  Load.apply: mkStreams took 0.004377ms[0m
[0m[[0m[0minfo[0m] [0m[0mloading global plugins from /Users/MartinOwono/.sbt/1.0/plugins[0m
[0m[[0m[0mdebug[0m] [0m[0mRunning task... Cancel: Signal, check cycles: false, forcegc: true[0m
[0m[[0m[0mdebug[0m] [0m[0mLoad.defaultLoad until apply took 541.808301ms[0m
[0m[[0m[0mdebug[0m] [0m[0m          Load.loadUnit: plugins took 38.144442ms[0m
[0m[[0m[0mdebug[0m] [0m[0m          Load.loadUnit: defsScala took 0.003561ms[0m
[0m[[0m[0mdebug[0m] [0m[0m[Loading] Scanning directory /Users/MartinOwono/Desktop/SOSE25/BA/BA_Projekt/project[0m
[0m[[0m[0mdebug[0m] [0m[0m            Load.loadUnit: mkEval took 0.242469ms[0m
[0m[[0m[0mdebug[0m] [0m[0m[Loading] Found non-root projects [0m
[0m[[0m[0mdebug[0m] [0m[0m[Loading] Done in /Users/MartinOwono/Desktop/SOSE25/BA/BA_Projekt/project, returning: ()[0m
[0m[[0m[0mdebug[0m] [0m[0mdeducing auto plugins based on known facts Set(Atom(sbt.plugins.CorePlugin)) and clauses Clauses(Clause(Atom(sbt.plugins.JvmPlugin),Set(Atom(sbt.plugins.IvyPlugin)))[0m
[0m[[0m[0mdebug[0m] [0m[0mClause(Atom(sbt.ScriptedPlugin),Set(Atom(sbt.plugins.JvmPlugin)))[0m
[0m[[0m[0mdebug[0m] [0m[0mClause(Atom(sbt.plugins.SbtPlugin),Set(Atom(sbt.ScriptedPlugin)))[0m
[0m[[0m[0mdebug[0m] [0m[0mClause(Atom(sbt.plugins.SemanticdbPlugin),Set(Atom(sbt.plugins.JvmPlugin)))[0m
[0m[[0m[0mdebug[0m] [0m[0mClause(Atom(sbt.plugins.JUnitXmlReportPlugin),Set(Atom(sbt.plugins.JvmPlugin)))[0m
[0m[[0m[0mdebug[0m] [0m[0mClause(Atom(sbt.plugins.MiniDependencyTreePlugin),Set(Atom(sbt.plugins.JvmPlugin)))[0m
[0m[[0m[0mdebug[0m] [0m[0mClause(Atom(sbt.plugins.CorePlugin),Set(Atom(sbt.plugins.IvyPlugin)))[0m
[0m[[0m[0mdebug[0m] [0m[0mClause(Atom(sbt.plugins.IvyPlugin),Set(Atom(sbt.plugins.JvmPlugin)))[0m
[0m[[0m[0mdebug[0m] [0m[0mClause(Atom(sbt.plugins.JvmPlugin),Set(Atom(sbt.plugins.SemanticdbPlugin)))[0m
[0m[[0m[0mdebug[0m] [0m[0mClause(Atom(sbt.plugins.JvmPlugin),Set(Atom(sbt.plugins.JUnitXmlReportPlugin)))[0m
[0m[[0m[0mdebug[0m] [0m[0mClause(Atom(sbt.plugins.CorePlugin),Set(Atom(sbt.plugins.Giter8TemplatePlugin)))[0m
[0m[[0m[0mdebug[0m] [0m[0mClause(Atom(sbt.plugins.JvmPlugin),Set(Atom(sbt.plugins.MiniDependencyTreePlugin))))[0m
[0m[[0m[0mdebug[0m] [0m[0m  :: deduced result: Matched(sbt.plugins.CorePlugin,sbt.plugins.Giter8TemplatePlugin,sbt.plugins.IvyPlugin,sbt.plugins.JvmPlugin,sbt.plugins.MiniDependencyTreePlugin,sbt.plugins.JUnitXmlReportPlugin,sbt.plugins.SemanticdbPlugin)[0m
[0m[[0m[0mdebug[0m] [0m[0mPlugins.deducer#function took 1.473641 ms[0m
[0m[[0m[0minfo[0m] [0m[0mloading settings for project ba_projekt-build from plugins.sbt,idea719.sbt ...[0m
[0m[[0m[0mdebug[0m] [0m[0m              Load.resolveProject(ba_projekt-build) took 2.049535ms[0m
[0m[[0m[0mdebug[0m] [0m[0m            Load.loadTransitive: finalizeProject(Project(id ba_projekt-build, base: /Users/MartinOwono/Desktop/SOSE25/BA/BA_Projekt/project, plugins: List(<none>))) took 4.280082ms[0m
[0m[[0m[0mdebug[0m] [0m[0m[Loading] Done in /Users/MartinOwono/Desktop/SOSE25/BA/BA_Projekt/project, returning: (ba_projekt-build)[0m
[0m[[0m[0mdebug[0m] [0m[0m          Load.loadUnit: loadedProjectsRaw took 94.547788ms[0m
[0m[[0m[0mdebug[0m] [0m[0m          Load.loadUnit: cleanEvalClasses took 4.06971ms[0m
[0m[[0m[0mdebug[0m] [0m[0m        Load.loadUnit(file:/Users/MartinOwono/Desktop/SOSE25/BA/BA_Projekt/project/, ...) took 137.725693ms[0m
[0m[[0m[0mdebug[0m] [0m[0m      Load.apply: load took 140.709577ms[0m
[0m[[0m[0mdebug[0m] [0m[0m      Load.apply: resolveProjects took 0.100678ms[0m
[0m[[0m[0mdebug[0m] [0m[0m      Load.apply: finalTransforms took 9.004605ms[0m
[0m[[0m[0mdebug[0m] [0m[0m      Load.apply: config.delegates took 0.326413ms[0m
[0m[[0m[0mdebug[0m] [0m[0m      Load.apply: Def.make(settings)... took 129.062842ms[0m
[0m[[0m[0mdebug[0m] [0m[0m      Load.apply: structureIndex took 36.575712ms[0m
[0m[[0m[0mdebug[0m] [0m[0m      Load.apply: mkStreams took 0.006822ms[0m
[0m[[0m[0minfo[0m] [0m[0mloading project definition from /Users/MartinOwono/Desktop/SOSE25/BA/BA_Projekt/project[0m
[0m[[0m[0mdebug[0m] [0m[0mRunning task... Cancel: Signal, check cycles: false, forcegc: true[0m
[0m[[0m[0mdebug[0m] [0m[0m    Load.loadUnit: plugins took 1234.922435ms[0m
[0m[[0m[0mdebug[0m] [0m[0m    Load.loadUnit: defsScala took 0.006518ms[0m
[0m[[0m[0mdebug[0m] [0m[0m[Loading] Scanning directory /Users/MartinOwono/Desktop/SOSE25/BA/BA_Projekt[0m
[0m[[0m[0mdebug[0m] [0m[0m      Load.loadUnit: mkEval took 0.471186ms[0m
[0m[[0m[0mdebug[0m] [0m[0m[Loading] Found non-root projects jcg_annotations,jcg_data_format,jcg_testcases,jcg_annotation_matcher,jcg_wala_testadapter,jcg_soot_testadapter,jcg_opal_testadapter,jcg_doop_testadapter,jcg_js_callgraph_testadapter,jcg_jelly_testadapter,jcg_tajs_testadapter,jcg_code2flow_js_testadapter,jcg_code2flow_py_testadapter,jcg_pycg_testadapter,jcg_pyan_testadapter,jcg_jarvis_testadapter,jcg_dynamic_testadapter,jcg_testadapter_commons,jcg_callgraphs_testadapter,jcg_evaluation[0m
[0m[[0m[0mdebug[0m] [0m[0m[Loading] Loading project jcg_annotations @ /Users/MartinOwono/Desktop/SOSE25/BA/BA_Projekt/jcg_annotations[0m
[0m[[0m[0mdebug[0m] [0m[0mdeducing auto plugins based on known facts Set(Atom(sbt.plugins.CorePlugin)) and clauses Clauses(Clause(Atom(sbt.plugins.JvmPlugin),Set(Atom(sbt.plugins.IvyPlugin)))[0m
[0m[[0m[0mdebug[0m] [0m[0mClause(Atom(sbt.ScriptedPlugin),Set(Atom(sbt.plugins.JvmPlugin)))[0m
[0m[[0m[0mdebug[0m] [0m[0mClause(Atom(sbt.plugins.SbtPlugin),Set(Atom(sbt.ScriptedPlugin)))[0m
[0m[[0m[0mdebug[0m] [0m[0mClause(Atom(sbt.plugins.SemanticdbPlugin),Set(Atom(sbt.plugins.JvmPlugin)))[0m
[0m[[0m[0mdebug[0m] [0m[0mClause(Atom(sbt.plugins.JUnitXmlReportPlugin),Set(Atom(sbt.plugins.JvmPlugin)))[0m
[0m[[0m[0mdebug[0m] [0m[0mClause(Atom(sbt.plugins.MiniDependencyTreePlugin),Set(Atom(sbt.plugins.JvmPlugin)))[0m
[0m[[0m[0mdebug[0m] [0m[0mClause(Atom(sbtassembly.AssemblyPlugin),Set(Atom(sbt.plugins.JvmPlugin)))[0m
[0m[[0m[0mdebug[0m] [0m[0mClause(Atom(com.typesafe.sbt.SbtPgp),Set(Atom(sbt.plugins.IvyPlugin)))[0m
[0m[[0m[0mdebug[0m] [0m[0mClause(Atom(sbtdirtymoney.DirtyMoneyPlugin),Set(Atom(sbt.plugins.IvyPlugin)))[0m
[0m[[0m[0mdebug[0m] [0m[0mClause(Atom(xerial.sbt.Sonatype),Set(Atom(sbt.plugins.JvmPlugin)))[0m
[0m[[0m[0mdebug[0m] [0m[0mClause(Atom(org.jetbrains.sbt.StructurePlugin),Set(Atom(sbt.plugins.JvmPlugin)))[0m
[0m[[0m[0mdebug[0m] [0m[0mClause(Atom(org.jetbrains.sbt.IdeaShellPlugin),Set(Atom(sbt.plugins.JvmPlugin)))[0m
[0m[[0m[0mdebug[0m] [0m[0mClause(Atom(org.jetbrains.sbt.indices.SbtIntellijIndicesPlugin),Set(Atom(sbt.plugins.JvmPlugin)))[0m
[0m[[0m[0mdebug[0m] [0m[0mClause(Atom(sbt.plugins.CorePlugin),Set(Atom(sbt.plugins.IvyPlugin)))[0m
[0m[[0m[0mdebug[0m] [0m[0mClause(Atom(sbt.plugins.IvyPlugin),Set(Atom(sbt.plugins.JvmPlugin)))[0m
[0m[[0m[0mdebug[0m] [0m[0mClause(Atom(sbt.plugins.JvmPlugin),Set(Atom(sbt.plugins.SemanticdbPlugin)))[0m
[0m[[0m[0mdebug[0m] [0m[0mClause(Atom(sbt.plugins.JvmPlugin),Set(Atom(sbt.plugins.JUnitXmlReportPlugin)))[0m
[0m[[0m[0mdebug[0m] [0m[0mClause(Atom(sbt.plugins.CorePlugin),Set(Atom(sbt.plugins.Giter8TemplatePlugin)))[0m
[0m[[0m[0mdebug[0m] [0m[0mClause(Atom(sbt.plugins.JvmPlugin),Set(Atom(sbt.plugins.MiniDependencyTreePlugin)))[0m
[0m[[0m[0mdebug[0m] [0m[0mClause(Atom(sbt.plugins.JvmPlugin),Set(Atom(sbtassembly.AssemblyPlugin)))[0m
[0m[[0m[0mdebug[0m] [0m[0mClause(Atom(sbt.plugins.IvyPlugin),Set(Atom(com.typesafe.sbt.SbtPgp)))[0m
[0m[[0m[0mdebug[0m] [0m[0mClause(Atom(sbt.plugins.IvyPlugin),Set(Atom(sbtdirtymoney.DirtyMoneyPlugin)))[0m
[0m[[0m[0mdebug[0m] [0m[0mClause(Atom(sbt.plugins.JvmPlugin),Set(Atom(xerial.sbt.Sonatype)))[0m
[0m[[0m[0mdebug[0m] [0m[0mClause(Atom(sbt.plugins.JvmPlugin),Set(Atom(org.jetbrains.sbt.StructurePlugin)))[0m
[0m[[0m[0mdebug[0m] [0m[0mClause(Atom(sbt.plugins.JvmPlugin),Set(Atom(org.jetbrains.sbt.IdeaShellPlugin)))[0m
[0m[[0m[0mdebug[0m] [0m[0mClause(And(Set(Atom(sbt.plugins.CorePlugin), Atom(sbt.plugins.JvmPlugin))),Set(Atom(org.jetbrains.sbt.indices.SbtIntellijIndicesPlugin))))[0m
[0m[[0m[0mdebug[0m] [0m[0m  :: deduced result: Matched(sbt.plugins.CorePlugin,sbt.plugins.Giter8TemplatePlugin,sbt.plugins.IvyPlugin,sbtdirtymoney.DirtyMoneyPlugin,com.typesafe.sbt.SbtPgp,sbt.plugins.JvmPlugin,sbt.plugins.SemanticdbPlugin,org.jetbrains.sbt.indices.SbtIntellijIndicesPlugin,sbt.plugins.JUnitXmlReportPlugin,sbtassembly.AssemblyPlugin,xerial.sbt.Sonatype,org.jetbrains.sbt.IdeaShellPlugin,org.jetbrains.sbt.StructurePlugin,sbt.plugins.MiniDependencyTreePlugin)[0m
[0m[[0m[0mdebug[0m] [0m[0mPlugins.deducer#function took 2.369158 ms[0m
[0m[[0m[0minfo[0m] [0m[0mloading settings for project jcg_annotations from build.sbt ...[0m
[0m[[0m[0mdebug[0m] [0m[0m      Load.resolveProject(jcg_annotations) took 51.973367ms[0m
[0m[[0m[0mdebug[0m] [0m[0m[Loading] Loading project jcg_data_format @ /Users/MartinOwono/Desktop/SOSE25/BA/BA_Projekt/jcg_data_format[0m
[0m[[0m[0mdebug[0m] [0m[0mdeducing auto plugins based on known facts Set(Atom(sbt.plugins.CorePlugin)) and clauses Clauses(Clause(Atom(sbt.plugins.JvmPlugin),Set(Atom(sbt.plugins.IvyPlugin)))[0m
[0m[[0m[0mdebug[0m] [0m[0mClause(Atom(sbt.ScriptedPlugin),Set(Atom(sbt.plugins.JvmPlugin)))[0m
[0m[[0m[0mdebug[0m] [0m[0mClause(Atom(sbt.plugins.SbtPlugin),Set(Atom(sbt.ScriptedPlugin)))[0m
[0m[[0m[0mdebug[0m] [0m[0mClause(Atom(sbt.plugins.SemanticdbPlugin),Set(Atom(sbt.plugins.JvmPlugin)))[0m
[0m[[0m[0mdebug[0m] [0m[0mClause(Atom(sbt.plugins.JUnitXmlReportPlugin),Set(Atom(sbt.plugins.JvmPlugin)))[0m
[0m[[0m[0mdebug[0m] [0m[0mClause(Atom(sbt.plugins.MiniDependencyTreePlugin),Set(Atom(sbt.plugins.JvmPlugin)))[0m
[0m[[0m[0mdebug[0m] [0m[0mClause(Atom(sbtassembly.AssemblyPlugin),Set(Atom(sbt.plugins.JvmPlugin)))[0m
[0m[[0m[0mdebug[0m] [0m[0mClause(Atom(com.typesafe.sbt.SbtPgp),Set(Atom(sbt.plugins.IvyPlugin)))[0m
[0m[[0m[0mdebug[0m] [0m[0mClause(Atom(sbtdirtymoney.DirtyMoneyPlugin),Set(Atom(sbt.plugins.IvyPlugin)))[0m
[0m[[0m[0mdebug[0m] [0m[0mClause(Atom(xerial.sbt.Sonatype),Set(Atom(sbt.plugins.JvmPlugin)))[0m
[0m[[0m[0mdebug[0m] [0m[0mClause(Atom(org.jetbrains.sbt.StructurePlugin),Set(Atom(sbt.plugins.JvmPlugin)))[0m
[0m[[0m[0mdebug[0m] [0m[0mClause(Atom(org.jetbrains.sbt.IdeaShellPlugin),Set(Atom(sbt.plugins.JvmPlugin)))[0m
[0m[[0m[0mdebug[0m] [0m[0mClause(Atom(org.jetbrains.sbt.indices.SbtIntellijIndicesPlugin),Set(Atom(sbt.plugins.JvmPlugin)))[0m
[0m[[0m[0mdebug[0m] [0m[0mClause(Atom(sbt.plugins.CorePlugin),Set(Atom(sbt.plugins.IvyPlugin)))[0m
[0m[[0m[0mdebug[0m] [0m[0mClause(Atom(sbt.plugins.IvyPlugin),Set(Atom(sbt.plugins.JvmPlugin)))[0m
[0m[[0m[0mdebug[0m] [0m[0mClause(Atom(sbt.plugins.JvmPlugin),Set(Atom(sbt.plugins.SemanticdbPlugin)))[0m
[0m[[0m[0mdebug[0m] [0m[0mClause(Atom(sbt.plugins.JvmPlugin),Set(Atom(sbt.plugins.JUnitXmlReportPlugin)))[0m
[0m[[0m[0mdebug[0m] [0m[0mClause(Atom(sbt.plugins.CorePlugin),Set(Atom(sbt.plugins.Giter8TemplatePlugin)))[0m
[0m[[0m[0mdebug[0m] [0m[0mClause(Atom(sbt.plugins.JvmPlugin),Set(Atom(sbt.plugins.MiniDependencyTreePlugin)))[0m
[0m[[0m[0mdebug[0m] [0m[0mClause(Atom(sbt.plugins.JvmPlugin),Set(Atom(sbtassembly.AssemblyPlugin)))[0m
[0m[[0m[0mdebug[0m] [0m[0mClause(Atom(sbt.plugins.IvyPlugin),Set(Atom(com.typesafe.sbt.SbtPgp)))[0m
[0m[[0m[0mdebug[0m] [0m[0mClause(Atom(sbt.plugins.IvyPlugin),Set(Atom(sbtdirtymoney.DirtyMoneyPlugin)))[0m
[0m[[0m[0mdebug[0m] [0m[0mClause(Atom(sbt.plugins.JvmPlugin),Set(Atom(xerial.sbt.Sonatype)))[0m
[0m[[0m[0mdebug[0m] [0m[0mClause(Atom(sbt.plugins.JvmPlugin),Set(Atom(org.jetbrains.sbt.StructurePlugin)))[0m
[0m[[0m[0mdebug[0m] [0m[0mClause(Atom(sbt.plugins.JvmPlugin),Set(Atom(org.jetbrains.sbt.IdeaShellPlugin)))[0m
[0m[[0m[0mdebug[0m] [0m[0mClause(And(Set(Atom(sbt.plugins.CorePlugin), Atom(sbt.plugins.JvmPlugin))),Set(Atom(org.jetbrains.sbt.indices.SbtIntellijIndicesPlugin))))[0m
[0m[[0m[0mdebug[0m] [0m[0m  :: deduced result: Matched(sbt.plugins.CorePlugin,sbt.plugins.Giter8TemplatePlugin,sbt.plugins.IvyPlugin,sbtdirtymoney.DirtyMoneyPlugin,com.typesafe.sbt.SbtPgp,sbt.plugins.JvmPlugin,sbt.plugins.SemanticdbPlugin,org.jetbrains.sbt.indices.SbtIntellijIndicesPlugin,sbt.plugins.JUnitXmlReportPlugin,sbtassembly.AssemblyPlugin,xerial.sbt.Sonatype,org.jetbrains.sbt.IdeaShellPlugin,org.jetbrains.sbt.StructurePlugin,sbt.plugins.MiniDependencyTreePlugin)[0m
[0m[[0m[0mdebug[0m] [0m[0mPlugins.deducer#function took 2.191219 ms[0m
[0m[[0m[0mdebug[0m] [0m[0m      Load.resolveProject(jcg_data_format) took 1.561031ms[0m
[0m[[0m[0mdebug[0m] [0m[0m[Loading] Loading project jcg_testcases @ /Users/MartinOwono/Desktop/SOSE25/BA/BA_Projekt/jcg_testcases[0m
[0m[[0m[0mdebug[0m] [0m[0mdeducing auto plugins based on known facts Set(Atom(sbt.plugins.CorePlugin)) and clauses Clauses(Clause(Atom(sbt.plugins.JvmPlugin),Set(Atom(sbt.plugins.IvyPlugin)))[0m
[0m[[0m[0mdebug[0m] [0m[0mClause(Atom(sbt.ScriptedPlugin),Set(Atom(sbt.plugins.JvmPlugin)))[0m
[0m[[0m[0mdebug[0m] [0m[0mClause(Atom(sbt.plugins.SbtPlugin),Set(Atom(sbt.ScriptedPlugin)))[0m
[0m[[0m[0mdebug[0m] [0m[0mClause(Atom(sbt.plugins.SemanticdbPlugin),Set(Atom(sbt.plugins.JvmPlugin)))[0m
[0m[[0m[0mdebug[0m] [0m[0mClause(Atom(sbt.plugins.JUnitXmlReportPlugin),Set(Atom(sbt.plugins.JvmPlugin)))[0m
[0m[[0m[0mdebug[0m] [0m[0mClause(Atom(sbt.plugins.MiniDependencyTreePlugin),Set(Atom(sbt.plugins.JvmPlugin)))[0m
[0m[[0m[0mdebug[0m] [0m[0mClause(Atom(sbtassembly.AssemblyPlugin),Set(Atom(sbt.plugins.JvmPlugin)))[0m
[0m[[0m[0mdebug[0m] [0m[0mClause(Atom(com.typesafe.sbt.SbtPgp),Set(Atom(sbt.plugins.IvyPlugin)))[0m
[0m[[0m[0mdebug[0m] [0m[0mClause(Atom(sbtdirtymoney.DirtyMoneyPlugin),Set(Atom(sbt.plugins.IvyPlugin)))[0m
[0m[[0m[0mdebug[0m] [0m[0mClause(Atom(xerial.sbt.Sonatype),Set(Atom(sbt.plugins.JvmPlugin)))[0m
[0m[[0m[0mdebug[0m] [0m[0mClause(Atom(org.jetbrains.sbt.StructurePlugin),Set(Atom(sbt.plugins.JvmPlugin)))[0m
[0m[[0m[0mdebug[0m] [0m[0mClause(Atom(org.jetbrains.sbt.IdeaShellPlugin),Set(Atom(sbt.plugins.JvmPlugin)))[0m
[0m[[0m[0mdebug[0m] [0m[0mClause(Atom(org.jetbrains.sbt.indices.SbtIntellijIndicesPlugin),Set(Atom(sbt.plugins.JvmPlugin)))[0m
[0m[[0m[0mdebug[0m] [0m[0mClause(Atom(sbt.plugins.CorePlugin),Set(Atom(sbt.plugins.IvyPlugin)))[0m
[0m[[0m[0mdebug[0m] [0m[0mClause(Atom(sbt.plugins.IvyPlugin),Set(Atom(sbt.plugins.JvmPlugin)))[0m
[0m[[0m[0mdebug[0m] [0m[0mClause(Atom(sbt.plugins.JvmPlugin),Set(Atom(sbt.plugins.SemanticdbPlugin)))[0m
[0m[[0m[0mdebug[0m] [0m[0mClause(Atom(sbt.plugins.JvmPlugin),Set(Atom(sbt.plugins.JUnitXmlReportPlugin)))[0m
[0m[[0m[0mdebug[0m] [0m[0mClause(Atom(sbt.plugins.CorePlugin),Set(Atom(sbt.plugins.Giter8TemplatePlugin)))[0m
[0m[[0m[0mdebug[0m] [0m[0mClause(Atom(sbt.plugins.JvmPlugin),Set(Atom(sbt.plugins.MiniDependencyTreePlugin)))[0m
[0m[[0m[0mdebug[0m] [0m[0mClause(Atom(sbt.plugins.JvmPlugin),Set(Atom(sbtassembly.AssemblyPlugin)))[0m
[0m[[0m[0mdebug[0m] [0m[0mClause(Atom(sbt.plugins.IvyPlugin),Set(Atom(com.typesafe.sbt.SbtPgp)))[0m
[0m[[0m[0mdebug[0m] [0m[0mClause(Atom(sbt.plugins.IvyPlugin),Set(Atom(sbtdirtymoney.DirtyMoneyPlugin)))[0m
[0m[[0m[0mdebug[0m] [0m[0mClause(Atom(sbt.plugins.JvmPlugin),Set(Atom(xerial.sbt.Sonatype)))[0m
[0m[[0m[0mdebug[0m] [0m[0mClause(Atom(sbt.plugins.JvmPlugin),Set(Atom(org.jetbrains.sbt.StructurePlugin)))[0m
[0m[[0m[0mdebug[0m] [0m[0mClause(Atom(sbt.plugins.JvmPlugin),Set(Atom(org.jetbrains.sbt.IdeaShellPlugin)))[0m
[0m[[0m[0mdebug[0m] [0m[0mClause(And(Set(Atom(sbt.plugins.CorePlugin), Atom(sbt.plugins.JvmPlugin))),Set(Atom(org.jetbrains.sbt.indices.SbtIntellijIndicesPlugin))))[0m
[0m[[0m[0mdebug[0m] [0m[0m  :: deduced result: Matched(sbt.plugins.CorePlugin,sbt.plugins.Giter8TemplatePlugin,sbt.plugins.IvyPlugin,sbtdirtymoney.DirtyMoneyPlugin,com.typesafe.sbt.SbtPgp,sbt.plugins.JvmPlugin,sbt.plugins.SemanticdbPlugin,org.jetbrains.sbt.indices.SbtIntellijIndicesPlugin,sbt.plugins.JUnitXmlReportPlugin,sbtassembly.AssemblyPlugin,xerial.sbt.Sonatype,org.jetbrains.sbt.IdeaShellPlugin,org.jetbrains.sbt.StructurePlugin,sbt.plugins.MiniDependencyTreePlugin)[0m
[0m[[0m[0mdebug[0m] [0m[0mPlugins.deducer#function took 2.268473 ms[0m
[0m[[0m[0minfo[0m] [0m[0mloading settings for project jcg_testcases from build.sbt ...[0m
[0m[[0m[0mdebug[0m] [0m[0m      Load.resolveProject(jcg_testcases) took 3.412359ms[0m
[0m[[0m[0mdebug[0m] [0m[0m[Loading] Loading project jcg_annotation_matcher @ /Users/MartinOwono/Desktop/SOSE25/BA/BA_Projekt/jcg_annotation_matcher[0m
[0m[[0m[0mdebug[0m] [0m[0mdeducing auto plugins based on known facts Set(Atom(sbt.plugins.CorePlugin)) and clauses Clauses(Clause(Atom(sbt.plugins.JvmPlugin),Set(Atom(sbt.plugins.IvyPlugin)))[0m
[0m[[0m[0mdebug[0m] [0m[0mClause(Atom(sbt.ScriptedPlugin),Set(Atom(sbt.plugins.JvmPlugin)))[0m
[0m[[0m[0mdebug[0m] [0m[0mClause(Atom(sbt.plugins.SbtPlugin),Set(Atom(sbt.ScriptedPlugin)))[0m
[0m[[0m[0mdebug[0m] [0m[0mClause(Atom(sbt.plugins.SemanticdbPlugin),Set(Atom(sbt.plugins.JvmPlugin)))[0m
[0m[[0m[0mdebug[0m] [0m[0mClause(Atom(sbt.plugins.JUnitXmlReportPlugin),Set(Atom(sbt.plugins.JvmPlugin)))[0m
[0m[[0m[0mdebug[0m] [0m[0mClause(Atom(sbt.plugins.MiniDependencyTreePlugin),Set(Atom(sbt.plugins.JvmPlugin)))[0m
[0m[[0m[0mdebug[0m] [0m[0mClause(Atom(sbtassembly.AssemblyPlugin),Set(Atom(sbt.plugins.JvmPlugin)))[0m
[0m[[0m[0mdebug[0m] [0m[0mClause(Atom(com.typesafe.sbt.SbtPgp),Set(Atom(sbt.plugins.IvyPlugin)))[0m
[0m[[0m[0mdebug[0m] [0m[0mClause(Atom(sbtdirtymoney.DirtyMoneyPlugin),Set(Atom(sbt.plugins.IvyPlugin)))[0m
[0m[[0m[0mdebug[0m] [0m[0mClause(Atom(xerial.sbt.Sonatype),Set(Atom(sbt.plugins.JvmPlugin)))[0m
[0m[[0m[0mdebug[0m] [0m[0mClause(Atom(org.jetbrains.sbt.StructurePlugin),Set(Atom(sbt.plugins.JvmPlugin)))[0m
[0m[[0m[0mdebug[0m] [0m[0mClause(Atom(org.jetbrains.sbt.IdeaShellPlugin),Set(Atom(sbt.plugins.JvmPlugin)))[0m
[0m[[0m[0mdebug[0m] [0m[0mClause(Atom(org.jetbrains.sbt.indices.SbtIntellijIndicesPlugin),Set(Atom(sbt.plugins.JvmPlugin)))[0m
[0m[[0m[0mdebug[0m] [0m[0mClause(Atom(sbt.plugins.CorePlugin),Set(Atom(sbt.plugins.IvyPlugin)))[0m
[0m[[0m[0mdebug[0m] [0m[0mClause(Atom(sbt.plugins.IvyPlugin),Set(Atom(sbt.plugins.JvmPlugin)))[0m
[0m[[0m[0mdebug[0m] [0m[0mClause(Atom(sbt.plugins.JvmPlugin),Set(Atom(sbt.plugins.SemanticdbPlugin)))[0m
[0m[[0m[0mdebug[0m] [0m[0mClause(Atom(sbt.plugins.JvmPlugin),Set(Atom(sbt.plugins.JUnitXmlReportPlugin)))[0m
[0m[[0m[0mdebug[0m] [0m[0mClause(Atom(sbt.plugins.CorePlugin),Set(Atom(sbt.plugins.Giter8TemplatePlugin)))[0m
[0m[[0m[0mdebug[0m] [0m[0mClause(Atom(sbt.plugins.JvmPlugin),Set(Atom(sbt.plugins.MiniDependencyTreePlugin)))[0m
[0m[[0m[0mdebug[0m] [0m[0mClause(Atom(sbt.plugins.JvmPlugin),Set(Atom(sbtassembly.AssemblyPlugin)))[0m
[0m[[0m[0mdebug[0m] [0m[0mClause(Atom(sbt.plugins.IvyPlugin),Set(Atom(com.typesafe.sbt.SbtPgp)))[0m
[0m[[0m[0mdebug[0m] [0m[0mClause(Atom(sbt.plugins.IvyPlugin),Set(Atom(sbtdirtymoney.DirtyMoneyPlugin)))[0m
[0m[[0m[0mdebug[0m] [0m[0mClause(Atom(sbt.plugins.JvmPlugin),Set(Atom(xerial.sbt.Sonatype)))[0m
[0m[[0m[0mdebug[0m] [0m[0mClause(Atom(sbt.plugins.JvmPlugin),Set(Atom(org.jetbrains.sbt.StructurePlugin)))[0m
[0m[[0m[0mdebug[0m] [0m[0mClause(Atom(sbt.plugins.JvmPlugin),Set(Atom(org.jetbrains.sbt.IdeaShellPlugin)))[0m
[0m[[0m[0mdebug[0m] [0m[0mClause(And(Set(Atom(sbt.plugins.CorePlugin), Atom(sbt.plugins.JvmPlugin))),Set(Atom(org.jetbrains.sbt.indices.SbtIntellijIndicesPlugin))))[0m
[0m[[0m[0mdebug[0m] [0m[0m  :: deduced result: Matched(sbt.plugins.CorePlugin,sbt.plugins.Giter8TemplatePlugin,sbt.plugins.IvyPlugin,sbtdirtymoney.DirtyMoneyPlugin,com.typesafe.sbt.SbtPgp,sbt.plugins.JvmPlugin,sbt.plugins.SemanticdbPlugin,org.jetbrains.sbt.indices.SbtIntellijIndicesPlugin,sbt.plugins.JUnitXmlReportPlugin,sbtassembly.AssemblyPlugin,xerial.sbt.Sonatype,org.jetbrains.sbt.IdeaShellPlugin,org.jetbrains.sbt.StructurePlugin,sbt.plugins.MiniDependencyTreePlugin)[0m
[0m[[0m[0mdebug[0m] [0m[0mPlugins.deducer#function took 1.923759 ms[0m
[0m[[0m[0minfo[0m] [0m[0mloading settings for project jcg_annotation_matcher from build.sbt ...[0m
[0m[[0m[0mdebug[0m] [0m[0m      Load.resolveProject(jcg_annotation_matcher) took 1.975469ms[0m
[0m[[0m[0mdebug[0m] [0m[0m[Loading] Loading project jcg_wala_testadapter @ /Users/MartinOwono/Desktop/SOSE25/BA/BA_Projekt/jcg_wala_testadapter[0m
[0m[[0m[0mdebug[0m] [0m[0mdeducing auto plugins based on known facts Set(Atom(sbt.plugins.CorePlugin)) and clauses Clauses(Clause(Atom(sbt.plugins.JvmPlugin),Set(Atom(sbt.plugins.IvyPlugin)))[0m
[0m[[0m[0mdebug[0m] [0m[0mClause(Atom(sbt.ScriptedPlugin),Set(Atom(sbt.plugins.JvmPlugin)))[0m
[0m[[0m[0mdebug[0m] [0m[0mClause(Atom(sbt.plugins.SbtPlugin),Set(Atom(sbt.ScriptedPlugin)))[0m
[0m[[0m[0mdebug[0m] [0m[0mClause(Atom(sbt.plugins.SemanticdbPlugin),Set(Atom(sbt.plugins.JvmPlugin)))[0m
[0m[[0m[0mdebug[0m] [0m[0mClause(Atom(sbt.plugins.JUnitXmlReportPlugin),Set(Atom(sbt.plugins.JvmPlugin)))[0m
[0m[[0m[0mdebug[0m] [0m[0mClause(Atom(sbt.plugins.MiniDependencyTreePlugin),Set(Atom(sbt.plugins.JvmPlugin)))[0m
[0m[[0m[0mdebug[0m] [0m[0mClause(Atom(sbtassembly.AssemblyPlugin),Set(Atom(sbt.plugins.JvmPlugin)))[0m
[0m[[0m[0mdebug[0m] [0m[0mClause(Atom(com.typesafe.sbt.SbtPgp),Set(Atom(sbt.plugins.IvyPlugin)))[0m
[0m[[0m[0mdebug[0m] [0m[0mClause(Atom(sbtdirtymoney.DirtyMoneyPlugin),Set(Atom(sbt.plugins.IvyPlugin)))[0m
[0m[[0m[0mdebug[0m] [0m[0mClause(Atom(xerial.sbt.Sonatype),Set(Atom(sbt.plugins.JvmPlugin)))[0m
[0m[[0m[0mdebug[0m] [0m[0mClause(Atom(org.jetbrains.sbt.StructurePlugin),Set(Atom(sbt.plugins.JvmPlugin)))[0m
[0m[[0m[0mdebug[0m] [0m[0mClause(Atom(org.jetbrains.sbt.IdeaShellPlugin),Set(Atom(sbt.plugins.JvmPlugin)))[0m
[0m[[0m[0mdebug[0m] [0m[0mClause(Atom(org.jetbrains.sbt.indices.SbtIntellijIndicesPlugin),Set(Atom(sbt.plugins.JvmPlugin)))[0m
[0m[[0m[0mdebug[0m] [0m[0mClause(Atom(sbt.plugins.CorePlugin),Set(Atom(sbt.plugins.IvyPlugin)))[0m
[0m[[0m[0mdebug[0m] [0m[0mClause(Atom(sbt.plugins.IvyPlugin),Set(Atom(sbt.plugins.JvmPlugin)))[0m
[0m[[0m[0mdebug[0m] [0m[0mClause(Atom(sbt.plugins.JvmPlugin),Set(Atom(sbt.plugins.SemanticdbPlugin)))[0m
[0m[[0m[0mdebug[0m] [0m[0mClause(Atom(sbt.plugins.JvmPlugin),Set(Atom(sbt.plugins.JUnitXmlReportPlugin)))[0m
[0m[[0m[0mdebug[0m] [0m[0mClause(Atom(sbt.plugins.CorePlugin),Set(Atom(sbt.plugins.Giter8TemplatePlugin)))[0m
[0m[[0m[0mdebug[0m] [0m[0mClause(Atom(sbt.plugins.JvmPlugin),Set(Atom(sbt.plugins.MiniDependencyTreePlugin)))[0m
[0m[[0m[0mdebug[0m] [0m[0mClause(Atom(sbt.plugins.JvmPlugin),Set(Atom(sbtassembly.AssemblyPlugin)))[0m
[0m[[0m[0mdebug[0m] [0m[0mClause(Atom(sbt.plugins.IvyPlugin),Set(Atom(com.typesafe.sbt.SbtPgp)))[0m
[0m[[0m[0mdebug[0m] [0m[0mClause(Atom(sbt.plugins.IvyPlugin),Set(Atom(sbtdirtymoney.DirtyMoneyPlugin)))[0m
[0m[[0m[0mdebug[0m] [0m[0mClause(Atom(sbt.plugins.JvmPlugin),Set(Atom(xerial.sbt.Sonatype)))[0m
[0m[[0m[0mdebug[0m] [0m[0mClause(Atom(sbt.plugins.JvmPlugin),Set(Atom(org.jetbrains.sbt.StructurePlugin)))[0m
[0m[[0m[0mdebug[0m] [0m[0mClause(Atom(sbt.plugins.JvmPlugin),Set(Atom(org.jetbrains.sbt.IdeaShellPlugin)))[0m
[0m[[0m[0mdebug[0m] [0m[0mClause(And(Set(Atom(sbt.plugins.CorePlugin), Atom(sbt.plugins.JvmPlugin))),Set(Atom(org.jetbrains.sbt.indices.SbtIntellijIndicesPlugin))))[0m
[0m[[0m[0mdebug[0m] [0m[0m  :: deduced result: Matched(sbt.plugins.CorePlugin,sbt.plugins.Giter8TemplatePlugin,sbt.plugins.IvyPlugin,sbtdirtymoney.DirtyMoneyPlugin,com.typesafe.sbt.SbtPgp,sbt.plugins.JvmPlugin,sbt.plugins.SemanticdbPlugin,org.jetbrains.sbt.indices.SbtIntellijIndicesPlugin,sbt.plugins.JUnitXmlReportPlugin,sbtassembly.AssemblyPlugin,xerial.sbt.Sonatype,org.jetbrains.sbt.IdeaShellPlugin,org.jetbrains.sbt.StructurePlugin,sbt.plugins.MiniDependencyTreePlugin)[0m
[0m[[0m[0mdebug[0m] [0m[0mPlugins.deducer#function took 2.233322 ms[0m
[0m[[0m[0minfo[0m] [0m[0mloading settings for project jcg_wala_testadapter from build.sbt ...[0m
[0m[[0m[0mdebug[0m] [0m[0m      Load.resolveProject(jcg_wala_testadapter) took 2.630293ms[0m
[0m[[0m[0mdebug[0m] [0m[0m[Loading] Loading project jcg_soot_testadapter @ /Users/MartinOwono/Desktop/SOSE25/BA/BA_Projekt/jcg_soot_testadapter[0m
[0m[[0m[0mdebug[0m] [0m[0mdeducing auto plugins based on known facts Set(Atom(sbt.plugins.CorePlugin)) and clauses Clauses(Clause(Atom(sbt.plugins.JvmPlugin),Set(Atom(sbt.plugins.IvyPlugin)))[0m
[0m[[0m[0mdebug[0m] [0m[0mClause(Atom(sbt.ScriptedPlugin),Set(Atom(sbt.plugins.JvmPlugin)))[0m
[0m[[0m[0mdebug[0m] [0m[0mClause(Atom(sbt.plugins.SbtPlugin),Set(Atom(sbt.ScriptedPlugin)))[0m
[0m[[0m[0mdebug[0m] [0m[0mClause(Atom(sbt.plugins.SemanticdbPlugin),Set(Atom(sbt.plugins.JvmPlugin)))[0m
[0m[[0m[0mdebug[0m] [0m[0mClause(Atom(sbt.plugins.JUnitXmlReportPlugin),Set(Atom(sbt.plugins.JvmPlugin)))[0m
[0m[[0m[0mdebug[0m] [0m[0mClause(Atom(sbt.plugins.MiniDependencyTreePlugin),Set(Atom(sbt.plugins.JvmPlugin)))[0m
[0m[[0m[0mdebug[0m] [0m[0mClause(Atom(sbtassembly.AssemblyPlugin),Set(Atom(sbt.plugins.JvmPlugin)))[0m
[0m[[0m[0mdebug[0m] [0m[0mClause(Atom(com.typesafe.sbt.SbtPgp),Set(Atom(sbt.plugins.IvyPlugin)))[0m
[0m[[0m[0mdebug[0m] [0m[0mClause(Atom(sbtdirtymoney.DirtyMoneyPlugin),Set(Atom(sbt.plugins.IvyPlugin)))[0m
[0m[[0m[0mdebug[0m] [0m[0mClause(Atom(xerial.sbt.Sonatype),Set(Atom(sbt.plugins.JvmPlugin)))[0m
[0m[[0m[0mdebug[0m] [0m[0mClause(Atom(org.jetbrains.sbt.StructurePlugin),Set(Atom(sbt.plugins.JvmPlugin)))[0m
[0m[[0m[0mdebug[0m] [0m[0mClause(Atom(org.jetbrains.sbt.IdeaShellPlugin),Set(Atom(sbt.plugins.JvmPlugin)))[0m
[0m[[0m[0mdebug[0m] [0m[0mClause(Atom(org.jetbrains.sbt.indices.SbtIntellijIndicesPlugin),Set(Atom(sbt.plugins.JvmPlugin)))[0m
[0m[[0m[0mdebug[0m] [0m[0mClause(Atom(sbt.plugins.CorePlugin),Set(Atom(sbt.plugins.IvyPlugin)))[0m
[0m[[0m[0mdebug[0m] [0m[0mClause(Atom(sbt.plugins.IvyPlugin),Set(Atom(sbt.plugins.JvmPlugin)))[0m
[0m[[0m[0mdebug[0m] [0m[0mClause(Atom(sbt.plugins.JvmPlugin),Set(Atom(sbt.plugins.SemanticdbPlugin)))[0m
[0m[[0m[0mdebug[0m] [0m[0mClause(Atom(sbt.plugins.JvmPlugin),Set(Atom(sbt.plugins.JUnitXmlReportPlugin)))[0m
[0m[[0m[0mdebug[0m] [0m[0mClause(Atom(sbt.plugins.CorePlugin),Set(Atom(sbt.plugins.Giter8TemplatePlugin)))[0m
[0m[[0m[0mdebug[0m] [0m[0mClause(Atom(sbt.plugins.JvmPlugin),Set(Atom(sbt.plugins.MiniDependencyTreePlugin)))[0m
[0m[[0m[0mdebug[0m] [0m[0mClause(Atom(sbt.plugins.JvmPlugin),Set(Atom(sbtassembly.AssemblyPlugin)))[0m
[0m[[0m[0mdebug[0m] [0m[0mClause(Atom(sbt.plugins.IvyPlugin),Set(Atom(com.typesafe.sbt.SbtPgp)))[0m
[0m[[0m[0mdebug[0m] [0m[0mClause(Atom(sbt.plugins.IvyPlugin),Set(Atom(sbtdirtymoney.DirtyMoneyPlugin)))[0m
[0m[[0m[0mdebug[0m] [0m[0mClause(Atom(sbt.plugins.JvmPlugin),Set(Atom(xerial.sbt.Sonatype)))[0m
[0m[[0m[0mdebug[0m] [0m[0mClause(Atom(sbt.plugins.JvmPlugin),Set(Atom(org.jetbrains.sbt.StructurePlugin)))[0m
[0m[[0m[0mdebug[0m] [0m[0mClause(Atom(sbt.plugins.JvmPlugin),Set(Atom(org.jetbrains.sbt.IdeaShellPlugin)))[0m
[0m[[0m[0mdebug[0m] [0m[0mClause(And(Set(Atom(sbt.plugins.CorePlugin), Atom(sbt.plugins.JvmPlugin))),Set(Atom(org.jetbrains.sbt.indices.SbtIntellijIndicesPlugin))))[0m
[0m[[0m[0mdebug[0m] [0m[0m  :: deduced result: Matched(sbt.plugins.CorePlugin,sbt.plugins.Giter8TemplatePlugin,sbt.plugins.IvyPlugin,sbtdirtymoney.DirtyMoneyPlugin,com.typesafe.sbt.SbtPgp,sbt.plugins.JvmPlugin,sbt.plugins.SemanticdbPlugin,org.jetbrains.sbt.indices.SbtIntellijIndicesPlugin,sbt.plugins.JUnitXmlReportPlugin,sbtassembly.AssemblyPlugin,xerial.sbt.Sonatype,org.jetbrains.sbt.IdeaShellPlugin,org.jetbrains.sbt.StructurePlugin,sbt.plugins.MiniDependencyTreePlugin)[0m
[0m[[0m[0mdebug[0m] [0m[0mPlugins.deducer#function took 2.366287 ms[0m
[0m[[0m[0minfo[0m] [0m[0mloading settings for project jcg_soot_testadapter from build.sbt ...[0m
[0m[[0m[0mdebug[0m] [0m[0m      Load.resolveProject(jcg_soot_testadapter) took 1.863485ms[0m
[0m[[0m[0mdebug[0m] [0m[0m[Loading] Loading project jcg_opal_testadapter @ /Users/MartinOwono/Desktop/SOSE25/BA/BA_Projekt/jcg_opal_testadapter[0m
[0m[[0m[0mdebug[0m] [0m[0mdeducing auto plugins based on known facts Set(Atom(sbt.plugins.CorePlugin)) and clauses Clauses(Clause(Atom(sbt.plugins.JvmPlugin),Set(Atom(sbt.plugins.IvyPlugin)))[0m
[0m[[0m[0mdebug[0m] [0m[0mClause(Atom(sbt.ScriptedPlugin),Set(Atom(sbt.plugins.JvmPlugin)))[0m
[0m[[0m[0mdebug[0m] [0m[0mClause(Atom(sbt.plugins.SbtPlugin),Set(Atom(sbt.ScriptedPlugin)))[0m
[0m[[0m[0mdebug[0m] [0m[0mClause(Atom(sbt.plugins.SemanticdbPlugin),Set(Atom(sbt.plugins.JvmPlugin)))[0m
[0m[[0m[0mdebug[0m] [0m[0mClause(Atom(sbt.plugins.JUnitXmlReportPlugin),Set(Atom(sbt.plugins.JvmPlugin)))[0m
[0m[[0m[0mdebug[0m] [0m[0mClause(Atom(sbt.plugins.MiniDependencyTreePlugin),Set(Atom(sbt.plugins.JvmPlugin)))[0m
[0m[[0m[0mdebug[0m] [0m[0mClause(Atom(sbtassembly.AssemblyPlugin),Set(Atom(sbt.plugins.JvmPlugin)))[0m
[0m[[0m[0mdebug[0m] [0m[0mClause(Atom(com.typesafe.sbt.SbtPgp),Set(Atom(sbt.plugins.IvyPlugin)))[0m
[0m[[0m[0mdebug[0m] [0m[0mClause(Atom(sbtdirtymoney.DirtyMoneyPlugin),Set(Atom(sbt.plugins.IvyPlugin)))[0m
[0m[[0m[0mdebug[0m] [0m[0mClause(Atom(xerial.sbt.Sonatype),Set(Atom(sbt.plugins.JvmPlugin)))[0m
[0m[[0m[0mdebug[0m] [0m[0mClause(Atom(org.jetbrains.sbt.StructurePlugin),Set(Atom(sbt.plugins.JvmPlugin)))[0m
[0m[[0m[0mdebug[0m] [0m[0mClause(Atom(org.jetbrains.sbt.IdeaShellPlugin),Set(Atom(sbt.plugins.JvmPlugin)))[0m
[0m[[0m[0mdebug[0m] [0m[0mClause(Atom(org.jetbrains.sbt.indices.SbtIntellijIndicesPlugin),Set(Atom(sbt.plugins.JvmPlugin)))[0m
[0m[[0m[0mdebug[0m] [0m[0mClause(Atom(sbt.plugins.CorePlugin),Set(Atom(sbt.plugins.IvyPlugin)))[0m
[0m[[0m[0mdebug[0m] [0m[0mClause(Atom(sbt.plugins.IvyPlugin),Set(Atom(sbt.plugins.JvmPlugin)))[0m
[0m[[0m[0mdebug[0m] [0m[0mClause(Atom(sbt.plugins.JvmPlugin),Set(Atom(sbt.plugins.SemanticdbPlugin)))[0m
[0m[[0m[0mdebug[0m] [0m[0mClause(Atom(sbt.plugins.JvmPlugin),Set(Atom(sbt.plugins.JUnitXmlReportPlugin)))[0m
[0m[[0m[0mdebug[0m] [0m[0mClause(Atom(sbt.plugins.CorePlugin),Set(Atom(sbt.plugins.Giter8TemplatePlugin)))[0m
[0m[[0m[0mdebug[0m] [0m[0mClause(Atom(sbt.plugins.JvmPlugin),Set(Atom(sbt.plugins.MiniDependencyTreePlugin)))[0m
[0m[[0m[0mdebug[0m] [0m[0mClause(Atom(sbt.plugins.JvmPlugin),Set(Atom(sbtassembly.AssemblyPlugin)))[0m
[0m[[0m[0mdebug[0m] [0m[0mClause(Atom(sbt.plugins.IvyPlugin),Set(Atom(com.typesafe.sbt.SbtPgp)))[0m
[0m[[0m[0mdebug[0m] [0m[0mClause(Atom(sbt.plugins.IvyPlugin),Set(Atom(sbtdirtymoney.DirtyMoneyPlugin)))[0m
[0m[[0m[0mdebug[0m] [0m[0mClause(Atom(sbt.plugins.JvmPlugin),Set(Atom(xerial.sbt.Sonatype)))[0m
[0m[[0m[0mdebug[0m] [0m[0mClause(Atom(sbt.plugins.JvmPlugin),Set(Atom(org.jetbrains.sbt.StructurePlugin)))[0m
[0m[[0m[0mdebug[0m] [0m[0mClause(Atom(sbt.plugins.JvmPlugin),Set(Atom(org.jetbrains.sbt.IdeaShellPlugin)))[0m
[0m[[0m[0mdebug[0m] [0m[0mClause(And(Set(Atom(sbt.plugins.CorePlugin), Atom(sbt.plugins.JvmPlugin))),Set(Atom(org.jetbrains.sbt.indices.SbtIntellijIndicesPlugin))))[0m
[0m[[0m[0mdebug[0m] [0m[0m  :: deduced result: Matched(sbt.plugins.CorePlugin,sbt.plugins.Giter8TemplatePlugin,sbt.plugins.IvyPlugin,sbtdirtymoney.DirtyMoneyPlugin,com.typesafe.sbt.SbtPgp,sbt.plugins.JvmPlugin,sbt.plugins.SemanticdbPlugin,org.jetbrains.sbt.indices.SbtIntellijIndicesPlugin,sbt.plugins.JUnitXmlReportPlugin,sbtassembly.AssemblyPlugin,xerial.sbt.Sonatype,org.jetbrains.sbt.IdeaShellPlugin,org.jetbrains.sbt.StructurePlugin,sbt.plugins.MiniDependencyTreePlugin)[0m
[0m[[0m[0mdebug[0m] [0m[0mPlugins.deducer#function took 3.034845 ms[0m
[0m[[0m[0minfo[0m] [0m[0mloading settings for project jcg_opal_testadapter from build.sbt ...[0m
[0m[[0m[0mdebug[0m] [0m[0m      Load.resolveProject(jcg_opal_testadapter) took 2.795902ms[0m
[0m[[0m[0mdebug[0m] [0m[0m[Loading] Loading project jcg_doop_testadapter @ /Users/MartinOwono/Desktop/SOSE25/BA/BA_Projekt/jcg_doop_testadapter[0m
[0m[[0m[0mdebug[0m] [0m[0mdeducing auto plugins based on known facts Set(Atom(sbt.plugins.CorePlugin)) and clauses Clauses(Clause(Atom(sbt.plugins.JvmPlugin),Set(Atom(sbt.plugins.IvyPlugin)))[0m
[0m[[0m[0mdebug[0m] [0m[0mClause(Atom(sbt.ScriptedPlugin),Set(Atom(sbt.plugins.JvmPlugin)))[0m
[0m[[0m[0mdebug[0m] [0m[0mClause(Atom(sbt.plugins.SbtPlugin),Set(Atom(sbt.ScriptedPlugin)))[0m
[0m[[0m[0mdebug[0m] [0m[0mClause(Atom(sbt.plugins.SemanticdbPlugin),Set(Atom(sbt.plugins.JvmPlugin)))[0m
[0m[[0m[0mdebug[0m] [0m[0mClause(Atom(sbt.plugins.JUnitXmlReportPlugin),Set(Atom(sbt.plugins.JvmPlugin)))[0m
[0m[[0m[0mdebug[0m] [0m[0mClause(Atom(sbt.plugins.MiniDependencyTreePlugin),Set(Atom(sbt.plugins.JvmPlugin)))[0m
[0m[[0m[0mdebug[0m] [0m[0mClause(Atom(sbtassembly.AssemblyPlugin),Set(Atom(sbt.plugins.JvmPlugin)))[0m
[0m[[0m[0mdebug[0m] [0m[0mClause(Atom(com.typesafe.sbt.SbtPgp),Set(Atom(sbt.plugins.IvyPlugin)))[0m
[0m[[0m[0mdebug[0m] [0m[0mClause(Atom(sbtdirtymoney.DirtyMoneyPlugin),Set(Atom(sbt.plugins.IvyPlugin)))[0m
[0m[[0m[0mdebug[0m] [0m[0mClause(Atom(xerial.sbt.Sonatype),Set(Atom(sbt.plugins.JvmPlugin)))[0m
[0m[[0m[0mdebug[0m] [0m[0mClause(Atom(org.jetbrains.sbt.StructurePlugin),Set(Atom(sbt.plugins.JvmPlugin)))[0m
[0m[[0m[0mdebug[0m] [0m[0mClause(Atom(org.jetbrains.sbt.IdeaShellPlugin),Set(Atom(sbt.plugins.JvmPlugin)))[0m
[0m[[0m[0mdebug[0m] [0m[0mClause(Atom(org.jetbrains.sbt.indices.SbtIntellijIndicesPlugin),Set(Atom(sbt.plugins.JvmPlugin)))[0m
[0m[[0m[0mdebug[0m] [0m[0mClause(Atom(sbt.plugins.CorePlugin),Set(Atom(sbt.plugins.IvyPlugin)))[0m
[0m[[0m[0mdebug[0m] [0m[0mClause(Atom(sbt.plugins.IvyPlugin),Set(Atom(sbt.plugins.JvmPlugin)))[0m
[0m[[0m[0mdebug[0m] [0m[0mClause(Atom(sbt.plugins.JvmPlugin),Set(Atom(sbt.plugins.SemanticdbPlugin)))[0m
[0m[[0m[0mdebug[0m] [0m[0mClause(Atom(sbt.plugins.JvmPlugin),Set(Atom(sbt.plugins.JUnitXmlReportPlugin)))[0m
[0m[[0m[0mdebug[0m] [0m[0mClause(Atom(sbt.plugins.CorePlugin),Set(Atom(sbt.plugins.Giter8TemplatePlugin)))[0m
[0m[[0m[0mdebug[0m] [0m[0mClause(Atom(sbt.plugins.JvmPlugin),Set(Atom(sbt.plugins.MiniDependencyTreePlugin)))[0m
[0m[[0m[0mdebug[0m] [0m[0mClause(Atom(sbt.plugins.JvmPlugin),Set(Atom(sbtassembly.AssemblyPlugin)))[0m
[0m[[0m[0mdebug[0m] [0m[0mClause(Atom(sbt.plugins.IvyPlugin),Set(Atom(com.typesafe.sbt.SbtPgp)))[0m
[0m[[0m[0mdebug[0m] [0m[0mClause(Atom(sbt.plugins.IvyPlugin),Set(Atom(sbtdirtymoney.DirtyMoneyPlugin)))[0m
[0m[[0m[0mdebug[0m] [0m[0mClause(Atom(sbt.plugins.JvmPlugin),Set(Atom(xerial.sbt.Sonatype)))[0m
[0m[[0m[0mdebug[0m] [0m[0mClause(Atom(sbt.plugins.JvmPlugin),Set(Atom(org.jetbrains.sbt.StructurePlugin)))[0m
[0m[[0m[0mdebug[0m] [0m[0mClause(Atom(sbt.plugins.JvmPlugin),Set(Atom(org.jetbrains.sbt.IdeaShellPlugin)))[0m
[0m[[0m[0mdebug[0m] [0m[0mClause(And(Set(Atom(sbt.plugins.CorePlugin), Atom(sbt.plugins.JvmPlugin))),Set(Atom(org.jetbrains.sbt.indices.SbtIntellijIndicesPlugin))))[0m
[0m[[0m[0mdebug[0m] [0m[0m  :: deduced result: Matched(sbt.plugins.CorePlugin,sbt.plugins.Giter8TemplatePlugin,sbt.plugins.IvyPlugin,sbtdirtymoney.DirtyMoneyPlugin,com.typesafe.sbt.SbtPgp,sbt.plugins.JvmPlugin,sbt.plugins.SemanticdbPlugin,org.jetbrains.sbt.indices.SbtIntellijIndicesPlugin,sbt.plugins.JUnitXmlReportPlugin,sbtassembly.AssemblyPlugin,xerial.sbt.Sonatype,org.jetbrains.sbt.IdeaShellPlugin,org.jetbrains.sbt.StructurePlugin,sbt.plugins.MiniDependencyTreePlugin)[0m
[0m[[0m[0mdebug[0m] [0m[0mPlugins.deducer#function took 2.381902 ms[0m
[0m[[0m[0minfo[0m] [0m[0mloading settings for project jcg_doop_testadapter from build.sbt ...[0m
[0m[[0m[0mdebug[0m] [0m[0m      Load.resolveProject(jcg_doop_testadapter) took 2.856219ms[0m
[0m[[0m[0mdebug[0m] [0m[0m[Loading] Loading project jcg_js_callgraph_testadapter @ /Users/MartinOwono/Desktop/SOSE25/BA/BA_Projekt/jcg_js_callgraph_testadapter[0m
[0m[[0m[0mdebug[0m] [0m[0mdeducing auto plugins based on known facts Set(Atom(sbt.plugins.CorePlugin)) and clauses Clauses(Clause(Atom(sbt.plugins.JvmPlugin),Set(Atom(sbt.plugins.IvyPlugin)))[0m
[0m[[0m[0mdebug[0m] [0m[0mClause(Atom(sbt.ScriptedPlugin),Set(Atom(sbt.plugins.JvmPlugin)))[0m
[0m[[0m[0mdebug[0m] [0m[0mClause(Atom(sbt.plugins.SbtPlugin),Set(Atom(sbt.ScriptedPlugin)))[0m
[0m[[0m[0mdebug[0m] [0m[0mClause(Atom(sbt.plugins.SemanticdbPlugin),Set(Atom(sbt.plugins.JvmPlugin)))[0m
[0m[[0m[0mdebug[0m] [0m[0mClause(Atom(sbt.plugins.JUnitXmlReportPlugin),Set(Atom(sbt.plugins.JvmPlugin)))[0m
[0m[[0m[0mdebug[0m] [0m[0mClause(Atom(sbt.plugins.MiniDependencyTreePlugin),Set(Atom(sbt.plugins.JvmPlugin)))[0m
[0m[[0m[0mdebug[0m] [0m[0mClause(Atom(sbtassembly.AssemblyPlugin),Set(Atom(sbt.plugins.JvmPlugin)))[0m
[0m[[0m[0mdebug[0m] [0m[0mClause(Atom(com.typesafe.sbt.SbtPgp),Set(Atom(sbt.plugins.IvyPlugin)))[0m
[0m[[0m[0mdebug[0m] [0m[0mClause(Atom(sbtdirtymoney.DirtyMoneyPlugin),Set(Atom(sbt.plugins.IvyPlugin)))[0m
[0m[[0m[0mdebug[0m] [0m[0mClause(Atom(xerial.sbt.Sonatype),Set(Atom(sbt.plugins.JvmPlugin)))[0m
[0m[[0m[0mdebug[0m] [0m[0mClause(Atom(org.jetbrains.sbt.StructurePlugin),Set(Atom(sbt.plugins.JvmPlugin)))[0m
[0m[[0m[0mdebug[0m] [0m[0mClause(Atom(org.jetbrains.sbt.IdeaShellPlugin),Set(Atom(sbt.plugins.JvmPlugin)))[0m
[0m[[0m[0mdebug[0m] [0m[0mClause(Atom(org.jetbrains.sbt.indices.SbtIntellijIndicesPlugin),Set(Atom(sbt.plugins.JvmPlugin)))[0m
[0m[[0m[0mdebug[0m] [0m[0mClause(Atom(sbt.plugins.CorePlugin),Set(Atom(sbt.plugins.IvyPlugin)))[0m
[0m[[0m[0mdebug[0m] [0m[0mClause(Atom(sbt.plugins.IvyPlugin),Set(Atom(sbt.plugins.JvmPlugin)))[0m
[0m[[0m[0mdebug[0m] [0m[0mClause(Atom(sbt.plugins.JvmPlugin),Set(Atom(sbt.plugins.SemanticdbPlugin)))[0m
[0m[[0m[0mdebug[0m] [0m[0mClause(Atom(sbt.plugins.JvmPlugin),Set(Atom(sbt.plugins.JUnitXmlReportPlugin)))[0m
[0m[[0m[0mdebug[0m] [0m[0mClause(Atom(sbt.plugins.CorePlugin),Set(Atom(sbt.plugins.Giter8TemplatePlugin)))[0m
[0m[[0m[0mdebug[0m] [0m[0mClause(Atom(sbt.plugins.JvmPlugin),Set(Atom(sbt.plugins.MiniDependencyTreePlugin)))[0m
[0m[[0m[0mdebug[0m] [0m[0mClause(Atom(sbt.plugins.JvmPlugin),Set(Atom(sbtassembly.AssemblyPlugin)))[0m
[0m[[0m[0mdebug[0m] [0m[0mClause(Atom(sbt.plugins.IvyPlugin),Set(Atom(com.typesafe.sbt.SbtPgp)))[0m
[0m[[0m[0mdebug[0m] [0m[0mClause(Atom(sbt.plugins.IvyPlugin),Set(Atom(sbtdirtymoney.DirtyMoneyPlugin)))[0m
[0m[[0m[0mdebug[0m] [0m[0mClause(Atom(sbt.plugins.JvmPlugin),Set(Atom(xerial.sbt.Sonatype)))[0m
[0m[[0m[0mdebug[0m] [0m[0mClause(Atom(sbt.plugins.JvmPlugin),Set(Atom(org.jetbrains.sbt.StructurePlugin)))[0m
[0m[[0m[0mdebug[0m] [0m[0mClause(Atom(sbt.plugins.JvmPlugin),Set(Atom(org.jetbrains.sbt.IdeaShellPlugin)))[0m
[0m[[0m[0mdebug[0m] [0m[0mClause(And(Set(Atom(sbt.plugins.CorePlugin), Atom(sbt.plugins.JvmPlugin))),Set(Atom(org.jetbrains.sbt.indices.SbtIntellijIndicesPlugin))))[0m
[0m[[0m[0mdebug[0m] [0m[0m  :: deduced result: Matched(sbt.plugins.CorePlugin,sbt.plugins.Giter8TemplatePlugin,sbt.plugins.IvyPlugin,sbtdirtymoney.DirtyMoneyPlugin,com.typesafe.sbt.SbtPgp,sbt.plugins.JvmPlugin,sbt.plugins.SemanticdbPlugin,org.jetbrains.sbt.indices.SbtIntellijIndicesPlugin,sbt.plugins.JUnitXmlReportPlugin,sbtassembly.AssemblyPlugin,xerial.sbt.Sonatype,org.jetbrains.sbt.IdeaShellPlugin,org.jetbrains.sbt.StructurePlugin,sbt.plugins.MiniDependencyTreePlugin)[0m
[0m[[0m[0mdebug[0m] [0m[0mPlugins.deducer#function took 1.750677 ms[0m
[0m[[0m[0mdebug[0m] [0m[0m      Load.resolveProject(jcg_js_callgraph_testadapter) took 1.376134ms[0m
[0m[[0m[0mdebug[0m] [0m[0m[Loading] Loading project jcg_jelly_testadapter @ /Users/MartinOwono/Desktop/SOSE25/BA/BA_Projekt/jcg_jelly_testadapter[0m
[0m[[0m[0mdebug[0m] [0m[0mdeducing auto plugins based on known facts Set(Atom(sbt.plugins.CorePlugin)) and clauses Clauses(Clause(Atom(sbt.plugins.JvmPlugin),Set(Atom(sbt.plugins.IvyPlugin)))[0m
[0m[[0m[0mdebug[0m] [0m[0mClause(Atom(sbt.ScriptedPlugin),Set(Atom(sbt.plugins.JvmPlugin)))[0m
[0m[[0m[0mdebug[0m] [0m[0mClause(Atom(sbt.plugins.SbtPlugin),Set(Atom(sbt.ScriptedPlugin)))[0m
[0m[[0m[0mdebug[0m] [0m[0mClause(Atom(sbt.plugins.SemanticdbPlugin),Set(Atom(sbt.plugins.JvmPlugin)))[0m
[0m[[0m[0mdebug[0m] [0m[0mClause(Atom(sbt.plugins.JUnitXmlReportPlugin),Set(Atom(sbt.plugins.JvmPlugin)))[0m
[0m[[0m[0mdebug[0m] [0m[0mClause(Atom(sbt.plugins.MiniDependencyTreePlugin),Set(Atom(sbt.plugins.JvmPlugin)))[0m
[0m[[0m[0mdebug[0m] [0m[0mClause(Atom(sbtassembly.AssemblyPlugin),Set(Atom(sbt.plugins.JvmPlugin)))[0m
[0m[[0m[0mdebug[0m] [0m[0mClause(Atom(com.typesafe.sbt.SbtPgp),Set(Atom(sbt.plugins.IvyPlugin)))[0m
[0m[[0m[0mdebug[0m] [0m[0mClause(Atom(sbtdirtymoney.DirtyMoneyPlugin),Set(Atom(sbt.plugins.IvyPlugin)))[0m
[0m[[0m[0mdebug[0m] [0m[0mClause(Atom(xerial.sbt.Sonatype),Set(Atom(sbt.plugins.JvmPlugin)))[0m
[0m[[0m[0mdebug[0m] [0m[0mClause(Atom(org.jetbrains.sbt.StructurePlugin),Set(Atom(sbt.plugins.JvmPlugin)))[0m
[0m[[0m[0mdebug[0m] [0m[0mClause(Atom(org.jetbrains.sbt.IdeaShellPlugin),Set(Atom(sbt.plugins.JvmPlugin)))[0m
[0m[[0m[0mdebug[0m] [0m[0mClause(Atom(org.jetbrains.sbt.indices.SbtIntellijIndicesPlugin),Set(Atom(sbt.plugins.JvmPlugin)))[0m
[0m[[0m[0mdebug[0m] [0m[0mClause(Atom(sbt.plugins.CorePlugin),Set(Atom(sbt.plugins.IvyPlugin)))[0m
[0m[[0m[0mdebug[0m] [0m[0mClause(Atom(sbt.plugins.IvyPlugin),Set(Atom(sbt.plugins.JvmPlugin)))[0m
[0m[[0m[0mdebug[0m] [0m[0mClause(Atom(sbt.plugins.JvmPlugin),Set(Atom(sbt.plugins.SemanticdbPlugin)))[0m
[0m[[0m[0mdebug[0m] [0m[0mClause(Atom(sbt.plugins.JvmPlugin),Set(Atom(sbt.plugins.JUnitXmlReportPlugin)))[0m
[0m[[0m[0mdebug[0m] [0m[0mClause(Atom(sbt.plugins.CorePlugin),Set(Atom(sbt.plugins.Giter8TemplatePlugin)))[0m
[0m[[0m[0mdebug[0m] [0m[0mClause(Atom(sbt.plugins.JvmPlugin),Set(Atom(sbt.plugins.MiniDependencyTreePlugin)))[0m
[0m[[0m[0mdebug[0m] [0m[0mClause(Atom(sbt.plugins.JvmPlugin),Set(Atom(sbtassembly.AssemblyPlugin)))[0m
[0m[[0m[0mdebug[0m] [0m[0mClause(Atom(sbt.plugins.IvyPlugin),Set(Atom(com.typesafe.sbt.SbtPgp)))[0m
[0m[[0m[0mdebug[0m] [0m[0mClause(Atom(sbt.plugins.IvyPlugin),Set(Atom(sbtdirtymoney.DirtyMoneyPlugin)))[0m
[0m[[0m[0mdebug[0m] [0m[0mClause(Atom(sbt.plugins.JvmPlugin),Set(Atom(xerial.sbt.Sonatype)))[0m
[0m[[0m[0mdebug[0m] [0m[0mClause(Atom(sbt.plugins.JvmPlugin),Set(Atom(org.jetbrains.sbt.StructurePlugin)))[0m
[0m[[0m[0mdebug[0m] [0m[0mClause(Atom(sbt.plugins.JvmPlugin),Set(Atom(org.jetbrains.sbt.IdeaShellPlugin)))[0m
[0m[[0m[0mdebug[0m] [0m[0mClause(And(Set(Atom(sbt.plugins.CorePlugin), Atom(sbt.plugins.JvmPlugin))),Set(Atom(org.jetbrains.sbt.indices.SbtIntellijIndicesPlugin))))[0m
[0m[[0m[0mdebug[0m] [0m[0m  :: deduced result: Matched(sbt.plugins.CorePlugin,sbt.plugins.Giter8TemplatePlugin,sbt.plugins.IvyPlugin,sbtdirtymoney.DirtyMoneyPlugin,com.typesafe.sbt.SbtPgp,sbt.plugins.JvmPlugin,sbt.plugins.SemanticdbPlugin,org.jetbrains.sbt.indices.SbtIntellijIndicesPlugin,sbt.plugins.JUnitXmlReportPlugin,sbtassembly.AssemblyPlugin,xerial.sbt.Sonatype,org.jetbrains.sbt.IdeaShellPlugin,org.jetbrains.sbt.StructurePlugin,sbt.plugins.MiniDependencyTreePlugin)[0m
[0m[[0m[0mdebug[0m] [0m[0mPlugins.deducer#function took 3.652531 ms[0m
[0m[[0m[0mdebug[0m] [0m[0m      Load.resolveProject(jcg_jelly_testadapter) took 2.780419ms[0m
[0m[[0m[0mdebug[0m] [0m[0m[Loading] Loading project jcg_tajs_testadapter @ /Users/MartinOwono/Desktop/SOSE25/BA/BA_Projekt/jcg_tajs_testadapter[0m
[0m[[0m[0mdebug[0m] [0m[0mdeducing auto plugins based on known facts Set(Atom(sbt.plugins.CorePlugin)) and clauses Clauses(Clause(Atom(sbt.plugins.JvmPlugin),Set(Atom(sbt.plugins.IvyPlugin)))[0m
[0m[[0m[0mdebug[0m] [0m[0mClause(Atom(sbt.ScriptedPlugin),Set(Atom(sbt.plugins.JvmPlugin)))[0m
[0m[[0m[0mdebug[0m] [0m[0mClause(Atom(sbt.plugins.SbtPlugin),Set(Atom(sbt.ScriptedPlugin)))[0m
[0m[[0m[0mdebug[0m] [0m[0mClause(Atom(sbt.plugins.SemanticdbPlugin),Set(Atom(sbt.plugins.JvmPlugin)))[0m
[0m[[0m[0mdebug[0m] [0m[0mClause(Atom(sbt.plugins.JUnitXmlReportPlugin),Set(Atom(sbt.plugins.JvmPlugin)))[0m
[0m[[0m[0mdebug[0m] [0m[0mClause(Atom(sbt.plugins.MiniDependencyTreePlugin),Set(Atom(sbt.plugins.JvmPlugin)))[0m
[0m[[0m[0mdebug[0m] [0m[0mClause(Atom(sbtassembly.AssemblyPlugin),Set(Atom(sbt.plugins.JvmPlugin)))[0m
[0m[[0m[0mdebug[0m] [0m[0mClause(Atom(com.typesafe.sbt.SbtPgp),Set(Atom(sbt.plugins.IvyPlugin)))[0m
[0m[[0m[0mdebug[0m] [0m[0mClause(Atom(sbtdirtymoney.DirtyMoneyPlugin),Set(Atom(sbt.plugins.IvyPlugin)))[0m
[0m[[0m[0mdebug[0m] [0m[0mClause(Atom(xerial.sbt.Sonatype),Set(Atom(sbt.plugins.JvmPlugin)))[0m
[0m[[0m[0mdebug[0m] [0m[0mClause(Atom(org.jetbrains.sbt.StructurePlugin),Set(Atom(sbt.plugins.JvmPlugin)))[0m
[0m[[0m[0mdebug[0m] [0m[0mClause(Atom(org.jetbrains.sbt.IdeaShellPlugin),Set(Atom(sbt.plugins.JvmPlugin)))[0m
[0m[[0m[0mdebug[0m] [0m[0mClause(Atom(org.jetbrains.sbt.indices.SbtIntellijIndicesPlugin),Set(Atom(sbt.plugins.JvmPlugin)))[0m
[0m[[0m[0mdebug[0m] [0m[0mClause(Atom(sbt.plugins.CorePlugin),Set(Atom(sbt.plugins.IvyPlugin)))[0m
[0m[[0m[0mdebug[0m] [0m[0mClause(Atom(sbt.plugins.IvyPlugin),Set(Atom(sbt.plugins.JvmPlugin)))[0m
[0m[[0m[0mdebug[0m] [0m[0mClause(Atom(sbt.plugins.JvmPlugin),Set(Atom(sbt.plugins.SemanticdbPlugin)))[0m
[0m[[0m[0mdebug[0m] [0m[0mClause(Atom(sbt.plugins.JvmPlugin),Set(Atom(sbt.plugins.JUnitXmlReportPlugin)))[0m
[0m[[0m[0mdebug[0m] [0m[0mClause(Atom(sbt.plugins.CorePlugin),Set(Atom(sbt.plugins.Giter8TemplatePlugin)))[0m
[0m[[0m[0mdebug[0m] [0m[0mClause(Atom(sbt.plugins.JvmPlugin),Set(Atom(sbt.plugins.MiniDependencyTreePlugin)))[0m
[0m[[0m[0mdebug[0m] [0m[0mClause(Atom(sbt.plugins.JvmPlugin),Set(Atom(sbtassembly.AssemblyPlugin)))[0m
[0m[[0m[0mdebug[0m] [0m[0mClause(Atom(sbt.plugins.IvyPlugin),Set(Atom(com.typesafe.sbt.SbtPgp)))[0m
[0m[[0m[0mdebug[0m] [0m[0mClause(Atom(sbt.plugins.IvyPlugin),Set(Atom(sbtdirtymoney.DirtyMoneyPlugin)))[0m
[0m[[0m[0mdebug[0m] [0m[0mClause(Atom(sbt.plugins.JvmPlugin),Set(Atom(xerial.sbt.Sonatype)))[0m
[0m[[0m[0mdebug[0m] [0m[0mClause(Atom(sbt.plugins.JvmPlugin),Set(Atom(org.jetbrains.sbt.StructurePlugin)))[0m
[0m[[0m[0mdebug[0m] [0m[0mClause(Atom(sbt.plugins.JvmPlugin),Set(Atom(org.jetbrains.sbt.IdeaShellPlugin)))[0m
[0m[[0m[0mdebug[0m] [0m[0mClause(And(Set(Atom(sbt.plugins.CorePlugin), Atom(sbt.plugins.JvmPlugin))),Set(Atom(org.jetbrains.sbt.indices.SbtIntellijIndicesPlugin))))[0m
[0m[[0m[0mdebug[0m] [0m[0m  :: deduced result: Matched(sbt.plugins.CorePlugin,sbt.plugins.Giter8TemplatePlugin,sbt.plugins.IvyPlugin,sbtdirtymoney.DirtyMoneyPlugin,com.typesafe.sbt.SbtPgp,sbt.plugins.JvmPlugin,sbt.plugins.SemanticdbPlugin,org.jetbrains.sbt.indices.SbtIntellijIndicesPlugin,sbt.plugins.JUnitXmlReportPlugin,sbtassembly.AssemblyPlugin,xerial.sbt.Sonatype,org.jetbrains.sbt.IdeaShellPlugin,org.jetbrains.sbt.StructurePlugin,sbt.plugins.MiniDependencyTreePlugin)[0m
[0m[[0m[0mdebug[0m] [0m[0mPlugins.deducer#function took 1.413157 ms[0m
[0m[[0m[0mdebug[0m] [0m[0m      Load.resolveProject(jcg_tajs_testadapter) took 1.356547ms[0m
[0m[[0m[0mdebug[0m] [0m[0m[Loading] Loading project jcg_code2flow_js_testadapter @ /Users/MartinOwono/Desktop/SOSE25/BA/BA_Projekt/jcg_code2flow_js_testadapter[0m
[0m[[0m[0mdebug[0m] [0m[0mdeducing auto plugins based on known facts Set(Atom(sbt.plugins.CorePlugin)) and clauses Clauses(Clause(Atom(sbt.plugins.JvmPlugin),Set(Atom(sbt.plugins.IvyPlugin)))[0m
[0m[[0m[0mdebug[0m] [0m[0mClause(Atom(sbt.ScriptedPlugin),Set(Atom(sbt.plugins.JvmPlugin)))[0m
[0m[[0m[0mdebug[0m] [0m[0mClause(Atom(sbt.plugins.SbtPlugin),Set(Atom(sbt.ScriptedPlugin)))[0m
[0m[[0m[0mdebug[0m] [0m[0mClause(Atom(sbt.plugins.SemanticdbPlugin),Set(Atom(sbt.plugins.JvmPlugin)))[0m
[0m[[0m[0mdebug[0m] [0m[0mClause(Atom(sbt.plugins.JUnitXmlReportPlugin),Set(Atom(sbt.plugins.JvmPlugin)))[0m
[0m[[0m[0mdebug[0m] [0m[0mClause(Atom(sbt.plugins.MiniDependencyTreePlugin),Set(Atom(sbt.plugins.JvmPlugin)))[0m
[0m[[0m[0mdebug[0m] [0m[0mClause(Atom(sbtassembly.AssemblyPlugin),Set(Atom(sbt.plugins.JvmPlugin)))[0m
[0m[[0m[0mdebug[0m] [0m[0mClause(Atom(com.typesafe.sbt.SbtPgp),Set(Atom(sbt.plugins.IvyPlugin)))[0m
[0m[[0m[0mdebug[0m] [0m[0mClause(Atom(sbtdirtymoney.DirtyMoneyPlugin),Set(Atom(sbt.plugins.IvyPlugin)))[0m
[0m[[0m[0mdebug[0m] [0m[0mClause(Atom(xerial.sbt.Sonatype),Set(Atom(sbt.plugins.JvmPlugin)))[0m
[0m[[0m[0mdebug[0m] [0m[0mClause(Atom(org.jetbrains.sbt.StructurePlugin),Set(Atom(sbt.plugins.JvmPlugin)))[0m
[0m[[0m[0mdebug[0m] [0m[0mClause(Atom(org.jetbrains.sbt.IdeaShellPlugin),Set(Atom(sbt.plugins.JvmPlugin)))[0m
[0m[[0m[0mdebug[0m] [0m[0mClause(Atom(org.jetbrains.sbt.indices.SbtIntellijIndicesPlugin),Set(Atom(sbt.plugins.JvmPlugin)))[0m
[0m[[0m[0mdebug[0m] [0m[0mClause(Atom(sbt.plugins.CorePlugin),Set(Atom(sbt.plugins.IvyPlugin)))[0m
[0m[[0m[0mdebug[0m] [0m[0mClause(Atom(sbt.plugins.IvyPlugin),Set(Atom(sbt.plugins.JvmPlugin)))[0m
[0m[[0m[0mdebug[0m] [0m[0mClause(Atom(sbt.plugins.JvmPlugin),Set(Atom(sbt.plugins.SemanticdbPlugin)))[0m
[0m[[0m[0mdebug[0m] [0m[0mClause(Atom(sbt.plugins.JvmPlugin),Set(Atom(sbt.plugins.JUnitXmlReportPlugin)))[0m
[0m[[0m[0mdebug[0m] [0m[0mClause(Atom(sbt.plugins.CorePlugin),Set(Atom(sbt.plugins.Giter8TemplatePlugin)))[0m
[0m[[0m[0mdebug[0m] [0m[0mClause(Atom(sbt.plugins.JvmPlugin),Set(Atom(sbt.plugins.MiniDependencyTreePlugin)))[0m
[0m[[0m[0mdebug[0m] [0m[0mClause(Atom(sbt.plugins.JvmPlugin),Set(Atom(sbtassembly.AssemblyPlugin)))[0m
[0m[[0m[0mdebug[0m] [0m[0mClause(Atom(sbt.plugins.IvyPlugin),Set(Atom(com.typesafe.sbt.SbtPgp)))[0m
[0m[[0m[0mdebug[0m] [0m[0mClause(Atom(sbt.plugins.IvyPlugin),Set(Atom(sbtdirtymoney.DirtyMoneyPlugin)))[0m
[0m[[0m[0mdebug[0m] [0m[0mClause(Atom(sbt.plugins.JvmPlugin),Set(Atom(xerial.sbt.Sonatype)))[0m
[0m[[0m[0mdebug[0m] [0m[0mClause(Atom(sbt.plugins.JvmPlugin),Set(Atom(org.jetbrains.sbt.StructurePlugin)))[0m
[0m[[0m[0mdebug[0m] [0m[0mClause(Atom(sbt.plugins.JvmPlugin),Set(Atom(org.jetbrains.sbt.IdeaShellPlugin)))[0m
[0m[[0m[0mdebug[0m] [0m[0mClause(And(Set(Atom(sbt.plugins.CorePlugin), Atom(sbt.plugins.JvmPlugin))),Set(Atom(org.jetbrains.sbt.indices.SbtIntellijIndicesPlugin))))[0m
[0m[[0m[0mdebug[0m] [0m[0m  :: deduced result: Matched(sbt.plugins.CorePlugin,sbt.plugins.Giter8TemplatePlugin,sbt.plugins.IvyPlugin,sbtdirtymoney.DirtyMoneyPlugin,com.typesafe.sbt.SbtPgp,sbt.plugins.JvmPlugin,sbt.plugins.SemanticdbPlugin,org.jetbrains.sbt.indices.SbtIntellijIndicesPlugin,sbt.plugins.JUnitXmlReportPlugin,sbtassembly.AssemblyPlugin,xerial.sbt.Sonatype,org.jetbrains.sbt.IdeaShellPlugin,org.jetbrains.sbt.StructurePlugin,sbt.plugins.MiniDependencyTreePlugin)[0m
[0m[[0m[0mdebug[0m] [0m[0mPlugins.deducer#function took 1.596761 ms[0m
[0m[[0m[0mdebug[0m] [0m[0m      Load.resolveProject(jcg_code2flow_js_testadapter) took 1.583569ms[0m
[0m[[0m[0mdebug[0m] [0m[0m[Loading] Loading project jcg_code2flow_py_testadapter @ /Users/MartinOwono/Desktop/SOSE25/BA/BA_Projekt/jcg_code2flow_py_testadapter[0m
[0m[[0m[0mdebug[0m] [0m[0mdeducing auto plugins based on known facts Set(Atom(sbt.plugins.CorePlugin)) and clauses Clauses(Clause(Atom(sbt.plugins.JvmPlugin),Set(Atom(sbt.plugins.IvyPlugin)))[0m
[0m[[0m[0mdebug[0m] [0m[0mClause(Atom(sbt.ScriptedPlugin),Set(Atom(sbt.plugins.JvmPlugin)))[0m
[0m[[0m[0mdebug[0m] [0m[0mClause(Atom(sbt.plugins.SbtPlugin),Set(Atom(sbt.ScriptedPlugin)))[0m
[0m[[0m[0mdebug[0m] [0m[0mClause(Atom(sbt.plugins.SemanticdbPlugin),Set(Atom(sbt.plugins.JvmPlugin)))[0m
[0m[[0m[0mdebug[0m] [0m[0mClause(Atom(sbt.plugins.JUnitXmlReportPlugin),Set(Atom(sbt.plugins.JvmPlugin)))[0m
[0m[[0m[0mdebug[0m] [0m[0mClause(Atom(sbt.plugins.MiniDependencyTreePlugin),Set(Atom(sbt.plugins.JvmPlugin)))[0m
[0m[[0m[0mdebug[0m] [0m[0mClause(Atom(sbtassembly.AssemblyPlugin),Set(Atom(sbt.plugins.JvmPlugin)))[0m
[0m[[0m[0mdebug[0m] [0m[0mClause(Atom(com.typesafe.sbt.SbtPgp),Set(Atom(sbt.plugins.IvyPlugin)))[0m
[0m[[0m[0mdebug[0m] [0m[0mClause(Atom(sbtdirtymoney.DirtyMoneyPlugin),Set(Atom(sbt.plugins.IvyPlugin)))[0m
[0m[[0m[0mdebug[0m] [0m[0mClause(Atom(xerial.sbt.Sonatype),Set(Atom(sbt.plugins.JvmPlugin)))[0m
[0m[[0m[0mdebug[0m] [0m[0mClause(Atom(org.jetbrains.sbt.StructurePlugin),Set(Atom(sbt.plugins.JvmPlugin)))[0m
[0m[[0m[0mdebug[0m] [0m[0mClause(Atom(org.jetbrains.sbt.IdeaShellPlugin),Set(Atom(sbt.plugins.JvmPlugin)))[0m
[0m[[0m[0mdebug[0m] [0m[0mClause(Atom(org.jetbrains.sbt.indices.SbtIntellijIndicesPlugin),Set(Atom(sbt.plugins.JvmPlugin)))[0m
[0m[[0m[0mdebug[0m] [0m[0mClause(Atom(sbt.plugins.CorePlugin),Set(Atom(sbt.plugins.IvyPlugin)))[0m
[0m[[0m[0mdebug[0m] [0m[0mClause(Atom(sbt.plugins.IvyPlugin),Set(Atom(sbt.plugins.JvmPlugin)))[0m
[0m[[0m[0mdebug[0m] [0m[0mClause(Atom(sbt.plugins.JvmPlugin),Set(Atom(sbt.plugins.SemanticdbPlugin)))[0m
[0m[[0m[0mdebug[0m] [0m[0mClause(Atom(sbt.plugins.JvmPlugin),Set(Atom(sbt.plugins.JUnitXmlReportPlugin)))[0m
[0m[[0m[0mdebug[0m] [0m[0mClause(Atom(sbt.plugins.CorePlugin),Set(Atom(sbt.plugins.Giter8TemplatePlugin)))[0m
[0m[[0m[0mdebug[0m] [0m[0mClause(Atom(sbt.plugins.JvmPlugin),Set(Atom(sbt.plugins.MiniDependencyTreePlugin)))[0m
[0m[[0m[0mdebug[0m] [0m[0mClause(Atom(sbt.plugins.JvmPlugin),Set(Atom(sbtassembly.AssemblyPlugin)))[0m
[0m[[0m[0mdebug[0m] [0m[0mClause(Atom(sbt.plugins.IvyPlugin),Set(Atom(com.typesafe.sbt.SbtPgp)))[0m
[0m[[0m[0mdebug[0m] [0m[0mClause(Atom(sbt.plugins.IvyPlugin),Set(Atom(sbtdirtymoney.DirtyMoneyPlugin)))[0m
[0m[[0m[0mdebug[0m] [0m[0mClause(Atom(sbt.plugins.JvmPlugin),Set(Atom(xerial.sbt.Sonatype)))[0m
[0m[[0m[0mdebug[0m] [0m[0mClause(Atom(sbt.plugins.JvmPlugin),Set(Atom(org.jetbrains.sbt.StructurePlugin)))[0m
[0m[[0m[0mdebug[0m] [0m[0mClause(Atom(sbt.plugins.JvmPlugin),Set(Atom(org.jetbrains.sbt.IdeaShellPlugin)))[0m
[0m[[0m[0mdebug[0m] [0m[0mClause(And(Set(Atom(sbt.plugins.CorePlugin), Atom(sbt.plugins.JvmPlugin))),Set(Atom(org.jetbrains.sbt.indices.SbtIntellijIndicesPlugin))))[0m
[0m[[0m[0mdebug[0m] [0m[0m  :: deduced result: Matched(sbt.plugins.CorePlugin,sbt.plugins.Giter8TemplatePlugin,sbt.plugins.IvyPlugin,sbtdirtymoney.DirtyMoneyPlugin,com.typesafe.sbt.SbtPgp,sbt.plugins.JvmPlugin,sbt.plugins.SemanticdbPlugin,org.jetbrains.sbt.indices.SbtIntellijIndicesPlugin,sbt.plugins.JUnitXmlReportPlugin,sbtassembly.AssemblyPlugin,xerial.sbt.Sonatype,org.jetbrains.sbt.IdeaShellPlugin,org.jetbrains.sbt.StructurePlugin,sbt.plugins.MiniDependencyTreePlugin)[0m
[0m[[0m[0mdebug[0m] [0m[0mPlugins.deducer#function took 1.881888 ms[0m
[0m[[0m[0mdebug[0m] [0m[0m      Load.resolveProject(jcg_code2flow_py_testadapter) took 1.853176ms[0m
[0m[[0m[0mdebug[0m] [0m[0m[Loading] Loading project jcg_pycg_testadapter @ /Users/MartinOwono/Desktop/SOSE25/BA/BA_Projekt/jcg_pycg_testadapter[0m
[0m[[0m[0mdebug[0m] [0m[0mdeducing auto plugins based on known facts Set(Atom(sbt.plugins.CorePlugin)) and clauses Clauses(Clause(Atom(sbt.plugins.JvmPlugin),Set(Atom(sbt.plugins.IvyPlugin)))[0m
[0m[[0m[0mdebug[0m] [0m[0mClause(Atom(sbt.ScriptedPlugin),Set(Atom(sbt.plugins.JvmPlugin)))[0m
[0m[[0m[0mdebug[0m] [0m[0mClause(Atom(sbt.plugins.SbtPlugin),Set(Atom(sbt.ScriptedPlugin)))[0m
[0m[[0m[0mdebug[0m] [0m[0mClause(Atom(sbt.plugins.SemanticdbPlugin),Set(Atom(sbt.plugins.JvmPlugin)))[0m
[0m[[0m[0mdebug[0m] [0m[0mClause(Atom(sbt.plugins.JUnitXmlReportPlugin),Set(Atom(sbt.plugins.JvmPlugin)))[0m
[0m[[0m[0mdebug[0m] [0m[0mClause(Atom(sbt.plugins.MiniDependencyTreePlugin),Set(Atom(sbt.plugins.JvmPlugin)))[0m
[0m[[0m[0mdebug[0m] [0m[0mClause(Atom(sbtassembly.AssemblyPlugin),Set(Atom(sbt.plugins.JvmPlugin)))[0m
[0m[[0m[0mdebug[0m] [0m[0mClause(Atom(com.typesafe.sbt.SbtPgp),Set(Atom(sbt.plugins.IvyPlugin)))[0m
[0m[[0m[0mdebug[0m] [0m[0mClause(Atom(sbtdirtymoney.DirtyMoneyPlugin),Set(Atom(sbt.plugins.IvyPlugin)))[0m
[0m[[0m[0mdebug[0m] [0m[0mClause(Atom(xerial.sbt.Sonatype),Set(Atom(sbt.plugins.JvmPlugin)))[0m
[0m[[0m[0mdebug[0m] [0m[0mClause(Atom(org.jetbrains.sbt.StructurePlugin),Set(Atom(sbt.plugins.JvmPlugin)))[0m
[0m[[0m[0mdebug[0m] [0m[0mClause(Atom(org.jetbrains.sbt.IdeaShellPlugin),Set(Atom(sbt.plugins.JvmPlugin)))[0m
[0m[[0m[0mdebug[0m] [0m[0mClause(Atom(org.jetbrains.sbt.indices.SbtIntellijIndicesPlugin),Set(Atom(sbt.plugins.JvmPlugin)))[0m
[0m[[0m[0mdebug[0m] [0m[0mClause(Atom(sbt.plugins.CorePlugin),Set(Atom(sbt.plugins.IvyPlugin)))[0m
[0m[[0m[0mdebug[0m] [0m[0mClause(Atom(sbt.plugins.IvyPlugin),Set(Atom(sbt.plugins.JvmPlugin)))[0m
[0m[[0m[0mdebug[0m] [0m[0mClause(Atom(sbt.plugins.JvmPlugin),Set(Atom(sbt.plugins.SemanticdbPlugin)))[0m
[0m[[0m[0mdebug[0m] [0m[0mClause(Atom(sbt.plugins.JvmPlugin),Set(Atom(sbt.plugins.JUnitXmlReportPlugin)))[0m
[0m[[0m[0mdebug[0m] [0m[0mClause(Atom(sbt.plugins.CorePlugin),Set(Atom(sbt.plugins.Giter8TemplatePlugin)))[0m
[0m[[0m[0mdebug[0m] [0m[0mClause(Atom(sbt.plugins.JvmPlugin),Set(Atom(sbt.plugins.MiniDependencyTreePlugin)))[0m
[0m[[0m[0mdebug[0m] [0m[0mClause(Atom(sbt.plugins.JvmPlugin),Set(Atom(sbtassembly.AssemblyPlugin)))[0m
[0m[[0m[0mdebug[0m] [0m[0mClause(Atom(sbt.plugins.IvyPlugin),Set(Atom(com.typesafe.sbt.SbtPgp)))[0m
[0m[[0m[0mdebug[0m] [0m[0mClause(Atom(sbt.plugins.IvyPlugin),Set(Atom(sbtdirtymoney.DirtyMoneyPlugin)))[0m
[0m[[0m[0mdebug[0m] [0m[0mClause(Atom(sbt.plugins.JvmPlugin),Set(Atom(xerial.sbt.Sonatype)))[0m
[0m[[0m[0mdebug[0m] [0m[0mClause(Atom(sbt.plugins.JvmPlugin),Set(Atom(org.jetbrains.sbt.StructurePlugin)))[0m
[0m[[0m[0mdebug[0m] [0m[0mClause(Atom(sbt.plugins.JvmPlugin),Set(Atom(org.jetbrains.sbt.IdeaShellPlugin)))[0m
[0m[[0m[0mdebug[0m] [0m[0mClause(And(Set(Atom(sbt.plugins.CorePlugin), Atom(sbt.plugins.JvmPlugin))),Set(Atom(org.jetbrains.sbt.indices.SbtIntellijIndicesPlugin))))[0m
[0m[[0m[0mdebug[0m] [0m[0m  :: deduced result: Matched(sbt.plugins.CorePlugin,sbt.plugins.Giter8TemplatePlugin,sbt.plugins.IvyPlugin,sbtdirtymoney.DirtyMoneyPlugin,com.typesafe.sbt.SbtPgp,sbt.plugins.JvmPlugin,sbt.plugins.SemanticdbPlugin,org.jetbrains.sbt.indices.SbtIntellijIndicesPlugin,sbt.plugins.JUnitXmlReportPlugin,sbtassembly.AssemblyPlugin,xerial.sbt.Sonatype,org.jetbrains.sbt.IdeaShellPlugin,org.jetbrains.sbt.StructurePlugin,sbt.plugins.MiniDependencyTreePlugin)[0m
[0m[[0m[0mdebug[0m] [0m[0mPlugins.deducer#function took 1.921597 ms[0m
[0m[[0m[0mdebug[0m] [0m[0m      Load.resolveProject(jcg_pycg_testadapter) took 1.814097ms[0m
[0m[[0m[0mdebug[0m] [0m[0m[Loading] Loading project jcg_pyan_testadapter @ /Users/MartinOwono/Desktop/SOSE25/BA/BA_Projekt/jcg_pyan_testadapter[0m
[0m[[0m[0mdebug[0m] [0m[0mdeducing auto plugins based on known facts Set(Atom(sbt.plugins.CorePlugin)) and clauses Clauses(Clause(Atom(sbt.plugins.JvmPlugin),Set(Atom(sbt.plugins.IvyPlugin)))[0m
[0m[[0m[0mdebug[0m] [0m[0mClause(Atom(sbt.ScriptedPlugin),Set(Atom(sbt.plugins.JvmPlugin)))[0m
[0m[[0m[0mdebug[0m] [0m[0mClause(Atom(sbt.plugins.SbtPlugin),Set(Atom(sbt.ScriptedPlugin)))[0m
[0m[[0m[0mdebug[0m] [0m[0mClause(Atom(sbt.plugins.SemanticdbPlugin),Set(Atom(sbt.plugins.JvmPlugin)))[0m
[0m[[0m[0mdebug[0m] [0m[0mClause(Atom(sbt.plugins.JUnitXmlReportPlugin),Set(Atom(sbt.plugins.JvmPlugin)))[0m
[0m[[0m[0mdebug[0m] [0m[0mClause(Atom(sbt.plugins.MiniDependencyTreePlugin),Set(Atom(sbt.plugins.JvmPlugin)))[0m
[0m[[0m[0mdebug[0m] [0m[0mClause(Atom(sbtassembly.AssemblyPlugin),Set(Atom(sbt.plugins.JvmPlugin)))[0m
[0m[[0m[0mdebug[0m] [0m[0mClause(Atom(com.typesafe.sbt.SbtPgp),Set(Atom(sbt.plugins.IvyPlugin)))[0m
[0m[[0m[0mdebug[0m] [0m[0mClause(Atom(sbtdirtymoney.DirtyMoneyPlugin),Set(Atom(sbt.plugins.IvyPlugin)))[0m
[0m[[0m[0mdebug[0m] [0m[0mClause(Atom(xerial.sbt.Sonatype),Set(Atom(sbt.plugins.JvmPlugin)))[0m
[0m[[0m[0mdebug[0m] [0m[0mClause(Atom(org.jetbrains.sbt.StructurePlugin),Set(Atom(sbt.plugins.JvmPlugin)))[0m
[0m[[0m[0mdebug[0m] [0m[0mClause(Atom(org.jetbrains.sbt.IdeaShellPlugin),Set(Atom(sbt.plugins.JvmPlugin)))[0m
[0m[[0m[0mdebug[0m] [0m[0mClause(Atom(org.jetbrains.sbt.indices.SbtIntellijIndicesPlugin),Set(Atom(sbt.plugins.JvmPlugin)))[0m
[0m[[0m[0mdebug[0m] [0m[0mClause(Atom(sbt.plugins.CorePlugin),Set(Atom(sbt.plugins.IvyPlugin)))[0m
[0m[[0m[0mdebug[0m] [0m[0mClause(Atom(sbt.plugins.IvyPlugin),Set(Atom(sbt.plugins.JvmPlugin)))[0m
[0m[[0m[0mdebug[0m] [0m[0mClause(Atom(sbt.plugins.JvmPlugin),Set(Atom(sbt.plugins.SemanticdbPlugin)))[0m
[0m[[0m[0mdebug[0m] [0m[0mClause(Atom(sbt.plugins.JvmPlugin),Set(Atom(sbt.plugins.JUnitXmlReportPlugin)))[0m
[0m[[0m[0mdebug[0m] [0m[0mClause(Atom(sbt.plugins.CorePlugin),Set(Atom(sbt.plugins.Giter8TemplatePlugin)))[0m
[0m[[0m[0mdebug[0m] [0m[0mClause(Atom(sbt.plugins.JvmPlugin),Set(Atom(sbt.plugins.MiniDependencyTreePlugin)))[0m
[0m[[0m[0mdebug[0m] [0m[0mClause(Atom(sbt.plugins.JvmPlugin),Set(Atom(sbtassembly.AssemblyPlugin)))[0m
[0m[[0m[0mdebug[0m] [0m[0mClause(Atom(sbt.plugins.IvyPlugin),Set(Atom(com.typesafe.sbt.SbtPgp)))[0m
[0m[[0m[0mdebug[0m] [0m[0mClause(Atom(sbt.plugins.IvyPlugin),Set(Atom(sbtdirtymoney.DirtyMoneyPlugin)))[0m
[0m[[0m[0mdebug[0m] [0m[0mClause(Atom(sbt.plugins.JvmPlugin),Set(Atom(xerial.sbt.Sonatype)))[0m
[0m[[0m[0mdebug[0m] [0m[0mClause(Atom(sbt.plugins.JvmPlugin),Set(Atom(org.jetbrains.sbt.StructurePlugin)))[0m
[0m[[0m[0mdebug[0m] [0m[0mClause(Atom(sbt.plugins.JvmPlugin),Set(Atom(org.jetbrains.sbt.IdeaShellPlugin)))[0m
[0m[[0m[0mdebug[0m] [0m[0mClause(And(Set(Atom(sbt.plugins.CorePlugin), Atom(sbt.plugins.JvmPlugin))),Set(Atom(org.jetbrains.sbt.indices.SbtIntellijIndicesPlugin))))[0m
[0m[[0m[0mdebug[0m] [0m[0m  :: deduced result: Matched(sbt.plugins.CorePlugin,sbt.plugins.Giter8TemplatePlugin,sbt.plugins.IvyPlugin,sbtdirtymoney.DirtyMoneyPlugin,com.typesafe.sbt.SbtPgp,sbt.plugins.JvmPlugin,sbt.plugins.SemanticdbPlugin,org.jetbrains.sbt.indices.SbtIntellijIndicesPlugin,sbt.plugins.JUnitXmlReportPlugin,sbtassembly.AssemblyPlugin,xerial.sbt.Sonatype,org.jetbrains.sbt.IdeaShellPlugin,org.jetbrains.sbt.StructurePlugin,sbt.plugins.MiniDependencyTreePlugin)[0m
[0m[[0m[0mdebug[0m] [0m[0mPlugins.deducer#function took 1.635385 ms[0m
[0m[[0m[0mdebug[0m] [0m[0m      Load.resolveProject(jcg_pyan_testadapter) took 1.620833ms[0m
[0m[[0m[0mdebug[0m] [0m[0m[Loading] Loading project jcg_jarvis_testadapter @ /Users/MartinOwono/Desktop/SOSE25/BA/BA_Projekt/jcg_jarvis_testadapter[0m
[0m[[0m[0mdebug[0m] [0m[0mdeducing auto plugins based on known facts Set(Atom(sbt.plugins.CorePlugin)) and clauses Clauses(Clause(Atom(sbt.plugins.JvmPlugin),Set(Atom(sbt.plugins.IvyPlugin)))[0m
[0m[[0m[0mdebug[0m] [0m[0mClause(Atom(sbt.ScriptedPlugin),Set(Atom(sbt.plugins.JvmPlugin)))[0m
[0m[[0m[0mdebug[0m] [0m[0mClause(Atom(sbt.plugins.SbtPlugin),Set(Atom(sbt.ScriptedPlugin)))[0m
[0m[[0m[0mdebug[0m] [0m[0mClause(Atom(sbt.plugins.SemanticdbPlugin),Set(Atom(sbt.plugins.JvmPlugin)))[0m
[0m[[0m[0mdebug[0m] [0m[0mClause(Atom(sbt.plugins.JUnitXmlReportPlugin),Set(Atom(sbt.plugins.JvmPlugin)))[0m
[0m[[0m[0mdebug[0m] [0m[0mClause(Atom(sbt.plugins.MiniDependencyTreePlugin),Set(Atom(sbt.plugins.JvmPlugin)))[0m
[0m[[0m[0mdebug[0m] [0m[0mClause(Atom(sbtassembly.AssemblyPlugin),Set(Atom(sbt.plugins.JvmPlugin)))[0m
[0m[[0m[0mdebug[0m] [0m[0mClause(Atom(com.typesafe.sbt.SbtPgp),Set(Atom(sbt.plugins.IvyPlugin)))[0m
[0m[[0m[0mdebug[0m] [0m[0mClause(Atom(sbtdirtymoney.DirtyMoneyPlugin),Set(Atom(sbt.plugins.IvyPlugin)))[0m
[0m[[0m[0mdebug[0m] [0m[0mClause(Atom(xerial.sbt.Sonatype),Set(Atom(sbt.plugins.JvmPlugin)))[0m
[0m[[0m[0mdebug[0m] [0m[0mClause(Atom(org.jetbrains.sbt.StructurePlugin),Set(Atom(sbt.plugins.JvmPlugin)))[0m
[0m[[0m[0mdebug[0m] [0m[0mClause(Atom(org.jetbrains.sbt.IdeaShellPlugin),Set(Atom(sbt.plugins.JvmPlugin)))[0m
[0m[[0m[0mdebug[0m] [0m[0mClause(Atom(org.jetbrains.sbt.indices.SbtIntellijIndicesPlugin),Set(Atom(sbt.plugins.JvmPlugin)))[0m
[0m[[0m[0mdebug[0m] [0m[0mClause(Atom(sbt.plugins.CorePlugin),Set(Atom(sbt.plugins.IvyPlugin)))[0m
[0m[[0m[0mdebug[0m] [0m[0mClause(Atom(sbt.plugins.IvyPlugin),Set(Atom(sbt.plugins.JvmPlugin)))[0m
[0m[[0m[0mdebug[0m] [0m[0mClause(Atom(sbt.plugins.JvmPlugin),Set(Atom(sbt.plugins.SemanticdbPlugin)))[0m
[0m[[0m[0mdebug[0m] [0m[0mClause(Atom(sbt.plugins.JvmPlugin),Set(Atom(sbt.plugins.JUnitXmlReportPlugin)))[0m
[0m[[0m[0mdebug[0m] [0m[0mClause(Atom(sbt.plugins.CorePlugin),Set(Atom(sbt.plugins.Giter8TemplatePlugin)))[0m
[0m[[0m[0mdebug[0m] [0m[0mClause(Atom(sbt.plugins.JvmPlugin),Set(Atom(sbt.plugins.MiniDependencyTreePlugin)))[0m
[0m[[0m[0mdebug[0m] [0m[0mClause(Atom(sbt.plugins.JvmPlugin),Set(Atom(sbtassembly.AssemblyPlugin)))[0m
[0m[[0m[0mdebug[0m] [0m[0mClause(Atom(sbt.plugins.IvyPlugin),Set(Atom(com.typesafe.sbt.SbtPgp)))[0m
[0m[[0m[0mdebug[0m] [0m[0mClause(Atom(sbt.plugins.IvyPlugin),Set(Atom(sbtdirtymoney.DirtyMoneyPlugin)))[0m
[0m[[0m[0mdebug[0m] [0m[0mClause(Atom(sbt.plugins.JvmPlugin),Set(Atom(xerial.sbt.Sonatype)))[0m
[0m[[0m[0mdebug[0m] [0m[0mClause(Atom(sbt.plugins.JvmPlugin),Set(Atom(org.jetbrains.sbt.StructurePlugin)))[0m
[0m[[0m[0mdebug[0m] [0m[0mClause(Atom(sbt.plugins.JvmPlugin),Set(Atom(org.jetbrains.sbt.IdeaShellPlugin)))[0m
[0m[[0m[0mdebug[0m] [0m[0mClause(And(Set(Atom(sbt.plugins.CorePlugin), Atom(sbt.plugins.JvmPlugin))),Set(Atom(org.jetbrains.sbt.indices.SbtIntellijIndicesPlugin))))[0m
[0m[[0m[0mdebug[0m] [0m[0m  :: deduced result: Matched(sbt.plugins.CorePlugin,sbt.plugins.Giter8TemplatePlugin,sbt.plugins.IvyPlugin,sbtdirtymoney.DirtyMoneyPlugin,com.typesafe.sbt.SbtPgp,sbt.plugins.JvmPlugin,sbt.plugins.SemanticdbPlugin,org.jetbrains.sbt.indices.SbtIntellijIndicesPlugin,sbt.plugins.JUnitXmlReportPlugin,sbtassembly.AssemblyPlugin,xerial.sbt.Sonatype,org.jetbrains.sbt.IdeaShellPlugin,org.jetbrains.sbt.StructurePlugin,sbt.plugins.MiniDependencyTreePlugin)[0m
[0m[[0m[0mdebug[0m] [0m[0mPlugins.deducer#function took 1.41753 ms[0m
[0m[[0m[0mdebug[0m] [0m[0m      Load.resolveProject(jcg_jarvis_testadapter) took 1.35265ms[0m
[0m[[0m[0mdebug[0m] [0m[0m[Loading] Loading project jcg_dynamic_testadapter @ /Users/MartinOwono/Desktop/SOSE25/BA/BA_Projekt/jcg_dynamic_testadapter[0m
[0m[[0m[0mdebug[0m] [0m[0mdeducing auto plugins based on known facts Set(Atom(sbt.plugins.CorePlugin)) and clauses Clauses(Clause(Atom(sbt.plugins.JvmPlugin),Set(Atom(sbt.plugins.IvyPlugin)))[0m
[0m[[0m[0mdebug[0m] [0m[0mClause(Atom(sbt.ScriptedPlugin),Set(Atom(sbt.plugins.JvmPlugin)))[0m
[0m[[0m[0mdebug[0m] [0m[0mClause(Atom(sbt.plugins.SbtPlugin),Set(Atom(sbt.ScriptedPlugin)))[0m
[0m[[0m[0mdebug[0m] [0m[0mClause(Atom(sbt.plugins.SemanticdbPlugin),Set(Atom(sbt.plugins.JvmPlugin)))[0m
[0m[[0m[0mdebug[0m] [0m[0mClause(Atom(sbt.plugins.JUnitXmlReportPlugin),Set(Atom(sbt.plugins.JvmPlugin)))[0m
[0m[[0m[0mdebug[0m] [0m[0mClause(Atom(sbt.plugins.MiniDependencyTreePlugin),Set(Atom(sbt.plugins.JvmPlugin)))[0m
[0m[[0m[0mdebug[0m] [0m[0mClause(Atom(sbtassembly.AssemblyPlugin),Set(Atom(sbt.plugins.JvmPlugin)))[0m
[0m[[0m[0mdebug[0m] [0m[0mClause(Atom(com.typesafe.sbt.SbtPgp),Set(Atom(sbt.plugins.IvyPlugin)))[0m
[0m[[0m[0mdebug[0m] [0m[0mClause(Atom(sbtdirtymoney.DirtyMoneyPlugin),Set(Atom(sbt.plugins.IvyPlugin)))[0m
[0m[[0m[0mdebug[0m] [0m[0mClause(Atom(xerial.sbt.Sonatype),Set(Atom(sbt.plugins.JvmPlugin)))[0m
[0m[[0m[0mdebug[0m] [0m[0mClause(Atom(org.jetbrains.sbt.StructurePlugin),Set(Atom(sbt.plugins.JvmPlugin)))[0m
[0m[[0m[0mdebug[0m] [0m[0mClause(Atom(org.jetbrains.sbt.IdeaShellPlugin),Set(Atom(sbt.plugins.JvmPlugin)))[0m
[0m[[0m[0mdebug[0m] [0m[0mClause(Atom(org.jetbrains.sbt.indices.SbtIntellijIndicesPlugin),Set(Atom(sbt.plugins.JvmPlugin)))[0m
[0m[[0m[0mdebug[0m] [0m[0mClause(Atom(sbt.plugins.CorePlugin),Set(Atom(sbt.plugins.IvyPlugin)))[0m
[0m[[0m[0mdebug[0m] [0m[0mClause(Atom(sbt.plugins.IvyPlugin),Set(Atom(sbt.plugins.JvmPlugin)))[0m
[0m[[0m[0mdebug[0m] [0m[0mClause(Atom(sbt.plugins.JvmPlugin),Set(Atom(sbt.plugins.SemanticdbPlugin)))[0m
[0m[[0m[0mdebug[0m] [0m[0mClause(Atom(sbt.plugins.JvmPlugin),Set(Atom(sbt.plugins.JUnitXmlReportPlugin)))[0m
[0m[[0m[0mdebug[0m] [0m[0mClause(Atom(sbt.plugins.CorePlugin),Set(Atom(sbt.plugins.Giter8TemplatePlugin)))[0m
[0m[[0m[0mdebug[0m] [0m[0mClause(Atom(sbt.plugins.JvmPlugin),Set(Atom(sbt.plugins.MiniDependencyTreePlugin)))[0m
[0m[[0m[0mdebug[0m] [0m[0mClause(Atom(sbt.plugins.JvmPlugin),Set(Atom(sbtassembly.AssemblyPlugin)))[0m
[0m[[0m[0mdebug[0m] [0m[0mClause(Atom(sbt.plugins.IvyPlugin),Set(Atom(com.typesafe.sbt.SbtPgp)))[0m
[0m[[0m[0mdebug[0m] [0m[0mClause(Atom(sbt.plugins.IvyPlugin),Set(Atom(sbtdirtymoney.DirtyMoneyPlugin)))[0m
[0m[[0m[0mdebug[0m] [0m[0mClause(Atom(sbt.plugins.JvmPlugin),Set(Atom(xerial.sbt.Sonatype)))[0m
[0m[[0m[0mdebug[0m] [0m[0mClause(Atom(sbt.plugins.JvmPlugin),Set(Atom(org.jetbrains.sbt.StructurePlugin)))[0m
[0m[[0m[0mdebug[0m] [0m[0mClause(Atom(sbt.plugins.JvmPlugin),Set(Atom(org.jetbrains.sbt.IdeaShellPlugin)))[0m
[0m[[0m[0mdebug[0m] [0m[0mClause(And(Set(Atom(sbt.plugins.CorePlugin), Atom(sbt.plugins.JvmPlugin))),Set(Atom(org.jetbrains.sbt.indices.SbtIntellijIndicesPlugin))))[0m
[0m[[0m[0mdebug[0m] [0m[0m  :: deduced result: Matched(sbt.plugins.CorePlugin,sbt.plugins.Giter8TemplatePlugin,sbt.plugins.IvyPlugin,sbtdirtymoney.DirtyMoneyPlugin,com.typesafe.sbt.SbtPgp,sbt.plugins.JvmPlugin,sbt.plugins.SemanticdbPlugin,org.jetbrains.sbt.indices.SbtIntellijIndicesPlugin,sbt.plugins.JUnitXmlReportPlugin,sbtassembly.AssemblyPlugin,xerial.sbt.Sonatype,org.jetbrains.sbt.IdeaShellPlugin,org.jetbrains.sbt.StructurePlugin,sbt.plugins.MiniDependencyTreePlugin)[0m
[0m[[0m[0mdebug[0m] [0m[0mPlugins.deducer#function took 2.355274 ms[0m
[0m[[0m[0mdebug[0m] [0m[0m      Load.resolveProject(jcg_dynamic_testadapter) took 1.465823ms[0m
[0m[[0m[0mdebug[0m] [0m[0m[Loading] Loading project jcg_testadapter_commons @ /Users/MartinOwono/Desktop/SOSE25/BA/BA_Projekt/jcg_testadapter_commons[0m
[0m[[0m[0mdebug[0m] [0m[0mdeducing auto plugins based on known facts Set(Atom(sbt.plugins.CorePlugin)) and clauses Clauses(Clause(Atom(sbt.plugins.JvmPlugin),Set(Atom(sbt.plugins.IvyPlugin)))[0m
[0m[[0m[0mdebug[0m] [0m[0mClause(Atom(sbt.ScriptedPlugin),Set(Atom(sbt.plugins.JvmPlugin)))[0m
[0m[[0m[0mdebug[0m] [0m[0mClause(Atom(sbt.plugins.SbtPlugin),Set(Atom(sbt.ScriptedPlugin)))[0m
[0m[[0m[0mdebug[0m] [0m[0mClause(Atom(sbt.plugins.SemanticdbPlugin),Set(Atom(sbt.plugins.JvmPlugin)))[0m
[0m[[0m[0mdebug[0m] [0m[0mClause(Atom(sbt.plugins.JUnitXmlReportPlugin),Set(Atom(sbt.plugins.JvmPlugin)))[0m
[0m[[0m[0mdebug[0m] [0m[0mClause(Atom(sbt.plugins.MiniDependencyTreePlugin),Set(Atom(sbt.plugins.JvmPlugin)))[0m
[0m[[0m[0mdebug[0m] [0m[0mClause(Atom(sbtassembly.AssemblyPlugin),Set(Atom(sbt.plugins.JvmPlugin)))[0m
[0m[[0m[0mdebug[0m] [0m[0mClause(Atom(com.typesafe.sbt.SbtPgp),Set(Atom(sbt.plugins.IvyPlugin)))[0m
[0m[[0m[0mdebug[0m] [0m[0mClause(Atom(sbtdirtymoney.DirtyMoneyPlugin),Set(Atom(sbt.plugins.IvyPlugin)))[0m
[0m[[0m[0mdebug[0m] [0m[0mClause(Atom(xerial.sbt.Sonatype),Set(Atom(sbt.plugins.JvmPlugin)))[0m
[0m[[0m[0mdebug[0m] [0m[0mClause(Atom(org.jetbrains.sbt.StructurePlugin),Set(Atom(sbt.plugins.JvmPlugin)))[0m
[0m[[0m[0mdebug[0m] [0m[0mClause(Atom(org.jetbrains.sbt.IdeaShellPlugin),Set(Atom(sbt.plugins.JvmPlugin)))[0m
[0m[[0m[0mdebug[0m] [0m[0mClause(Atom(org.jetbrains.sbt.indices.SbtIntellijIndicesPlugin),Set(Atom(sbt.plugins.JvmPlugin)))[0m
[0m[[0m[0mdebug[0m] [0m[0mClause(Atom(sbt.plugins.CorePlugin),Set(Atom(sbt.plugins.IvyPlugin)))[0m
[0m[[0m[0mdebug[0m] [0m[0mClause(Atom(sbt.plugins.IvyPlugin),Set(Atom(sbt.plugins.JvmPlugin)))[0m
[0m[[0m[0mdebug[0m] [0m[0mClause(Atom(sbt.plugins.JvmPlugin),Set(Atom(sbt.plugins.SemanticdbPlugin)))[0m
[0m[[0m[0mdebug[0m] [0m[0mClause(Atom(sbt.plugins.JvmPlugin),Set(Atom(sbt.plugins.JUnitXmlReportPlugin)))[0m
[0m[[0m[0mdebug[0m] [0m[0mClause(Atom(sbt.plugins.CorePlugin),Set(Atom(sbt.plugins.Giter8TemplatePlugin)))[0m
[0m[[0m[0mdebug[0m] [0m[0mClause(Atom(sbt.plugins.JvmPlugin),Set(Atom(sbt.plugins.MiniDependencyTreePlugin)))[0m
[0m[[0m[0mdebug[0m] [0m[0mClause(Atom(sbt.plugins.JvmPlugin),Set(Atom(sbtassembly.AssemblyPlugin)))[0m
[0m[[0m[0mdebug[0m] [0m[0mClause(Atom(sbt.plugins.IvyPlugin),Set(Atom(com.typesafe.sbt.SbtPgp)))[0m
[0m[[0m[0mdebug[0m] [0m[0mClause(Atom(sbt.plugins.IvyPlugin),Set(Atom(sbtdirtymoney.DirtyMoneyPlugin)))[0m
[0m[[0m[0mdebug[0m] [0m[0mClause(Atom(sbt.plugins.JvmPlugin),Set(Atom(xerial.sbt.Sonatype)))[0m
[0m[[0m[0mdebug[0m] [0m[0mClause(Atom(sbt.plugins.JvmPlugin),Set(Atom(org.jetbrains.sbt.StructurePlugin)))[0m
[0m[[0m[0mdebug[0m] [0m[0mClause(Atom(sbt.plugins.JvmPlugin),Set(Atom(org.jetbrains.sbt.IdeaShellPlugin)))[0m
[0m[[0m[0mdebug[0m] [0m[0mClause(And(Set(Atom(sbt.plugins.CorePlugin), Atom(sbt.plugins.JvmPlugin))),Set(Atom(org.jetbrains.sbt.indices.SbtIntellijIndicesPlugin))))[0m
[0m[[0m[0mdebug[0m] [0m[0m  :: deduced result: Matched(sbt.plugins.CorePlugin,sbt.plugins.Giter8TemplatePlugin,sbt.plugins.IvyPlugin,sbtdirtymoney.DirtyMoneyPlugin,com.typesafe.sbt.SbtPgp,sbt.plugins.JvmPlugin,sbt.plugins.SemanticdbPlugin,org.jetbrains.sbt.indices.SbtIntellijIndicesPlugin,sbt.plugins.JUnitXmlReportPlugin,sbtassembly.AssemblyPlugin,xerial.sbt.Sonatype,org.jetbrains.sbt.IdeaShellPlugin,org.jetbrains.sbt.StructurePlugin,sbt.plugins.MiniDependencyTreePlugin)[0m
[0m[[0m[0mdebug[0m] [0m[0mPlugins.deducer#function took 2.199159 ms[0m
[0m[[0m[0minfo[0m] [0m[0mloading settings for project jcg_testadapter_commons from build.sbt ...[0m
[0m[[0m[0mdebug[0m] [0m[0m      Load.resolveProject(jcg_testadapter_commons) took 2.792028ms[0m
[0m[[0m[0mdebug[0m] [0m[0m[Loading] Loading project jcg_callgraphs_testadapter @ /Users/MartinOwono/Desktop/SOSE25/BA/BA_Projekt/jcg_callgraphs_testadapter[0m
[0m[[0m[0mdebug[0m] [0m[0mdeducing auto plugins based on known facts Set(Atom(sbt.plugins.CorePlugin)) and clauses Clauses(Clause(Atom(sbt.plugins.JvmPlugin),Set(Atom(sbt.plugins.IvyPlugin)))[0m
[0m[[0m[0mdebug[0m] [0m[0mClause(Atom(sbt.ScriptedPlugin),Set(Atom(sbt.plugins.JvmPlugin)))[0m
[0m[[0m[0mdebug[0m] [0m[0mClause(Atom(sbt.plugins.SbtPlugin),Set(Atom(sbt.ScriptedPlugin)))[0m
[0m[[0m[0mdebug[0m] [0m[0mClause(Atom(sbt.plugins.SemanticdbPlugin),Set(Atom(sbt.plugins.JvmPlugin)))[0m
[0m[[0m[0mdebug[0m] [0m[0mClause(Atom(sbt.plugins.JUnitXmlReportPlugin),Set(Atom(sbt.plugins.JvmPlugin)))[0m
[0m[[0m[0mdebug[0m] [0m[0mClause(Atom(sbt.plugins.MiniDependencyTreePlugin),Set(Atom(sbt.plugins.JvmPlugin)))[0m
[0m[[0m[0mdebug[0m] [0m[0mClause(Atom(sbtassembly.AssemblyPlugin),Set(Atom(sbt.plugins.JvmPlugin)))[0m
[0m[[0m[0mdebug[0m] [0m[0mClause(Atom(com.typesafe.sbt.SbtPgp),Set(Atom(sbt.plugins.IvyPlugin)))[0m
[0m[[0m[0mdebug[0m] [0m[0mClause(Atom(sbtdirtymoney.DirtyMoneyPlugin),Set(Atom(sbt.plugins.IvyPlugin)))[0m
[0m[[0m[0mdebug[0m] [0m[0mClause(Atom(xerial.sbt.Sonatype),Set(Atom(sbt.plugins.JvmPlugin)))[0m
[0m[[0m[0mdebug[0m] [0m[0mClause(Atom(org.jetbrains.sbt.StructurePlugin),Set(Atom(sbt.plugins.JvmPlugin)))[0m
[0m[[0m[0mdebug[0m] [0m[0mClause(Atom(org.jetbrains.sbt.IdeaShellPlugin),Set(Atom(sbt.plugins.JvmPlugin)))[0m
[0m[[0m[0mdebug[0m] [0m[0mClause(Atom(org.jetbrains.sbt.indices.SbtIntellijIndicesPlugin),Set(Atom(sbt.plugins.JvmPlugin)))[0m
[0m[[0m[0mdebug[0m] [0m[0mClause(Atom(sbt.plugins.CorePlugin),Set(Atom(sbt.plugins.IvyPlugin)))[0m
[0m[[0m[0mdebug[0m] [0m[0mClause(Atom(sbt.plugins.IvyPlugin),Set(Atom(sbt.plugins.JvmPlugin)))[0m
[0m[[0m[0mdebug[0m] [0m[0mClause(Atom(sbt.plugins.JvmPlugin),Set(Atom(sbt.plugins.SemanticdbPlugin)))[0m
[0m[[0m[0mdebug[0m] [0m[0mClause(Atom(sbt.plugins.JvmPlugin),Set(Atom(sbt.plugins.JUnitXmlReportPlugin)))[0m
[0m[[0m[0mdebug[0m] [0m[0mClause(Atom(sbt.plugins.CorePlugin),Set(Atom(sbt.plugins.Giter8TemplatePlugin)))[0m
[0m[[0m[0mdebug[0m] [0m[0mClause(Atom(sbt.plugins.JvmPlugin),Set(Atom(sbt.plugins.MiniDependencyTreePlugin)))[0m
[0m[[0m[0mdebug[0m] [0m[0mClause(Atom(sbt.plugins.JvmPlugin),Set(Atom(sbtassembly.AssemblyPlugin)))[0m
[0m[[0m[0mdebug[0m] [0m[0mClause(Atom(sbt.plugins.IvyPlugin),Set(Atom(com.typesafe.sbt.SbtPgp)))[0m
[0m[[0m[0mdebug[0m] [0m[0mClause(Atom(sbt.plugins.IvyPlugin),Set(Atom(sbtdirtymoney.DirtyMoneyPlugin)))[0m
[0m[[0m[0mdebug[0m] [0m[0mClause(Atom(sbt.plugins.JvmPlugin),Set(Atom(xerial.sbt.Sonatype)))[0m
[0m[[0m[0mdebug[0m] [0m[0mClause(Atom(sbt.plugins.JvmPlugin),Set(Atom(org.jetbrains.sbt.StructurePlugin)))[0m
[0m[[0m[0mdebug[0m] [0m[0mClause(Atom(sbt.plugins.JvmPlugin),Set(Atom(org.jetbrains.sbt.IdeaShellPlugin)))[0m
[0m[[0m[0mdebug[0m] [0m[0mClause(And(Set(Atom(sbt.plugins.CorePlugin), Atom(sbt.plugins.JvmPlugin))),Set(Atom(org.jetbrains.sbt.indices.SbtIntellijIndicesPlugin))))[0m
[0m[[0m[0mdebug[0m] [0m[0m  :: deduced result: Matched(sbt.plugins.CorePlugin,sbt.plugins.Giter8TemplatePlugin,sbt.plugins.IvyPlugin,sbtdirtymoney.DirtyMoneyPlugin,com.typesafe.sbt.SbtPgp,sbt.plugins.JvmPlugin,sbt.plugins.SemanticdbPlugin,org.jetbrains.sbt.indices.SbtIntellijIndicesPlugin,sbt.plugins.JUnitXmlReportPlugin,sbtassembly.AssemblyPlugin,xerial.sbt.Sonatype,org.jetbrains.sbt.IdeaShellPlugin,org.jetbrains.sbt.StructurePlugin,sbt.plugins.MiniDependencyTreePlugin)[0m
[0m[[0m[0mdebug[0m] [0m[0mPlugins.deducer#function took 2.355128 ms[0m
[0m[[0m[0minfo[0m] [0m[0mloading settings for project jcg_callgraphs_testadapter from build.sbt ...[0m
[0m[[0m[0mdebug[0m] [0m[0m      Load.resolveProject(jcg_callgraphs_testadapter) took 3.255917ms[0m
[0m[[0m[0mdebug[0m] [0m[0m[Loading] Loading project jcg_evaluation @ /Users/MartinOwono/Desktop/SOSE25/BA/BA_Projekt/jcg_evaluation[0m
[0m[[0m[0mdebug[0m] [0m[0mdeducing auto plugins based on known facts Set(Atom(sbt.plugins.CorePlugin)) and clauses Clauses(Clause(Atom(sbt.plugins.JvmPlugin),Set(Atom(sbt.plugins.IvyPlugin)))[0m
[0m[[0m[0mdebug[0m] [0m[0mClause(Atom(sbt.ScriptedPlugin),Set(Atom(sbt.plugins.JvmPlugin)))[0m
[0m[[0m[0mdebug[0m] [0m[0mClause(Atom(sbt.plugins.SbtPlugin),Set(Atom(sbt.ScriptedPlugin)))[0m
[0m[[0m[0mdebug[0m] [0m[0mClause(Atom(sbt.plugins.SemanticdbPlugin),Set(Atom(sbt.plugins.JvmPlugin)))[0m
[0m[[0m[0mdebug[0m] [0m[0mClause(Atom(sbt.plugins.JUnitXmlReportPlugin),Set(Atom(sbt.plugins.JvmPlugin)))[0m
[0m[[0m[0mdebug[0m] [0m[0mClause(Atom(sbt.plugins.MiniDependencyTreePlugin),Set(Atom(sbt.plugins.JvmPlugin)))[0m
[0m[[0m[0mdebug[0m] [0m[0mClause(Atom(sbtassembly.AssemblyPlugin),Set(Atom(sbt.plugins.JvmPlugin)))[0m
[0m[[0m[0mdebug[0m] [0m[0mClause(Atom(com.typesafe.sbt.SbtPgp),Set(Atom(sbt.plugins.IvyPlugin)))[0m
[0m[[0m[0mdebug[0m] [0m[0mClause(Atom(sbtdirtymoney.DirtyMoneyPlugin),Set(Atom(sbt.plugins.IvyPlugin)))[0m
[0m[[0m[0mdebug[0m] [0m[0mClause(Atom(xerial.sbt.Sonatype),Set(Atom(sbt.plugins.JvmPlugin)))[0m
[0m[[0m[0mdebug[0m] [0m[0mClause(Atom(org.jetbrains.sbt.StructurePlugin),Set(Atom(sbt.plugins.JvmPlugin)))[0m
[0m[[0m[0mdebug[0m] [0m[0mClause(Atom(org.jetbrains.sbt.IdeaShellPlugin),Set(Atom(sbt.plugins.JvmPlugin)))[0m
[0m[[0m[0mdebug[0m] [0m[0mClause(Atom(org.jetbrains.sbt.indices.SbtIntellijIndicesPlugin),Set(Atom(sbt.plugins.JvmPlugin)))[0m
[0m[[0m[0mdebug[0m] [0m[0mClause(Atom(sbt.plugins.CorePlugin),Set(Atom(sbt.plugins.IvyPlugin)))[0m
[0m[[0m[0mdebug[0m] [0m[0mClause(Atom(sbt.plugins.IvyPlugin),Set(Atom(sbt.plugins.JvmPlugin)))[0m
[0m[[0m[0mdebug[0m] [0m[0mClause(Atom(sbt.plugins.JvmPlugin),Set(Atom(sbt.plugins.SemanticdbPlugin)))[0m
[0m[[0m[0mdebug[0m] [0m[0mClause(Atom(sbt.plugins.JvmPlugin),Set(Atom(sbt.plugins.JUnitXmlReportPlugin)))[0m
[0m[[0m[0mdebug[0m] [0m[0mClause(Atom(sbt.plugins.CorePlugin),Set(Atom(sbt.plugins.Giter8TemplatePlugin)))[0m
[0m[[0m[0mdebug[0m] [0m[0mClause(Atom(sbt.plugins.JvmPlugin),Set(Atom(sbt.plugins.MiniDependencyTreePlugin)))[0m
[0m[[0m[0mdebug[0m] [0m[0mClause(Atom(sbt.plugins.JvmPlugin),Set(Atom(sbtassembly.AssemblyPlugin)))[0m
[0m[[0m[0mdebug[0m] [0m[0mClause(Atom(sbt.plugins.IvyPlugin),Set(Atom(com.typesafe.sbt.SbtPgp)))[0m
[0m[[0m[0mdebug[0m] [0m[0mClause(Atom(sbt.plugins.IvyPlugin),Set(Atom(sbtdirtymoney.DirtyMoneyPlugin)))[0m
[0m[[0m[0mdebug[0m] [0m[0mClause(Atom(sbt.plugins.JvmPlugin),Set(Atom(xerial.sbt.Sonatype)))[0m
[0m[[0m[0mdebug[0m] [0m[0mClause(Atom(sbt.plugins.JvmPlugin),Set(Atom(org.jetbrains.sbt.StructurePlugin)))[0m
[0m[[0m[0mdebug[0m] [0m[0mClause(Atom(sbt.plugins.JvmPlugin),Set(Atom(org.jetbrains.sbt.IdeaShellPlugin)))[0m
[0m[[0m[0mdebug[0m] [0m[0mClause(And(Set(Atom(sbt.plugins.CorePlugin), Atom(sbt.plugins.JvmPlugin))),Set(Atom(org.jetbrains.sbt.indices.SbtIntellijIndicesPlugin))))[0m
[0m[[0m[0mdebug[0m] [0m[0m  :: deduced result: Matched(sbt.plugins.CorePlugin,sbt.plugins.Giter8TemplatePlugin,sbt.plugins.IvyPlugin,sbtdirtymoney.DirtyMoneyPlugin,com.typesafe.sbt.SbtPgp,sbt.plugins.JvmPlugin,sbt.plugins.SemanticdbPlugin,org.jetbrains.sbt.indices.SbtIntellijIndicesPlugin,sbt.plugins.JUnitXmlReportPlugin,sbtassembly.AssemblyPlugin,xerial.sbt.Sonatype,org.jetbrains.sbt.IdeaShellPlugin,org.jetbrains.sbt.StructurePlugin,sbt.plugins.MiniDependencyTreePlugin)[0m
[0m[[0m[0mdebug[0m] [0m[0mPlugins.deducer#function took 2.211926 ms[0m
[0m[[0m[0minfo[0m] [0m[0mloading settings for project jcg_evaluation from build.sbt ...[0m
[0m[[0m[0mdebug[0m] [0m[0m      Load.resolveProject(jcg_evaluation) took 3.879104ms[0m
[0m[[0m[0mdebug[0m] [0m[0m[Loading] Done in /Users/MartinOwono/Desktop/SOSE25/BA/BA_Projekt, returning: (jcg_annotations, jcg_data_format, jcg_testcases, jcg_annotation_matcher, jcg_wala_testadapter, jcg_soot_testadapter, jcg_opal_testadapter, jcg_doop_testadapter, jcg_js_callgraph_testadapter, jcg_jelly_testadapter, jcg_tajs_testadapter, jcg_code2flow_js_testadapter, jcg_code2flow_py_testadapter, jcg_pycg_testadapter, jcg_pyan_testadapter, jcg_jarvis_testadapter, jcg_dynamic_testadapter, jcg_testadapter_commons, jcg_callgraphs_testadapter, jcg_evaluation)[0m
[0m[[0m[0mdebug[0m] [0m[0mdeducing auto plugins based on known facts Set(Atom(sbt.plugins.CorePlugin)) and clauses Clauses(Clause(Atom(sbt.plugins.JvmPlugin),Set(Atom(sbt.plugins.IvyPlugin)))[0m
[0m[[0m[0mdebug[0m] [0m[0mClause(Atom(sbt.ScriptedPlugin),Set(Atom(sbt.plugins.JvmPlugin)))[0m
[0m[[0m[0mdebug[0m] [0m[0mClause(Atom(sbt.plugins.SbtPlugin),Set(Atom(sbt.ScriptedPlugin)))[0m
[0m[[0m[0mdebug[0m] [0m[0mClause(Atom(sbt.plugins.SemanticdbPlugin),Set(Atom(sbt.plugins.JvmPlugin)))[0m
[0m[[0m[0mdebug[0m] [0m[0mClause(Atom(sbt.plugins.JUnitXmlReportPlugin),Set(Atom(sbt.plugins.JvmPlugin)))[0m
[0m[[0m[0mdebug[0m] [0m[0mClause(Atom(sbt.plugins.MiniDependencyTreePlugin),Set(Atom(sbt.plugins.JvmPlugin)))[0m
[0m[[0m[0mdebug[0m] [0m[0mClause(Atom(sbtassembly.AssemblyPlugin),Set(Atom(sbt.plugins.JvmPlugin)))[0m
[0m[[0m[0mdebug[0m] [0m[0mClause(Atom(com.typesafe.sbt.SbtPgp),Set(Atom(sbt.plugins.IvyPlugin)))[0m
[0m[[0m[0mdebug[0m] [0m[0mClause(Atom(sbtdirtymoney.DirtyMoneyPlugin),Set(Atom(sbt.plugins.IvyPlugin)))[0m
[0m[[0m[0mdebug[0m] [0m[0mClause(Atom(xerial.sbt.Sonatype),Set(Atom(sbt.plugins.JvmPlugin)))[0m
[0m[[0m[0mdebug[0m] [0m[0mClause(Atom(org.jetbrains.sbt.StructurePlugin),Set(Atom(sbt.plugins.JvmPlugin)))[0m
[0m[[0m[0mdebug[0m] [0m[0mClause(Atom(org.jetbrains.sbt.IdeaShellPlugin),Set(Atom(sbt.plugins.JvmPlugin)))[0m
[0m[[0m[0mdebug[0m] [0m[0mClause(Atom(org.jetbrains.sbt.indices.SbtIntellijIndicesPlugin),Set(Atom(sbt.plugins.JvmPlugin)))[0m
[0m[[0m[0mdebug[0m] [0m[0mClause(Atom(sbt.plugins.CorePlugin),Set(Atom(sbt.plugins.IvyPlugin)))[0m
[0m[[0m[0mdebug[0m] [0m[0mClause(Atom(sbt.plugins.IvyPlugin),Set(Atom(sbt.plugins.JvmPlugin)))[0m
[0m[[0m[0mdebug[0m] [0m[0mClause(Atom(sbt.plugins.JvmPlugin),Set(Atom(sbt.plugins.SemanticdbPlugin)))[0m
[0m[[0m[0mdebug[0m] [0m[0mClause(Atom(sbt.plugins.JvmPlugin),Set(Atom(sbt.plugins.JUnitXmlReportPlugin)))[0m
[0m[[0m[0mdebug[0m] [0m[0mClause(Atom(sbt.plugins.CorePlugin),Set(Atom(sbt.plugins.Giter8TemplatePlugin)))[0m
[0m[[0m[0mdebug[0m] [0m[0mClause(Atom(sbt.plugins.JvmPlugin),Set(Atom(sbt.plugins.MiniDependencyTreePlugin)))[0m
[0m[[0m[0mdebug[0m] [0m[0mClause(Atom(sbt.plugins.JvmPlugin),Set(Atom(sbtassembly.AssemblyPlugin)))[0m
[0m[[0m[0mdebug[0m] [0m[0mClause(Atom(sbt.plugins.IvyPlugin),Set(Atom(com.typesafe.sbt.SbtPgp)))[0m
[0m[[0m[0mdebug[0m] [0m[0mClause(Atom(sbt.plugins.IvyPlugin),Set(Atom(sbtdirtymoney.DirtyMoneyPlugin)))[0m
[0m[[0m[0mdebug[0m] [0m[0mClause(Atom(sbt.plugins.JvmPlugin),Set(Atom(xerial.sbt.Sonatype)))[0m
[0m[[0m[0mdebug[0m] [0m[0mClause(Atom(sbt.plugins.JvmPlugin),Set(Atom(org.jetbrains.sbt.StructurePlugin)))[0m
[0m[[0m[0mdebug[0m] [0m[0mClause(Atom(sbt.plugins.JvmPlugin),Set(Atom(org.jetbrains.sbt.IdeaShellPlugin)))[0m
[0m[[0m[0mdebug[0m] [0m[0mClause(And(Set(Atom(sbt.plugins.CorePlugin), Atom(sbt.plugins.JvmPlugin))),Set(Atom(org.jetbrains.sbt.indices.SbtIntellijIndicesPlugin))))[0m
[0m[[0m[0mdebug[0m] [0m[0m  :: deduced result: Matched(sbt.plugins.CorePlugin,sbt.plugins.Giter8TemplatePlugin,sbt.plugins.IvyPlugin,sbtdirtymoney.DirtyMoneyPlugin,com.typesafe.sbt.SbtPgp,sbt.plugins.JvmPlugin,sbt.plugins.SemanticdbPlugin,org.jetbrains.sbt.indices.SbtIntellijIndicesPlugin,sbt.plugins.JUnitXmlReportPlugin,sbtassembly.AssemblyPlugin,xerial.sbt.Sonatype,org.jetbrains.sbt.IdeaShellPlugin,org.jetbrains.sbt.StructurePlugin,sbt.plugins.MiniDependencyTreePlugin)[0m
[0m[[0m[0mdebug[0m] [0m[0mPlugins.deducer#function took 1.965015 ms[0m
[0m[[0m[0minfo[0m] [0m[0mloading settings for project ba_projekt from build.sbt ...[0m
[0m[[0m[0mdebug[0m] [0m[0m        Load.resolveProject(ba_projekt) took 3.146779ms[0m
[0m[[0m[0mdebug[0m] [0m[0m      Load.loadTransitive: finalizeProject(Project(id ba_projekt, base: /Users/MartinOwono/Desktop/SOSE25/BA/BA_Projekt, aggregate: List(ProjectRef(file:/Users/MartinOwono/Desktop/SOSE25/BA/BA_Projekt/,jcg_annotations), ProjectRef(file:/Users/MartinOwono/Desktop/SOSE25/BA/BA_Projekt/,jcg_data_format), ProjectRef(file:/Users/MartinOwono/Desktop/SOSE25/BA/BA_Projekt/,jcg_testcases), ProjectRef(file:/Users/MartinOwono/Desktop/SOSE25/BA/BA_Projekt/,jcg_annotation_matcher), ProjectRef(file:/Users/MartinOwono/Desktop/SOSE25/BA/BA_Projekt/,jcg_wala_testadapter), ProjectRef(file:/Users/MartinOwono/Desktop/SOSE25/BA/BA_Projekt/,jcg_soot_testadapter), ProjectRef(file:/Users/MartinOwono/Desktop/SOSE25/BA/BA_Projekt/,jcg_opal_testadapter), ProjectRef(file:/Users/MartinOwono/Desktop/SOSE25/BA/BA_Projekt/,jcg_doop_testadapter), ProjectRef(file:/Users/MartinOwono/Desktop/SOSE25/BA/BA_Projekt/,jcg_js_callgraph_testadapter), ProjectRef(file:/Users/MartinOwono/Desktop/SOSE25/BA/BA_Projekt/,jcg_jelly_testadapter), ProjectRef(file:/Users/MartinOwono/Desktop/SOSE25/BA/BA_Projekt/,jcg_tajs_testadapter), ProjectRef(file:/Users/MartinOwono/Desktop/SOSE25/BA/BA_Projekt/,jcg_code2flow_js_testadapter), ProjectRef(file:/Users/MartinOwono/Desktop/SOSE25/BA/BA_Projekt/,jcg_code2flow_py_testadapter), ProjectRef(file:/Users/MartinOwono/Desktop/SOSE25/BA/BA_Projekt/,jcg_pycg_testadapter), ProjectRef(file:/Users/MartinOwono/Desktop/SOSE25/BA/BA_Projekt/,jcg_pyan_testadapter), ProjectRef(file:/Users/MartinOwono/Desktop/SOSE25/BA/BA_Projekt/,jcg_jarvis_testadapter), ProjectRef(file:/Users/MartinOwono/Desktop/SOSE25/BA/BA_Projekt/,jcg_dynamic_testadapter), ProjectRef(file:/Users/MartinOwono/Desktop/SOSE25/BA/BA_Projekt/,jcg_testadapter_commons), ProjectRef(file:/Users/MartinOwono/Desktop/SOSE25/BA/BA_Projekt/,jcg_callgraphs_testadapter), ProjectRef(file:/Users/MartinOwono/Desktop/SOSE25/BA/BA_Projekt/,jcg_evaluation)), plugins: List(<none>))) took 5.709822ms[0m
[0m[[0m[0mdebug[0m] [0m[0m[Loading] Done in /Users/MartinOwono/Desktop/SOSE25/BA/BA_Projekt, returning: (ba_projekt, jcg_annotations, jcg_data_format, jcg_testcases, jcg_annotation_matcher, jcg_wala_testadapter, jcg_soot_testadapter, jcg_opal_testadapter, jcg_doop_testadapter, jcg_js_callgraph_testadapter, jcg_jelly_testadapter, jcg_tajs_testadapter, jcg_code2flow_js_testadapter, jcg_code2flow_py_testadapter, jcg_pycg_testadapter, jcg_pyan_testadapter, jcg_jarvis_testadapter, jcg_dynamic_testadapter, jcg_testadapter_commons, jcg_callgraphs_testadapter, jcg_evaluation)[0m
[0m[[0m[0mdebug[0m] [0m[0m    Load.loadUnit: loadedProjectsRaw took 8061.625005ms[0m
[0m[[0m[0mdebug[0m] [0m[0m    Load.loadUnit: cleanEvalClasses took 26.826168ms[0m
[0m[[0m[0mdebug[0m] [0m[0m  Load.loadUnit(file:/Users/MartinOwono/Desktop/SOSE25/BA/BA_Projekt/, ...) took 9324.198046ms[0m
[0m[[0m[0mdebug[0m] [0m[0mLoad.apply: load took 9331.923714ms[0m
[0m[[0m[0mdebug[0m] [0m[0mLoad.apply: resolveProjects took 1.867389ms[0m
[0m[[0m[0mdebug[0m] [0m[0mLoad.apply: finalTransforms took 223.933933ms[0m
[0m[[0m[0mdebug[0m] [0m[0mLoad.apply: config.delegates took 3.313361ms[0m
[0m[[0m[0minfo[0m] [0m[0mresolving key references (18458 settings) ...[0m
[0m[[0m[0mdebug[0m] [0m[0mLoad.apply: Def.make(settings)... took 1125.913438ms[0m
[0m[[0m[0mdebug[0m] [0m[0mLoad.apply: structureIndex took 861.148701ms[0m
[0m[[0m[0mdebug[0m] [0m[0mLoad.apply: mkStreams took 0.003446ms[0m
[0m[[0m[33mwarn[0m] [0m[0mDiscarding 1 session setting.  Use 'session save' to persist session settings.[0m
[0m[[0m[0minfo[0m] [0m[0mset current project to ba_projekt (in build file:/Users/MartinOwono/Desktop/SOSE25/BA/BA_Projekt/)[0m
[0m[[0m[0mdebug[0m] [0m[0m> Exec(sbtPopOnFailure, None, None)[0m
[0m[[0m[0mdebug[0m] [0m[0m> Exec(resumeFromFailure, None, None)[0m
[0m[[0m[0mdebug[0m] [0m[0m> Exec(set _root_.org.jetbrains.sbt.StructureKeys.sbtStructureOptions in Global := "download resolveClassifiers resolveSbtClassifiers", None, None)[0m
[0m[[0m[0minfo[0m] [0m[0mDefining Global / sbtStructureOptions[0m
[0m[[0m[0minfo[0m] [0m[0mThe new value will be used by Global / ssOptions[0m
[0m[[0m[0mdebug[0m] [0m[0mDefining [0m
[0m[[0m[0mdebug[0m] [0m[0m	Global / sbtStructureOptions[0m
[0m[[0m[0mdebug[0m] [0m[0m[0m
[0m[[0m[0mdebug[0m] [0m[0mThe new value will be used by [0m
[0m[[0m[0mdebug[0m] [0m[0m	Global / ssOptions[0m
[0m[[0m[0minfo[0m] [0m[0mReapplying settings...[0m
[0m[[0m[0minfo[0m] [0m[0mset current project to ba_projekt (in build file:/Users/MartinOwono/Desktop/SOSE25/BA/BA_Projekt/)[0m
[0m[[0m[0mdebug[0m] [0m[0m> Exec(*/*:dumpStructureTo /private/var/folders/7t/d933nkdj58326ztk2ml1hclr0000gn/T/sbt-structure.xml, None, None)[0m
[0m[[0m[0mdebug[0m] [0m[0mEvaluating tasks: Global / dumpStructureTo[0m
[0m[[0m[33mwarn[0m] [0m[0msbt 0.13 shell syntax is deprecated; use slash syntax instead: Global / dumpStructureTo[0m
[0m[[0m[0mdebug[0m] [0m[0mRunning task... Cancel: Signal, check cycles: false, forcegc: true[0m
[0m[[0m[0minfo[0m] [0m[0mWriting structure to /private/var/folders/7t/d933nkdj58326ztk2ml1hclr0000gn/T/sbt-structure.xml...[0m
[0m[[0m[0minfo[0m] [0m[0mDone.[0m
[0m[[0m[32msuccess[0m] [0m[0mTotal time: 14 s, completed 18.06.2025, 16:02:34[0m
[0m[[0m[0mdebug[0m] [0m[0m> Exec(session clear-all, None, None)[0m
[0m[[0m[0minfo[0m] [0m[0mReapplying settings...[0m
[0m[[0m[0minfo[0m] [0m[0mset current project to ba_projekt (in build file:/Users/MartinOwono/Desktop/SOSE25/BA/BA_Projekt/)[0m
[0m[[0m[0mdebug[0m] [0m[0m> Exec(set ideaPort in Global := 60804, None, None)[0m
[0m[[0m[0minfo[0m] [0m[0mDefining Global / ideaPort[0m
[0m[[0m[0minfo[0m] [0m[0mThe new value will be used by Compile / compile, Test / compile and 39 others.[0m
[0m[[0m[0minfo[0m] [0m[0m	Run `last` for details.[0m
[0m[[0m[0mdebug[0m] [0m[0mDefining [0m
[0m[[0m[0mdebug[0m] [0m[0m	Global / ideaPort[0m
[0m[[0m[0mdebug[0m] [0m[0m[0m
[0m[[0m[0mdebug[0m] [0m[0mThe new value will be used by [0m
[0m[[0m[0mdebug[0m] [0m[0m	Compile / compile[0m
[0m[[0m[0mdebug[0m] [0m[0m	Test / compile[0m
[0m[[0m[0mdebug[0m] [0m[0m	jcg_annotation_matcher / Compile / compile[0m
[0m[[0m[0mdebug[0m] [0m[0m	jcg_annotation_matcher / Test / compile[0m
[0m[[0m[0mdebug[0m] [0m[0m	jcg_annotations / Compile / compile[0m
[0m[[0m[0mdebug[0m] [0m[0m	jcg_annotations / Test / compile[0m
[0m[[0m[0mdebug[0m] [0m[0m	jcg_callgraphs_testadapter / Compile / compile[0m
[0m[[0m[0mdebug[0m] [0m[0m	jcg_callgraphs_testadapter / Test / compile[0m
[0m[[0m[0mdebug[0m] [0m[0m	jcg_code2flow_js_testadapter / Compile / compile[0m
[0m[[0m[0mdebug[0m] [0m[0m	jcg_code2flow_js_testadapter / Test / compile[0m
[0m[[0m[0mdebug[0m] [0m[0m	jcg_code2flow_py_testadapter / Compile / compile[0m
[0m[[0m[0mdebug[0m] [0m[0m	jcg_code2flow_py_testadapter / Test / compile[0m
[0m[[0m[0mdebug[0m] [0m[0m	jcg_data_format / Compile / compile[0m
[0m[[0m[0mdebug[0m] [0m[0m	jcg_data_format / Test / compile[0m
[0m[[0m[0mdebug[0m] [0m[0m	jcg_doop_testadapter / Compile / compile[0m
[0m[[0m[0mdebug[0m] [0m[0m	jcg_doop_testadapter / Test / compile[0m
[0m[[0m[0mdebug[0m] [0m[0m	jcg_dynamic_testadapter / Compile / compile[0m
[0m[[0m[0mdebug[0m] [0m[0m	jcg_dynamic_testadapter / Test / compile[0m
[0m[[0m[0mdebug[0m] [0m[0m	jcg_evaluation / Compile / compile[0m
[0m[[0m[0mdebug[0m] [0m[0m	jcg_evaluation / Test / compile[0m
[0m[[0m[0mdebug[0m] [0m[0m	jcg_jarvis_testadapter / Compile / compile[0m
[0m[[0m[0mdebug[0m] [0m[0m	jcg_jarvis_testadapter / Test / compile[0m
[0m[[0m[0mdebug[0m] [0m[0m	jcg_jelly_testadapter / Compile / compile[0m
[0m[[0m[0mdebug[0m] [0m[0m	jcg_jelly_testadapter / Test / compile[0m
[0m[[0m[0mdebug[0m] [0m[0m	jcg_js_callgraph_testadapter / Compile / compile[0m
[0m[[0m[0mdebug[0m] [0m[0m	jcg_js_callgraph_testadapter / Test / compile[0m
[0m[[0m[0mdebug[0m] [0m[0m	jcg_opal_testadapter / Compile / compile[0m
[0m[[0m[0mdebug[0m] [0m[0m	jcg_opal_testadapter / Test / compile[0m
[0m[[0m[0mdebug[0m] [0m[0m	jcg_pyan_testadapter / Compile / compile[0m
[0m[[0m[0mdebug[0m] [0m[0m	jcg_pyan_testadapter / Test / compile[0m
[0m[[0m[0mdebug[0m] [0m[0m	jcg_pycg_testadapter / Compile / compile[0m
[0m[[0m[0mdebug[0m] [0m[0m	jcg_pycg_testadapter / Test / compile[0m
[0m[[0m[0mdebug[0m] [0m[0m	jcg_soot_testadapter / Compile / compile[0m
[0m[[0m[0mdebug[0m] [0m[0m	jcg_soot_testadapter / Test / compile[0m
[0m[[0m[0mdebug[0m] [0m[0m	jcg_tajs_testadapter / Compile / compile[0m
[0m[[0m[0mdebug[0m] [0m[0m	jcg_tajs_testadapter / Test / compile[0m
[0m[[0m[0mdebug[0m] [0m[0m	jcg_testadapter_commons / Compile / compile[0m
[0m[[0m[0mdebug[0m] [0m[0m	jcg_testadapter_commons / Test / compile[0m
[0m[[0m[0mdebug[0m] [0m[0m	jcg_testcases / Compile / compile[0m
[0m[[0m[0mdebug[0m] [0m[0m	jcg_testcases / Test / compile[0m
[0m[[0m[0mdebug[0m] [0m[0m	jcg_wala_testadapter / Compile / compile[0m
[0m[[0m[0mdebug[0m] [0m[0m	jcg_wala_testadapter / Test / compile[0m
[0m[[0m[0minfo[0m] [0m[0mReapplying settings...[0m
[0m[[0m[0minfo[0m] [0m[0mset current project to ba_projekt (in build file:/Users/MartinOwono/Desktop/SOSE25/BA/BA_Projekt/)[0m
[0m[[0m[0mdebug[0m] [0m[0m> Exec(idea-shell, None, None)[0m
