[0m[[0m[0mdebug[0m] [0m[0m> Exec(early(addDefaultCommands), None, None)[0m
[0m[[0m[0mdebug[0m] [0m[0m> Exec(addDefaultCommands, None, None)[0m
[0m[[0m[0mdebug[0m] [0m[0m> Exec(early(initialize), None, None)[0m
[0m[[0m[0mdebug[0m] [0m[0m> Exec(initialize, None, None)[0m
[0m[[0m[0mdebug[0m] [0m[0m> Exec(--addPluginSbtFile=/private/var/folders/7t/d933nkdj58326ztk2ml1hclr0000gn/T/idea1466.sbt, None, None)[0m
[0m[[0m[0mdebug[0m] [0m[0m> Exec(addPluginSbtFile=/private/var/folders/7t/d933nkdj58326ztk2ml1hclr0000gn/T/idea1466.sbt, None, None)[0m
[0m[[0m[0mdebug[0m] [0m[0m> Exec(boot, None, None)[0m
[0m[[0m[0mdebug[0m] [0m[0m> Exec(writeSbtVersion, None, None)[0m
[0m[[0m[0mdebug[0m] [0m[0m> Exec(reload, None, None)[0m
[0m[[0m[0mdebug[0m] [0m[0m> Exec(sbtStashOnFailure, None, None)[0m
[0m[[0m[0mdebug[0m] [0m[0m> Exec(onFailure loadFailed, None, None)[0m
[0m[[0m[0mdebug[0m] [0m[0m> Exec(loadp, None, None)[0m
[0m[[0m[0minfo[0m] [0m[0mwelcome to sbt 1.7.1 (JetBrains s.r.o Java 11.0.4)[0m
[0m[[0m[0mdebug[0m] [0m[0m      Load.loadUnit: plugins took 310.761031ms[0m
[0m[[0m[0mdebug[0m] [0m[0m      Load.loadUnit: defsScala took 0.852831ms[0m
[0m[[0m[0mdebug[0m] [0m[0m[Loading] Scanning directory /Users/MartinOwono/.sbt/1.0/plugins[0m
[0m[[0m[0mdebug[0m] [0m[0m[Loading] Found non-root projects [0m
[0m[[0m[0mdebug[0m] [0m[0m[Loading] Done in /Users/MartinOwono/.sbt/1.0/plugins, returning: ()[0m
[0m[[0m[0mdebug[0m] [0m[0mdeducing auto plugins based on known facts Set(Atom(sbt.plugins.CorePlugin)) and clauses Clauses(Clause(Atom(sbt.plugins.JvmPlugin),Set(Atom(sbt.plugins.IvyPlugin)))[0m
[0m[[0m[0mdebug[0m] [0m[0mClause(Atom(sbt.ScriptedPlugin),Set(Atom(sbt.plugins.JvmPlugin)))[0m
[0m[[0m[0mdebug[0m] [0m[0mClause(Atom(sbt.plugins.SbtPlugin),Set(Atom(sbt.ScriptedPlugin)))[0m
[0m[[0m[0mdebug[0m] [0m[0mClause(Atom(sbt.plugins.SemanticdbPlugin),Set(Atom(sbt.plugins.JvmPlugin)))[0m
[0m[[0m[0mdebug[0m] [0m[0mClause(Atom(sbt.plugins.JUnitXmlReportPlugin),Set(Atom(sbt.plugins.JvmPlugin)))[0m
[0m[[0m[0mdebug[0m] [0m[0mClause(Atom(sbt.plugins.MiniDependencyTreePlugin),Set(Atom(sbt.plugins.JvmPlugin)))[0m
[0m[[0m[0mdebug[0m] [0m[0mClause(Atom(sbt.plugins.CorePlugin),Set(Atom(sbt.plugins.IvyPlugin)))[0m
[0m[[0m[0mdebug[0m] [0m[0mClause(Atom(sbt.plugins.IvyPlugin),Set(Atom(sbt.plugins.JvmPlugin)))[0m
[0m[[0m[0mdebug[0m] [0m[0mClause(Atom(sbt.plugins.JvmPlugin),Set(Atom(sbt.plugins.SemanticdbPlugin)))[0m
[0m[[0m[0mdebug[0m] [0m[0mClause(Atom(sbt.plugins.JvmPlugin),Set(Atom(sbt.plugins.JUnitXmlReportPlugin)))[0m
[0m[[0m[0mdebug[0m] [0m[0mClause(Atom(sbt.plugins.CorePlugin),Set(Atom(sbt.plugins.Giter8TemplatePlugin)))[0m
[0m[[0m[0mdebug[0m] [0m[0mClause(Atom(sbt.plugins.JvmPlugin),Set(Atom(sbt.plugins.MiniDependencyTreePlugin))))[0m
[0m[[0m[0mdebug[0m] [0m[0m  :: deduced result: Matched(sbt.plugins.CorePlugin,sbt.plugins.Giter8TemplatePlugin,sbt.plugins.IvyPlugin,sbt.plugins.JvmPlugin,sbt.plugins.MiniDependencyTreePlugin,sbt.plugins.JUnitXmlReportPlugin,sbt.plugins.SemanticdbPlugin)[0m
[0m[[0m[0mdebug[0m] [0m[0mPlugins.deducer#function took 47.387475 ms[0m
[0m[[0m[0mdebug[0m] [0m[0m          Load.resolveProject(global-plugins) took 117.430959ms[0m
[0m[[0m[0mdebug[0m] [0m[0m        Load.loadTransitive: finalizeProject(Project(id global-plugins, base: /Users/MartinOwono/.sbt/1.0/plugins, plugins: List(<none>))) took 262.229522ms[0m
[0m[[0m[0mdebug[0m] [0m[0m[Loading] Done in /Users/MartinOwono/.sbt/1.0/plugins, returning: (global-plugins)[0m
[0m[[0m[0mdebug[0m] [0m[0m      Load.loadUnit: loadedProjectsRaw took 348.731883ms[0m
[0m[[0m[0mdebug[0m] [0m[0m      Load.loadUnit: cleanEvalClasses took 0.993614ms[0m
[0m[[0m[0mdebug[0m] [0m[0m    Load.loadUnit(file:/Users/MartinOwono/.sbt/1.0/plugins/, ...) took 687.989674ms[0m
[0m[[0m[0mdebug[0m] [0m[0m  Load.apply: load took 1845.213914ms[0m
[0m[[0m[0mdebug[0m] [0m[0m  Load.apply: resolveProjects took 22.089706ms[0m
[0m[[0m[0mdebug[0m] [0m[0m  Load.apply: finalTransforms took 152.83236ms[0m
[0m[[0m[0mdebug[0m] [0m[0m  Load.apply: config.delegates took 17.047284ms[0m
[0m[[0m[0mdebug[0m] [0m[0m  Load.apply: Def.make(settings)... took 1083.104735ms[0m
[0m[[0m[0mdebug[0m] [0m[0m  Load.apply: structureIndex took 278.609229ms[0m
[0m[[0m[0mdebug[0m] [0m[0m  Load.apply: mkStreams took 3.166259ms[0m
[0m[[0m[0minfo[0m] [0m[0mloading global plugins from /Users/MartinOwono/.sbt/1.0/plugins[0m
[0m[[0m[0mdebug[0m] [0m[0mRunning task... Cancel: Signal, check cycles: false, forcegc: true[0m
[0m[[0m[0mdebug[0m] [0m[0mLoad.defaultLoad until apply took 6759.639321ms[0m
[0m[[0m[0mdebug[0m] [0m[0m          Load.loadUnit: plugins took 78.14781ms[0m
[0m[[0m[0mdebug[0m] [0m[0m          Load.loadUnit: defsScala took 0.016258ms[0m
[0m[[0m[0mdebug[0m] [0m[0m[Loading] Scanning directory /Users/MartinOwono/Desktop/SOSE25/BA/BA_Projekt/project[0m
[0m[[0m[0mdebug[0m] [0m[0m            Load.loadUnit: mkEval took 22.670638ms[0m
[0m[[0m[0mdebug[0m] [0m[0m[Loading] Found non-root projects [0m
[0m[[0m[0mdebug[0m] [0m[0m[Loading] Done in /Users/MartinOwono/Desktop/SOSE25/BA/BA_Projekt/project, returning: ()[0m
[0m[[0m[0mdebug[0m] [0m[0mdeducing auto plugins based on known facts Set(Atom(sbt.plugins.CorePlugin)) and clauses Clauses(Clause(Atom(sbt.plugins.JvmPlugin),Set(Atom(sbt.plugins.IvyPlugin)))[0m
[0m[[0m[0mdebug[0m] [0m[0mClause(Atom(sbt.ScriptedPlugin),Set(Atom(sbt.plugins.JvmPlugin)))[0m
[0m[[0m[0mdebug[0m] [0m[0mClause(Atom(sbt.plugins.SbtPlugin),Set(Atom(sbt.ScriptedPlugin)))[0m
[0m[[0m[0mdebug[0m] [0m[0mClause(Atom(sbt.plugins.SemanticdbPlugin),Set(Atom(sbt.plugins.JvmPlugin)))[0m
[0m[[0m[0mdebug[0m] [0m[0mClause(Atom(sbt.plugins.JUnitXmlReportPlugin),Set(Atom(sbt.plugins.JvmPlugin)))[0m
[0m[[0m[0mdebug[0m] [0m[0mClause(Atom(sbt.plugins.MiniDependencyTreePlugin),Set(Atom(sbt.plugins.JvmPlugin)))[0m
[0m[[0m[0mdebug[0m] [0m[0mClause(Atom(sbt.plugins.CorePlugin),Set(Atom(sbt.plugins.IvyPlugin)))[0m
[0m[[0m[0mdebug[0m] [0m[0mClause(Atom(sbt.plugins.IvyPlugin),Set(Atom(sbt.plugins.JvmPlugin)))[0m
[0m[[0m[0mdebug[0m] [0m[0mClause(Atom(sbt.plugins.JvmPlugin),Set(Atom(sbt.plugins.SemanticdbPlugin)))[0m
[0m[[0m[0mdebug[0m] [0m[0mClause(Atom(sbt.plugins.JvmPlugin),Set(Atom(sbt.plugins.JUnitXmlReportPlugin)))[0m
[0m[[0m[0mdebug[0m] [0m[0mClause(Atom(sbt.plugins.CorePlugin),Set(Atom(sbt.plugins.Giter8TemplatePlugin)))[0m
[0m[[0m[0mdebug[0m] [0m[0mClause(Atom(sbt.plugins.JvmPlugin),Set(Atom(sbt.plugins.MiniDependencyTreePlugin))))[0m
[0m[[0m[0mdebug[0m] [0m[0m  :: deduced result: Matched(sbt.plugins.CorePlugin,sbt.plugins.Giter8TemplatePlugin,sbt.plugins.IvyPlugin,sbt.plugins.JvmPlugin,sbt.plugins.MiniDependencyTreePlugin,sbt.plugins.JUnitXmlReportPlugin,sbt.plugins.SemanticdbPlugin)[0m
[0m[[0m[0mdebug[0m] [0m[0mPlugins.deducer#function took 5.55307 ms[0m
[0m[[0m[0minfo[0m] [0m[0mloading settings for project ba_projekt-build from plugins.sbt,idea1466.sbt ...[0m
[0m[[0m[0mdebug[0m] [0m[0m              Load.resolveProject(ba_projekt-build) took 7.741357ms[0m
[0m[[0m[0mdebug[0m] [0m[0m            Load.loadTransitive: finalizeProject(Project(id ba_projekt-build, base: /Users/MartinOwono/Desktop/SOSE25/BA/BA_Projekt/project, plugins: List(<none>))) took 14.552625ms[0m
[0m[[0m[0mdebug[0m] [0m[0m[Loading] Done in /Users/MartinOwono/Desktop/SOSE25/BA/BA_Projekt/project, returning: (ba_projekt-build)[0m
[0m[[0m[0mdebug[0m] [0m[0m          Load.loadUnit: loadedProjectsRaw took 415.499339ms[0m
[0m[[0m[0mdebug[0m] [0m[0m          Load.loadUnit: cleanEvalClasses took 12.825608ms[0m
[0m[[0m[0mdebug[0m] [0m[0m        Load.loadUnit(file:/Users/MartinOwono/Desktop/SOSE25/BA/BA_Projekt/project/, ...) took 508.424781ms[0m
[0m[[0m[0mdebug[0m] [0m[0m      Load.apply: load took 511.824166ms[0m
[0m[[0m[0mdebug[0m] [0m[0m      Load.apply: resolveProjects took 0.342456ms[0m
[0m[[0m[0mdebug[0m] [0m[0m      Load.apply: finalTransforms took 28.056832ms[0m
[0m[[0m[0mdebug[0m] [0m[0m      Load.apply: config.delegates took 1.32194ms[0m
[0m[[0m[0mdebug[0m] [0m[0m      Load.apply: Def.make(settings)... took 312.731169ms[0m
[0m[[0m[0mdebug[0m] [0m[0m      Load.apply: structureIndex took 112.30559ms[0m
[0m[[0m[0mdebug[0m] [0m[0m      Load.apply: mkStreams took 0.005128ms[0m
[0m[[0m[0minfo[0m] [0m[0mloading project definition from /Users/MartinOwono/Desktop/SOSE25/BA/BA_Projekt/project[0m
[0m[[0m[0mdebug[0m] [0m[0mRunning task... Cancel: Signal, check cycles: false, forcegc: true[0m
[0m[[0m[0mdebug[0m] [0m[0m    Load.loadUnit: plugins took 4240.44065ms[0m
[0m[[0m[0mdebug[0m] [0m[0m    Load.loadUnit: defsScala took 0.015696ms[0m
[0m[[0m[0mdebug[0m] [0m[0m[Loading] Scanning directory /Users/MartinOwono/Desktop/SOSE25/BA/BA_Projekt[0m
[0m[[0m[0mdebug[0m] [0m[0m      Load.loadUnit: mkEval took 0.554067ms[0m
[0m[[0m[0mdebug[0m] [0m[0m[Loading] Found non-root projects jcg_annotations,jcg_data_format,jcg_testcases,jcg_annotation_matcher,jcg_wala_testadapter,jcg_soot_testadapter,jcg_opal_testadapter,jcg_doop_testadapter,jcg_js_callgraph_testadapter,jcg_jelly_testadapter,jcg_tajs_testadapter,jcg_code2flow_js_testadapter,jcg_code2flow_py_testadapter,jcg_pycg_testadapter,jcg_pyan_testadapter,jcg_jarvis_testadapter,jcg_dynamic_testadapter,jcg_testadapter_commons,jcg_callgraphs_testadapter,jcg_evaluation[0m
[0m[[0m[0mdebug[0m] [0m[0m[Loading] Loading project jcg_annotations @ /Users/MartinOwono/Desktop/SOSE25/BA/BA_Projekt/jcg_annotations[0m
[0m[[0m[0mdebug[0m] [0m[0mdeducing auto plugins based on known facts Set(Atom(sbt.plugins.CorePlugin)) and clauses Clauses(Clause(Atom(sbt.plugins.JvmPlugin),Set(Atom(sbt.plugins.IvyPlugin)))[0m
[0m[[0m[0mdebug[0m] [0m[0mClause(Atom(sbt.ScriptedPlugin),Set(Atom(sbt.plugins.JvmPlugin)))[0m
[0m[[0m[0mdebug[0m] [0m[0mClause(Atom(sbt.plugins.SbtPlugin),Set(Atom(sbt.ScriptedPlugin)))[0m
[0m[[0m[0mdebug[0m] [0m[0mClause(Atom(sbt.plugins.SemanticdbPlugin),Set(Atom(sbt.plugins.JvmPlugin)))[0m
[0m[[0m[0mdebug[0m] [0m[0mClause(Atom(sbt.plugins.JUnitXmlReportPlugin),Set(Atom(sbt.plugins.JvmPlugin)))[0m
[0m[[0m[0mdebug[0m] [0m[0mClause(Atom(sbt.plugins.MiniDependencyTreePlugin),Set(Atom(sbt.plugins.JvmPlugin)))[0m
[0m[[0m[0mdebug[0m] [0m[0mClause(Atom(sbtassembly.AssemblyPlugin),Set(Atom(sbt.plugins.JvmPlugin)))[0m
[0m[[0m[0mdebug[0m] [0m[0mClause(Atom(com.typesafe.sbt.SbtPgp),Set(Atom(sbt.plugins.IvyPlugin)))[0m
[0m[[0m[0mdebug[0m] [0m[0mClause(Atom(sbtdirtymoney.DirtyMoneyPlugin),Set(Atom(sbt.plugins.IvyPlugin)))[0m
[0m[[0m[0mdebug[0m] [0m[0mClause(Atom(xerial.sbt.Sonatype),Set(Atom(sbt.plugins.JvmPlugin)))[0m
[0m[[0m[0mdebug[0m] [0m[0mClause(Atom(org.jetbrains.sbt.StructurePlugin),Set(Atom(sbt.plugins.JvmPlugin)))[0m
[0m[[0m[0mdebug[0m] [0m[0mClause(Atom(org.jetbrains.sbt.IdeaShellPlugin),Set(Atom(sbt.plugins.JvmPlugin)))[0m
[0m[[0m[0mdebug[0m] [0m[0mClause(Atom(org.jetbrains.sbt.indices.SbtIntellijIndicesPlugin),Set(Atom(sbt.plugins.JvmPlugin)))[0m
[0m[[0m[0mdebug[0m] [0m[0mClause(Atom(sbt.plugins.CorePlugin),Set(Atom(sbt.plugins.IvyPlugin)))[0m
[0m[[0m[0mdebug[0m] [0m[0mClause(Atom(sbt.plugins.IvyPlugin),Set(Atom(sbt.plugins.JvmPlugin)))[0m
[0m[[0m[0mdebug[0m] [0m[0mClause(Atom(sbt.plugins.JvmPlugin),Set(Atom(sbt.plugins.SemanticdbPlugin)))[0m
[0m[[0m[0mdebug[0m] [0m[0mClause(Atom(sbt.plugins.JvmPlugin),Set(Atom(sbt.plugins.JUnitXmlReportPlugin)))[0m
[0m[[0m[0mdebug[0m] [0m[0mClause(Atom(sbt.plugins.CorePlugin),Set(Atom(sbt.plugins.Giter8TemplatePlugin)))[0m
[0m[[0m[0mdebug[0m] [0m[0mClause(Atom(sbt.plugins.JvmPlugin),Set(Atom(sbt.plugins.MiniDependencyTreePlugin)))[0m
[0m[[0m[0mdebug[0m] [0m[0mClause(Atom(sbt.plugins.JvmPlugin),Set(Atom(sbtassembly.AssemblyPlugin)))[0m
[0m[[0m[0mdebug[0m] [0m[0mClause(Atom(sbt.plugins.IvyPlugin),Set(Atom(com.typesafe.sbt.SbtPgp)))[0m
[0m[[0m[0mdebug[0m] [0m[0mClause(Atom(sbt.plugins.IvyPlugin),Set(Atom(sbtdirtymoney.DirtyMoneyPlugin)))[0m
[0m[[0m[0mdebug[0m] [0m[0mClause(Atom(sbt.plugins.JvmPlugin),Set(Atom(xerial.sbt.Sonatype)))[0m
[0m[[0m[0mdebug[0m] [0m[0mClause(Atom(sbt.plugins.JvmPlugin),Set(Atom(org.jetbrains.sbt.StructurePlugin)))[0m
[0m[[0m[0mdebug[0m] [0m[0mClause(Atom(sbt.plugins.JvmPlugin),Set(Atom(org.jetbrains.sbt.IdeaShellPlugin)))[0m
[0m[[0m[0mdebug[0m] [0m[0mClause(And(Set(Atom(sbt.plugins.CorePlugin), Atom(sbt.plugins.JvmPlugin))),Set(Atom(org.jetbrains.sbt.indices.SbtIntellijIndicesPlugin))))[0m
[0m[[0m[0mdebug[0m] [0m[0m  :: deduced result: Matched(sbt.plugins.CorePlugin,sbt.plugins.Giter8TemplatePlugin,sbt.plugins.IvyPlugin,sbtdirtymoney.DirtyMoneyPlugin,com.typesafe.sbt.SbtPgp,sbt.plugins.JvmPlugin,sbt.plugins.SemanticdbPlugin,org.jetbrains.sbt.indices.SbtIntellijIndicesPlugin,sbt.plugins.JUnitXmlReportPlugin,sbtassembly.AssemblyPlugin,xerial.sbt.Sonatype,org.jetbrains.sbt.IdeaShellPlugin,org.jetbrains.sbt.StructurePlugin,sbt.plugins.MiniDependencyTreePlugin)[0m
[0m[[0m[0mdebug[0m] [0m[0mPlugins.deducer#function took 10.43039 ms[0m
[0m[[0m[0minfo[0m] [0m[0mloading settings for project jcg_annotations from build.sbt ...[0m
[0m[[0m[0mdebug[0m] [0m[0m      Load.resolveProject(jcg_annotations) took 89.961217ms[0m
[0m[[0m[0mdebug[0m] [0m[0m[Loading] Loading project jcg_data_format @ /Users/MartinOwono/Desktop/SOSE25/BA/BA_Projekt/jcg_data_format[0m
[0m[[0m[0mdebug[0m] [0m[0mdeducing auto plugins based on known facts Set(Atom(sbt.plugins.CorePlugin)) and clauses Clauses(Clause(Atom(sbt.plugins.JvmPlugin),Set(Atom(sbt.plugins.IvyPlugin)))[0m
[0m[[0m[0mdebug[0m] [0m[0mClause(Atom(sbt.ScriptedPlugin),Set(Atom(sbt.plugins.JvmPlugin)))[0m
[0m[[0m[0mdebug[0m] [0m[0mClause(Atom(sbt.plugins.SbtPlugin),Set(Atom(sbt.ScriptedPlugin)))[0m
[0m[[0m[0mdebug[0m] [0m[0mClause(Atom(sbt.plugins.SemanticdbPlugin),Set(Atom(sbt.plugins.JvmPlugin)))[0m
[0m[[0m[0mdebug[0m] [0m[0mClause(Atom(sbt.plugins.JUnitXmlReportPlugin),Set(Atom(sbt.plugins.JvmPlugin)))[0m
[0m[[0m[0mdebug[0m] [0m[0mClause(Atom(sbt.plugins.MiniDependencyTreePlugin),Set(Atom(sbt.plugins.JvmPlugin)))[0m
[0m[[0m[0mdebug[0m] [0m[0mClause(Atom(sbtassembly.AssemblyPlugin),Set(Atom(sbt.plugins.JvmPlugin)))[0m
[0m[[0m[0mdebug[0m] [0m[0mClause(Atom(com.typesafe.sbt.SbtPgp),Set(Atom(sbt.plugins.IvyPlugin)))[0m
[0m[[0m[0mdebug[0m] [0m[0mClause(Atom(sbtdirtymoney.DirtyMoneyPlugin),Set(Atom(sbt.plugins.IvyPlugin)))[0m
[0m[[0m[0mdebug[0m] [0m[0mClause(Atom(xerial.sbt.Sonatype),Set(Atom(sbt.plugins.JvmPlugin)))[0m
[0m[[0m[0mdebug[0m] [0m[0mClause(Atom(org.jetbrains.sbt.StructurePlugin),Set(Atom(sbt.plugins.JvmPlugin)))[0m
[0m[[0m[0mdebug[0m] [0m[0mClause(Atom(org.jetbrains.sbt.IdeaShellPlugin),Set(Atom(sbt.plugins.JvmPlugin)))[0m
[0m[[0m[0mdebug[0m] [0m[0mClause(Atom(org.jetbrains.sbt.indices.SbtIntellijIndicesPlugin),Set(Atom(sbt.plugins.JvmPlugin)))[0m
[0m[[0m[0mdebug[0m] [0m[0mClause(Atom(sbt.plugins.CorePlugin),Set(Atom(sbt.plugins.IvyPlugin)))[0m
[0m[[0m[0mdebug[0m] [0m[0mClause(Atom(sbt.plugins.IvyPlugin),Set(Atom(sbt.plugins.JvmPlugin)))[0m
[0m[[0m[0mdebug[0m] [0m[0mClause(Atom(sbt.plugins.JvmPlugin),Set(Atom(sbt.plugins.SemanticdbPlugin)))[0m
[0m[[0m[0mdebug[0m] [0m[0mClause(Atom(sbt.plugins.JvmPlugin),Set(Atom(sbt.plugins.JUnitXmlReportPlugin)))[0m
[0m[[0m[0mdebug[0m] [0m[0mClause(Atom(sbt.plugins.CorePlugin),Set(Atom(sbt.plugins.Giter8TemplatePlugin)))[0m
[0m[[0m[0mdebug[0m] [0m[0mClause(Atom(sbt.plugins.JvmPlugin),Set(Atom(sbt.plugins.MiniDependencyTreePlugin)))[0m
[0m[[0m[0mdebug[0m] [0m[0mClause(Atom(sbt.plugins.JvmPlugin),Set(Atom(sbtassembly.AssemblyPlugin)))[0m
[0m[[0m[0mdebug[0m] [0m[0mClause(Atom(sbt.plugins.IvyPlugin),Set(Atom(com.typesafe.sbt.SbtPgp)))[0m
[0m[[0m[0mdebug[0m] [0m[0mClause(Atom(sbt.plugins.IvyPlugin),Set(Atom(sbtdirtymoney.DirtyMoneyPlugin)))[0m
[0m[[0m[0mdebug[0m] [0m[0mClause(Atom(sbt.plugins.JvmPlugin),Set(Atom(xerial.sbt.Sonatype)))[0m
[0m[[0m[0mdebug[0m] [0m[0mClause(Atom(sbt.plugins.JvmPlugin),Set(Atom(org.jetbrains.sbt.StructurePlugin)))[0m
[0m[[0m[0mdebug[0m] [0m[0mClause(Atom(sbt.plugins.JvmPlugin),Set(Atom(org.jetbrains.sbt.IdeaShellPlugin)))[0m
[0m[[0m[0mdebug[0m] [0m[0mClause(And(Set(Atom(sbt.plugins.CorePlugin), Atom(sbt.plugins.JvmPlugin))),Set(Atom(org.jetbrains.sbt.indices.SbtIntellijIndicesPlugin))))[0m
[0m[[0m[0mdebug[0m] [0m[0m  :: deduced result: Matched(sbt.plugins.CorePlugin,sbt.plugins.Giter8TemplatePlugin,sbt.plugins.IvyPlugin,sbtdirtymoney.DirtyMoneyPlugin,com.typesafe.sbt.SbtPgp,sbt.plugins.JvmPlugin,sbt.plugins.SemanticdbPlugin,org.jetbrains.sbt.indices.SbtIntellijIndicesPlugin,sbt.plugins.JUnitXmlReportPlugin,sbtassembly.AssemblyPlugin,xerial.sbt.Sonatype,org.jetbrains.sbt.IdeaShellPlugin,org.jetbrains.sbt.StructurePlugin,sbt.plugins.MiniDependencyTreePlugin)[0m
[0m[[0m[0mdebug[0m] [0m[0mPlugins.deducer#function took 7.395214 ms[0m
[0m[[0m[0mdebug[0m] [0m[0m      Load.resolveProject(jcg_data_format) took 2.840973ms[0m
[0m[[0m[0mdebug[0m] [0m[0m[Loading] Loading project jcg_testcases @ /Users/MartinOwono/Desktop/SOSE25/BA/BA_Projekt/jcg_testcases[0m
[0m[[0m[0mdebug[0m] [0m[0mdeducing auto plugins based on known facts Set(Atom(sbt.plugins.CorePlugin)) and clauses Clauses(Clause(Atom(sbt.plugins.JvmPlugin),Set(Atom(sbt.plugins.IvyPlugin)))[0m
[0m[[0m[0mdebug[0m] [0m[0mClause(Atom(sbt.ScriptedPlugin),Set(Atom(sbt.plugins.JvmPlugin)))[0m
[0m[[0m[0mdebug[0m] [0m[0mClause(Atom(sbt.plugins.SbtPlugin),Set(Atom(sbt.ScriptedPlugin)))[0m
[0m[[0m[0mdebug[0m] [0m[0mClause(Atom(sbt.plugins.SemanticdbPlugin),Set(Atom(sbt.plugins.JvmPlugin)))[0m
[0m[[0m[0mdebug[0m] [0m[0mClause(Atom(sbt.plugins.JUnitXmlReportPlugin),Set(Atom(sbt.plugins.JvmPlugin)))[0m
[0m[[0m[0mdebug[0m] [0m[0mClause(Atom(sbt.plugins.MiniDependencyTreePlugin),Set(Atom(sbt.plugins.JvmPlugin)))[0m
[0m[[0m[0mdebug[0m] [0m[0mClause(Atom(sbtassembly.AssemblyPlugin),Set(Atom(sbt.plugins.JvmPlugin)))[0m
[0m[[0m[0mdebug[0m] [0m[0mClause(Atom(com.typesafe.sbt.SbtPgp),Set(Atom(sbt.plugins.IvyPlugin)))[0m
[0m[[0m[0mdebug[0m] [0m[0mClause(Atom(sbtdirtymoney.DirtyMoneyPlugin),Set(Atom(sbt.plugins.IvyPlugin)))[0m
[0m[[0m[0mdebug[0m] [0m[0mClause(Atom(xerial.sbt.Sonatype),Set(Atom(sbt.plugins.JvmPlugin)))[0m
[0m[[0m[0mdebug[0m] [0m[0mClause(Atom(org.jetbrains.sbt.StructurePlugin),Set(Atom(sbt.plugins.JvmPlugin)))[0m
[0m[[0m[0mdebug[0m] [0m[0mClause(Atom(org.jetbrains.sbt.IdeaShellPlugin),Set(Atom(sbt.plugins.JvmPlugin)))[0m
[0m[[0m[0mdebug[0m] [0m[0mClause(Atom(org.jetbrains.sbt.indices.SbtIntellijIndicesPlugin),Set(Atom(sbt.plugins.JvmPlugin)))[0m
[0m[[0m[0mdebug[0m] [0m[0mClause(Atom(sbt.plugins.CorePlugin),Set(Atom(sbt.plugins.IvyPlugin)))[0m
[0m[[0m[0mdebug[0m] [0m[0mClause(Atom(sbt.plugins.IvyPlugin),Set(Atom(sbt.plugins.JvmPlugin)))[0m
[0m[[0m[0mdebug[0m] [0m[0mClause(Atom(sbt.plugins.JvmPlugin),Set(Atom(sbt.plugins.SemanticdbPlugin)))[0m
[0m[[0m[0mdebug[0m] [0m[0mClause(Atom(sbt.plugins.JvmPlugin),Set(Atom(sbt.plugins.JUnitXmlReportPlugin)))[0m
[0m[[0m[0mdebug[0m] [0m[0mClause(Atom(sbt.plugins.CorePlugin),Set(Atom(sbt.plugins.Giter8TemplatePlugin)))[0m
[0m[[0m[0mdebug[0m] [0m[0mClause(Atom(sbt.plugins.JvmPlugin),Set(Atom(sbt.plugins.MiniDependencyTreePlugin)))[0m
[0m[[0m[0mdebug[0m] [0m[0mClause(Atom(sbt.plugins.JvmPlugin),Set(Atom(sbtassembly.AssemblyPlugin)))[0m
[0m[[0m[0mdebug[0m] [0m[0mClause(Atom(sbt.plugins.IvyPlugin),Set(Atom(com.typesafe.sbt.SbtPgp)))[0m
[0m[[0m[0mdebug[0m] [0m[0mClause(Atom(sbt.plugins.IvyPlugin),Set(Atom(sbtdirtymoney.DirtyMoneyPlugin)))[0m
[0m[[0m[0mdebug[0m] [0m[0mClause(Atom(sbt.plugins.JvmPlugin),Set(Atom(xerial.sbt.Sonatype)))[0m
[0m[[0m[0mdebug[0m] [0m[0mClause(Atom(sbt.plugins.JvmPlugin),Set(Atom(org.jetbrains.sbt.StructurePlugin)))[0m
[0m[[0m[0mdebug[0m] [0m[0mClause(Atom(sbt.plugins.JvmPlugin),Set(Atom(org.jetbrains.sbt.IdeaShellPlugin)))[0m
[0m[[0m[0mdebug[0m] [0m[0mClause(And(Set(Atom(sbt.plugins.CorePlugin), Atom(sbt.plugins.JvmPlugin))),Set(Atom(org.jetbrains.sbt.indices.SbtIntellijIndicesPlugin))))[0m
[0m[[0m[0mdebug[0m] [0m[0m  :: deduced result: Matched(sbt.plugins.CorePlugin,sbt.plugins.Giter8TemplatePlugin,sbt.plugins.IvyPlugin,sbtdirtymoney.DirtyMoneyPlugin,com.typesafe.sbt.SbtPgp,sbt.plugins.JvmPlugin,sbt.plugins.SemanticdbPlugin,org.jetbrains.sbt.indices.SbtIntellijIndicesPlugin,sbt.plugins.JUnitXmlReportPlugin,sbtassembly.AssemblyPlugin,xerial.sbt.Sonatype,org.jetbrains.sbt.IdeaShellPlugin,org.jetbrains.sbt.StructurePlugin,sbt.plugins.MiniDependencyTreePlugin)[0m
[0m[[0m[0mdebug[0m] [0m[0mPlugins.deducer#function took 11.321067 ms[0m
[0m[[0m[0minfo[0m] [0m[0mloading settings for project jcg_testcases from build.sbt ...[0m
[0m[[0m[0mdebug[0m] [0m[0m      Load.resolveProject(jcg_testcases) took 6.850125ms[0m
[0m[[0m[0mdebug[0m] [0m[0m[Loading] Loading project jcg_annotation_matcher @ /Users/MartinOwono/Desktop/SOSE25/BA/BA_Projekt/jcg_annotation_matcher[0m
[0m[[0m[0mdebug[0m] [0m[0mdeducing auto plugins based on known facts Set(Atom(sbt.plugins.CorePlugin)) and clauses Clauses(Clause(Atom(sbt.plugins.JvmPlugin),Set(Atom(sbt.plugins.IvyPlugin)))[0m
[0m[[0m[0mdebug[0m] [0m[0mClause(Atom(sbt.ScriptedPlugin),Set(Atom(sbt.plugins.JvmPlugin)))[0m
[0m[[0m[0mdebug[0m] [0m[0mClause(Atom(sbt.plugins.SbtPlugin),Set(Atom(sbt.ScriptedPlugin)))[0m
[0m[[0m[0mdebug[0m] [0m[0mClause(Atom(sbt.plugins.SemanticdbPlugin),Set(Atom(sbt.plugins.JvmPlugin)))[0m
[0m[[0m[0mdebug[0m] [0m[0mClause(Atom(sbt.plugins.JUnitXmlReportPlugin),Set(Atom(sbt.plugins.JvmPlugin)))[0m
[0m[[0m[0mdebug[0m] [0m[0mClause(Atom(sbt.plugins.MiniDependencyTreePlugin),Set(Atom(sbt.plugins.JvmPlugin)))[0m
[0m[[0m[0mdebug[0m] [0m[0mClause(Atom(sbtassembly.AssemblyPlugin),Set(Atom(sbt.plugins.JvmPlugin)))[0m
[0m[[0m[0mdebug[0m] [0m[0mClause(Atom(com.typesafe.sbt.SbtPgp),Set(Atom(sbt.plugins.IvyPlugin)))[0m
[0m[[0m[0mdebug[0m] [0m[0mClause(Atom(sbtdirtymoney.DirtyMoneyPlugin),Set(Atom(sbt.plugins.IvyPlugin)))[0m
[0m[[0m[0mdebug[0m] [0m[0mClause(Atom(xerial.sbt.Sonatype),Set(Atom(sbt.plugins.JvmPlugin)))[0m
[0m[[0m[0mdebug[0m] [0m[0mClause(Atom(org.jetbrains.sbt.StructurePlugin),Set(Atom(sbt.plugins.JvmPlugin)))[0m
[0m[[0m[0mdebug[0m] [0m[0mClause(Atom(org.jetbrains.sbt.IdeaShellPlugin),Set(Atom(sbt.plugins.JvmPlugin)))[0m
[0m[[0m[0mdebug[0m] [0m[0mClause(Atom(org.jetbrains.sbt.indices.SbtIntellijIndicesPlugin),Set(Atom(sbt.plugins.JvmPlugin)))[0m
[0m[[0m[0mdebug[0m] [0m[0mClause(Atom(sbt.plugins.CorePlugin),Set(Atom(sbt.plugins.IvyPlugin)))[0m
[0m[[0m[0mdebug[0m] [0m[0mClause(Atom(sbt.plugins.IvyPlugin),Set(Atom(sbt.plugins.JvmPlugin)))[0m
[0m[[0m[0mdebug[0m] [0m[0mClause(Atom(sbt.plugins.JvmPlugin),Set(Atom(sbt.plugins.SemanticdbPlugin)))[0m
[0m[[0m[0mdebug[0m] [0m[0mClause(Atom(sbt.plugins.JvmPlugin),Set(Atom(sbt.plugins.JUnitXmlReportPlugin)))[0m
[0m[[0m[0mdebug[0m] [0m[0mClause(Atom(sbt.plugins.CorePlugin),Set(Atom(sbt.plugins.Giter8TemplatePlugin)))[0m
[0m[[0m[0mdebug[0m] [0m[0mClause(Atom(sbt.plugins.JvmPlugin),Set(Atom(sbt.plugins.MiniDependencyTreePlugin)))[0m
[0m[[0m[0mdebug[0m] [0m[0mClause(Atom(sbt.plugins.JvmPlugin),Set(Atom(sbtassembly.AssemblyPlugin)))[0m
[0m[[0m[0mdebug[0m] [0m[0mClause(Atom(sbt.plugins.IvyPlugin),Set(Atom(com.typesafe.sbt.SbtPgp)))[0m
[0m[[0m[0mdebug[0m] [0m[0mClause(Atom(sbt.plugins.IvyPlugin),Set(Atom(sbtdirtymoney.DirtyMoneyPlugin)))[0m
[0m[[0m[0mdebug[0m] [0m[0mClause(Atom(sbt.plugins.JvmPlugin),Set(Atom(xerial.sbt.Sonatype)))[0m
[0m[[0m[0mdebug[0m] [0m[0mClause(Atom(sbt.plugins.JvmPlugin),Set(Atom(org.jetbrains.sbt.StructurePlugin)))[0m
[0m[[0m[0mdebug[0m] [0m[0mClause(Atom(sbt.plugins.JvmPlugin),Set(Atom(org.jetbrains.sbt.IdeaShellPlugin)))[0m
[0m[[0m[0mdebug[0m] [0m[0mClause(And(Set(Atom(sbt.plugins.CorePlugin), Atom(sbt.plugins.JvmPlugin))),Set(Atom(org.jetbrains.sbt.indices.SbtIntellijIndicesPlugin))))[0m
[0m[[0m[0mdebug[0m] [0m[0m  :: deduced result: Matched(sbt.plugins.CorePlugin,sbt.plugins.Giter8TemplatePlugin,sbt.plugins.IvyPlugin,sbtdirtymoney.DirtyMoneyPlugin,com.typesafe.sbt.SbtPgp,sbt.plugins.JvmPlugin,sbt.plugins.SemanticdbPlugin,org.jetbrains.sbt.indices.SbtIntellijIndicesPlugin,sbt.plugins.JUnitXmlReportPlugin,sbtassembly.AssemblyPlugin,xerial.sbt.Sonatype,org.jetbrains.sbt.IdeaShellPlugin,org.jetbrains.sbt.StructurePlugin,sbt.plugins.MiniDependencyTreePlugin)[0m
[0m[[0m[0mdebug[0m] [0m[0mPlugins.deducer#function took 11.650865 ms[0m
[0m[[0m[0minfo[0m] [0m[0mloading settings for project jcg_annotation_matcher from build.sbt ...[0m
[0m[[0m[0mdebug[0m] [0m[0m      Load.resolveProject(jcg_annotation_matcher) took 8.789831ms[0m
[0m[[0m[0mdebug[0m] [0m[0m[Loading] Loading project jcg_wala_testadapter @ /Users/MartinOwono/Desktop/SOSE25/BA/BA_Projekt/jcg_wala_testadapter[0m
[0m[[0m[0mdebug[0m] [0m[0mdeducing auto plugins based on known facts Set(Atom(sbt.plugins.CorePlugin)) and clauses Clauses(Clause(Atom(sbt.plugins.JvmPlugin),Set(Atom(sbt.plugins.IvyPlugin)))[0m
[0m[[0m[0mdebug[0m] [0m[0mClause(Atom(sbt.ScriptedPlugin),Set(Atom(sbt.plugins.JvmPlugin)))[0m
[0m[[0m[0mdebug[0m] [0m[0mClause(Atom(sbt.plugins.SbtPlugin),Set(Atom(sbt.ScriptedPlugin)))[0m
[0m[[0m[0mdebug[0m] [0m[0mClause(Atom(sbt.plugins.SemanticdbPlugin),Set(Atom(sbt.plugins.JvmPlugin)))[0m
[0m[[0m[0mdebug[0m] [0m[0mClause(Atom(sbt.plugins.JUnitXmlReportPlugin),Set(Atom(sbt.plugins.JvmPlugin)))[0m
[0m[[0m[0mdebug[0m] [0m[0mClause(Atom(sbt.plugins.MiniDependencyTreePlugin),Set(Atom(sbt.plugins.JvmPlugin)))[0m
[0m[[0m[0mdebug[0m] [0m[0mClause(Atom(sbtassembly.AssemblyPlugin),Set(Atom(sbt.plugins.JvmPlugin)))[0m
[0m[[0m[0mdebug[0m] [0m[0mClause(Atom(com.typesafe.sbt.SbtPgp),Set(Atom(sbt.plugins.IvyPlugin)))[0m
[0m[[0m[0mdebug[0m] [0m[0mClause(Atom(sbtdirtymoney.DirtyMoneyPlugin),Set(Atom(sbt.plugins.IvyPlugin)))[0m
[0m[[0m[0mdebug[0m] [0m[0mClause(Atom(xerial.sbt.Sonatype),Set(Atom(sbt.plugins.JvmPlugin)))[0m
[0m[[0m[0mdebug[0m] [0m[0mClause(Atom(org.jetbrains.sbt.StructurePlugin),Set(Atom(sbt.plugins.JvmPlugin)))[0m
[0m[[0m[0mdebug[0m] [0m[0mClause(Atom(org.jetbrains.sbt.IdeaShellPlugin),Set(Atom(sbt.plugins.JvmPlugin)))[0m
[0m[[0m[0mdebug[0m] [0m[0mClause(Atom(org.jetbrains.sbt.indices.SbtIntellijIndicesPlugin),Set(Atom(sbt.plugins.JvmPlugin)))[0m
[0m[[0m[0mdebug[0m] [0m[0mClause(Atom(sbt.plugins.CorePlugin),Set(Atom(sbt.plugins.IvyPlugin)))[0m
[0m[[0m[0mdebug[0m] [0m[0mClause(Atom(sbt.plugins.IvyPlugin),Set(Atom(sbt.plugins.JvmPlugin)))[0m
[0m[[0m[0mdebug[0m] [0m[0mClause(Atom(sbt.plugins.JvmPlugin),Set(Atom(sbt.plugins.SemanticdbPlugin)))[0m
[0m[[0m[0mdebug[0m] [0m[0mClause(Atom(sbt.plugins.JvmPlugin),Set(Atom(sbt.plugins.JUnitXmlReportPlugin)))[0m
[0m[[0m[0mdebug[0m] [0m[0mClause(Atom(sbt.plugins.CorePlugin),Set(Atom(sbt.plugins.Giter8TemplatePlugin)))[0m
[0m[[0m[0mdebug[0m] [0m[0mClause(Atom(sbt.plugins.JvmPlugin),Set(Atom(sbt.plugins.MiniDependencyTreePlugin)))[0m
[0m[[0m[0mdebug[0m] [0m[0mClause(Atom(sbt.plugins.JvmPlugin),Set(Atom(sbtassembly.AssemblyPlugin)))[0m
[0m[[0m[0mdebug[0m] [0m[0mClause(Atom(sbt.plugins.IvyPlugin),Set(Atom(com.typesafe.sbt.SbtPgp)))[0m
[0m[[0m[0mdebug[0m] [0m[0mClause(Atom(sbt.plugins.IvyPlugin),Set(Atom(sbtdirtymoney.DirtyMoneyPlugin)))[0m
[0m[[0m[0mdebug[0m] [0m[0mClause(Atom(sbt.plugins.JvmPlugin),Set(Atom(xerial.sbt.Sonatype)))[0m
[0m[[0m[0mdebug[0m] [0m[0mClause(Atom(sbt.plugins.JvmPlugin),Set(Atom(org.jetbrains.sbt.StructurePlugin)))[0m
[0m[[0m[0mdebug[0m] [0m[0mClause(Atom(sbt.plugins.JvmPlugin),Set(Atom(org.jetbrains.sbt.IdeaShellPlugin)))[0m
[0m[[0m[0mdebug[0m] [0m[0mClause(And(Set(Atom(sbt.plugins.CorePlugin), Atom(sbt.plugins.JvmPlugin))),Set(Atom(org.jetbrains.sbt.indices.SbtIntellijIndicesPlugin))))[0m
[0m[[0m[0mdebug[0m] [0m[0m  :: deduced result: Matched(sbt.plugins.CorePlugin,sbt.plugins.Giter8TemplatePlugin,sbt.plugins.IvyPlugin,sbtdirtymoney.DirtyMoneyPlugin,com.typesafe.sbt.SbtPgp,sbt.plugins.JvmPlugin,sbt.plugins.SemanticdbPlugin,org.jetbrains.sbt.indices.SbtIntellijIndicesPlugin,sbt.plugins.JUnitXmlReportPlugin,sbtassembly.AssemblyPlugin,xerial.sbt.Sonatype,org.jetbrains.sbt.IdeaShellPlugin,org.jetbrains.sbt.StructurePlugin,sbt.plugins.MiniDependencyTreePlugin)[0m
[0m[[0m[0mdebug[0m] [0m[0mPlugins.deducer#function took 10.47786 ms[0m
[0m[[0m[0minfo[0m] [0m[0mloading settings for project jcg_wala_testadapter from build.sbt ...[0m
[0m[[0m[0mdebug[0m] [0m[0m      Load.resolveProject(jcg_wala_testadapter) took 7.391963ms[0m
[0m[[0m[0mdebug[0m] [0m[0m[Loading] Loading project jcg_soot_testadapter @ /Users/MartinOwono/Desktop/SOSE25/BA/BA_Projekt/jcg_soot_testadapter[0m
[0m[[0m[0mdebug[0m] [0m[0mdeducing auto plugins based on known facts Set(Atom(sbt.plugins.CorePlugin)) and clauses Clauses(Clause(Atom(sbt.plugins.JvmPlugin),Set(Atom(sbt.plugins.IvyPlugin)))[0m
[0m[[0m[0mdebug[0m] [0m[0mClause(Atom(sbt.ScriptedPlugin),Set(Atom(sbt.plugins.JvmPlugin)))[0m
[0m[[0m[0mdebug[0m] [0m[0mClause(Atom(sbt.plugins.SbtPlugin),Set(Atom(sbt.ScriptedPlugin)))[0m
[0m[[0m[0mdebug[0m] [0m[0mClause(Atom(sbt.plugins.SemanticdbPlugin),Set(Atom(sbt.plugins.JvmPlugin)))[0m
[0m[[0m[0mdebug[0m] [0m[0mClause(Atom(sbt.plugins.JUnitXmlReportPlugin),Set(Atom(sbt.plugins.JvmPlugin)))[0m
[0m[[0m[0mdebug[0m] [0m[0mClause(Atom(sbt.plugins.MiniDependencyTreePlugin),Set(Atom(sbt.plugins.JvmPlugin)))[0m
[0m[[0m[0mdebug[0m] [0m[0mClause(Atom(sbtassembly.AssemblyPlugin),Set(Atom(sbt.plugins.JvmPlugin)))[0m
[0m[[0m[0mdebug[0m] [0m[0mClause(Atom(com.typesafe.sbt.SbtPgp),Set(Atom(sbt.plugins.IvyPlugin)))[0m
[0m[[0m[0mdebug[0m] [0m[0mClause(Atom(sbtdirtymoney.DirtyMoneyPlugin),Set(Atom(sbt.plugins.IvyPlugin)))[0m
[0m[[0m[0mdebug[0m] [0m[0mClause(Atom(xerial.sbt.Sonatype),Set(Atom(sbt.plugins.JvmPlugin)))[0m
[0m[[0m[0mdebug[0m] [0m[0mClause(Atom(org.jetbrains.sbt.StructurePlugin),Set(Atom(sbt.plugins.JvmPlugin)))[0m
[0m[[0m[0mdebug[0m] [0m[0mClause(Atom(org.jetbrains.sbt.IdeaShellPlugin),Set(Atom(sbt.plugins.JvmPlugin)))[0m
[0m[[0m[0mdebug[0m] [0m[0mClause(Atom(org.jetbrains.sbt.indices.SbtIntellijIndicesPlugin),Set(Atom(sbt.plugins.JvmPlugin)))[0m
[0m[[0m[0mdebug[0m] [0m[0mClause(Atom(sbt.plugins.CorePlugin),Set(Atom(sbt.plugins.IvyPlugin)))[0m
[0m[[0m[0mdebug[0m] [0m[0mClause(Atom(sbt.plugins.IvyPlugin),Set(Atom(sbt.plugins.JvmPlugin)))[0m
[0m[[0m[0mdebug[0m] [0m[0mClause(Atom(sbt.plugins.JvmPlugin),Set(Atom(sbt.plugins.SemanticdbPlugin)))[0m
[0m[[0m[0mdebug[0m] [0m[0mClause(Atom(sbt.plugins.JvmPlugin),Set(Atom(sbt.plugins.JUnitXmlReportPlugin)))[0m
[0m[[0m[0mdebug[0m] [0m[0mClause(Atom(sbt.plugins.CorePlugin),Set(Atom(sbt.plugins.Giter8TemplatePlugin)))[0m
[0m[[0m[0mdebug[0m] [0m[0mClause(Atom(sbt.plugins.JvmPlugin),Set(Atom(sbt.plugins.MiniDependencyTreePlugin)))[0m
[0m[[0m[0mdebug[0m] [0m[0mClause(Atom(sbt.plugins.JvmPlugin),Set(Atom(sbtassembly.AssemblyPlugin)))[0m
[0m[[0m[0mdebug[0m] [0m[0mClause(Atom(sbt.plugins.IvyPlugin),Set(Atom(com.typesafe.sbt.SbtPgp)))[0m
[0m[[0m[0mdebug[0m] [0m[0mClause(Atom(sbt.plugins.IvyPlugin),Set(Atom(sbtdirtymoney.DirtyMoneyPlugin)))[0m
[0m[[0m[0mdebug[0m] [0m[0mClause(Atom(sbt.plugins.JvmPlugin),Set(Atom(xerial.sbt.Sonatype)))[0m
[0m[[0m[0mdebug[0m] [0m[0mClause(Atom(sbt.plugins.JvmPlugin),Set(Atom(org.jetbrains.sbt.StructurePlugin)))[0m
[0m[[0m[0mdebug[0m] [0m[0mClause(Atom(sbt.plugins.JvmPlugin),Set(Atom(org.jetbrains.sbt.IdeaShellPlugin)))[0m
[0m[[0m[0mdebug[0m] [0m[0mClause(And(Set(Atom(sbt.plugins.CorePlugin), Atom(sbt.plugins.JvmPlugin))),Set(Atom(org.jetbrains.sbt.indices.SbtIntellijIndicesPlugin))))[0m
[0m[[0m[0mdebug[0m] [0m[0m  :: deduced result: Matched(sbt.plugins.CorePlugin,sbt.plugins.Giter8TemplatePlugin,sbt.plugins.IvyPlugin,sbtdirtymoney.DirtyMoneyPlugin,com.typesafe.sbt.SbtPgp,sbt.plugins.JvmPlugin,sbt.plugins.SemanticdbPlugin,org.jetbrains.sbt.indices.SbtIntellijIndicesPlugin,sbt.plugins.JUnitXmlReportPlugin,sbtassembly.AssemblyPlugin,xerial.sbt.Sonatype,org.jetbrains.sbt.IdeaShellPlugin,org.jetbrains.sbt.StructurePlugin,sbt.plugins.MiniDependencyTreePlugin)[0m
[0m[[0m[0mdebug[0m] [0m[0mPlugins.deducer#function took 5.962092 ms[0m
[0m[[0m[0minfo[0m] [0m[0mloading settings for project jcg_soot_testadapter from build.sbt ...[0m
[0m[[0m[0mdebug[0m] [0m[0m      Load.resolveProject(jcg_soot_testadapter) took 3.824358ms[0m
[0m[[0m[0mdebug[0m] [0m[0m[Loading] Loading project jcg_opal_testadapter @ /Users/MartinOwono/Desktop/SOSE25/BA/BA_Projekt/jcg_opal_testadapter[0m
[0m[[0m[0mdebug[0m] [0m[0mdeducing auto plugins based on known facts Set(Atom(sbt.plugins.CorePlugin)) and clauses Clauses(Clause(Atom(sbt.plugins.JvmPlugin),Set(Atom(sbt.plugins.IvyPlugin)))[0m
[0m[[0m[0mdebug[0m] [0m[0mClause(Atom(sbt.ScriptedPlugin),Set(Atom(sbt.plugins.JvmPlugin)))[0m
[0m[[0m[0mdebug[0m] [0m[0mClause(Atom(sbt.plugins.SbtPlugin),Set(Atom(sbt.ScriptedPlugin)))[0m
[0m[[0m[0mdebug[0m] [0m[0mClause(Atom(sbt.plugins.SemanticdbPlugin),Set(Atom(sbt.plugins.JvmPlugin)))[0m
[0m[[0m[0mdebug[0m] [0m[0mClause(Atom(sbt.plugins.JUnitXmlReportPlugin),Set(Atom(sbt.plugins.JvmPlugin)))[0m
[0m[[0m[0mdebug[0m] [0m[0mClause(Atom(sbt.plugins.MiniDependencyTreePlugin),Set(Atom(sbt.plugins.JvmPlugin)))[0m
[0m[[0m[0mdebug[0m] [0m[0mClause(Atom(sbtassembly.AssemblyPlugin),Set(Atom(sbt.plugins.JvmPlugin)))[0m
[0m[[0m[0mdebug[0m] [0m[0mClause(Atom(com.typesafe.sbt.SbtPgp),Set(Atom(sbt.plugins.IvyPlugin)))[0m
[0m[[0m[0mdebug[0m] [0m[0mClause(Atom(sbtdirtymoney.DirtyMoneyPlugin),Set(Atom(sbt.plugins.IvyPlugin)))[0m
[0m[[0m[0mdebug[0m] [0m[0mClause(Atom(xerial.sbt.Sonatype),Set(Atom(sbt.plugins.JvmPlugin)))[0m
[0m[[0m[0mdebug[0m] [0m[0mClause(Atom(org.jetbrains.sbt.StructurePlugin),Set(Atom(sbt.plugins.JvmPlugin)))[0m
[0m[[0m[0mdebug[0m] [0m[0mClause(Atom(org.jetbrains.sbt.IdeaShellPlugin),Set(Atom(sbt.plugins.JvmPlugin)))[0m
[0m[[0m[0mdebug[0m] [0m[0mClause(Atom(org.jetbrains.sbt.indices.SbtIntellijIndicesPlugin),Set(Atom(sbt.plugins.JvmPlugin)))[0m
[0m[[0m[0mdebug[0m] [0m[0mClause(Atom(sbt.plugins.CorePlugin),Set(Atom(sbt.plugins.IvyPlugin)))[0m
[0m[[0m[0mdebug[0m] [0m[0mClause(Atom(sbt.plugins.IvyPlugin),Set(Atom(sbt.plugins.JvmPlugin)))[0m
[0m[[0m[0mdebug[0m] [0m[0mClause(Atom(sbt.plugins.JvmPlugin),Set(Atom(sbt.plugins.SemanticdbPlugin)))[0m
[0m[[0m[0mdebug[0m] [0m[0mClause(Atom(sbt.plugins.JvmPlugin),Set(Atom(sbt.plugins.JUnitXmlReportPlugin)))[0m
[0m[[0m[0mdebug[0m] [0m[0mClause(Atom(sbt.plugins.CorePlugin),Set(Atom(sbt.plugins.Giter8TemplatePlugin)))[0m
[0m[[0m[0mdebug[0m] [0m[0mClause(Atom(sbt.plugins.JvmPlugin),Set(Atom(sbt.plugins.MiniDependencyTreePlugin)))[0m
[0m[[0m[0mdebug[0m] [0m[0mClause(Atom(sbt.plugins.JvmPlugin),Set(Atom(sbtassembly.AssemblyPlugin)))[0m
[0m[[0m[0mdebug[0m] [0m[0mClause(Atom(sbt.plugins.IvyPlugin),Set(Atom(com.typesafe.sbt.SbtPgp)))[0m
[0m[[0m[0mdebug[0m] [0m[0mClause(Atom(sbt.plugins.IvyPlugin),Set(Atom(sbtdirtymoney.DirtyMoneyPlugin)))[0m
[0m[[0m[0mdebug[0m] [0m[0mClause(Atom(sbt.plugins.JvmPlugin),Set(Atom(xerial.sbt.Sonatype)))[0m
[0m[[0m[0mdebug[0m] [0m[0mClause(Atom(sbt.plugins.JvmPlugin),Set(Atom(org.jetbrains.sbt.StructurePlugin)))[0m
[0m[[0m[0mdebug[0m] [0m[0mClause(Atom(sbt.plugins.JvmPlugin),Set(Atom(org.jetbrains.sbt.IdeaShellPlugin)))[0m
[0m[[0m[0mdebug[0m] [0m[0mClause(And(Set(Atom(sbt.plugins.CorePlugin), Atom(sbt.plugins.JvmPlugin))),Set(Atom(org.jetbrains.sbt.indices.SbtIntellijIndicesPlugin))))[0m
[0m[[0m[0mdebug[0m] [0m[0m  :: deduced result: Matched(sbt.plugins.CorePlugin,sbt.plugins.Giter8TemplatePlugin,sbt.plugins.IvyPlugin,sbtdirtymoney.DirtyMoneyPlugin,com.typesafe.sbt.SbtPgp,sbt.plugins.JvmPlugin,sbt.plugins.SemanticdbPlugin,org.jetbrains.sbt.indices.SbtIntellijIndicesPlugin,sbt.plugins.JUnitXmlReportPlugin,sbtassembly.AssemblyPlugin,xerial.sbt.Sonatype,org.jetbrains.sbt.IdeaShellPlugin,org.jetbrains.sbt.StructurePlugin,sbt.plugins.MiniDependencyTreePlugin)[0m
[0m[[0m[0mdebug[0m] [0m[0mPlugins.deducer#function took 4.787295 ms[0m
[0m[[0m[0minfo[0m] [0m[0mloading settings for project jcg_opal_testadapter from build.sbt ...[0m
[0m[[0m[0mdebug[0m] [0m[0m      Load.resolveProject(jcg_opal_testadapter) took 3.497726ms[0m
[0m[[0m[0mdebug[0m] [0m[0m[Loading] Loading project jcg_doop_testadapter @ /Users/MartinOwono/Desktop/SOSE25/BA/BA_Projekt/jcg_doop_testadapter[0m
[0m[[0m[0mdebug[0m] [0m[0mdeducing auto plugins based on known facts Set(Atom(sbt.plugins.CorePlugin)) and clauses Clauses(Clause(Atom(sbt.plugins.JvmPlugin),Set(Atom(sbt.plugins.IvyPlugin)))[0m
[0m[[0m[0mdebug[0m] [0m[0mClause(Atom(sbt.ScriptedPlugin),Set(Atom(sbt.plugins.JvmPlugin)))[0m
[0m[[0m[0mdebug[0m] [0m[0mClause(Atom(sbt.plugins.SbtPlugin),Set(Atom(sbt.ScriptedPlugin)))[0m
[0m[[0m[0mdebug[0m] [0m[0mClause(Atom(sbt.plugins.SemanticdbPlugin),Set(Atom(sbt.plugins.JvmPlugin)))[0m
[0m[[0m[0mdebug[0m] [0m[0mClause(Atom(sbt.plugins.JUnitXmlReportPlugin),Set(Atom(sbt.plugins.JvmPlugin)))[0m
[0m[[0m[0mdebug[0m] [0m[0mClause(Atom(sbt.plugins.MiniDependencyTreePlugin),Set(Atom(sbt.plugins.JvmPlugin)))[0m
[0m[[0m[0mdebug[0m] [0m[0mClause(Atom(sbtassembly.AssemblyPlugin),Set(Atom(sbt.plugins.JvmPlugin)))[0m
[0m[[0m[0mdebug[0m] [0m[0mClause(Atom(com.typesafe.sbt.SbtPgp),Set(Atom(sbt.plugins.IvyPlugin)))[0m
[0m[[0m[0mdebug[0m] [0m[0mClause(Atom(sbtdirtymoney.DirtyMoneyPlugin),Set(Atom(sbt.plugins.IvyPlugin)))[0m
[0m[[0m[0mdebug[0m] [0m[0mClause(Atom(xerial.sbt.Sonatype),Set(Atom(sbt.plugins.JvmPlugin)))[0m
[0m[[0m[0mdebug[0m] [0m[0mClause(Atom(org.jetbrains.sbt.StructurePlugin),Set(Atom(sbt.plugins.JvmPlugin)))[0m
[0m[[0m[0mdebug[0m] [0m[0mClause(Atom(org.jetbrains.sbt.IdeaShellPlugin),Set(Atom(sbt.plugins.JvmPlugin)))[0m
[0m[[0m[0mdebug[0m] [0m[0mClause(Atom(org.jetbrains.sbt.indices.SbtIntellijIndicesPlugin),Set(Atom(sbt.plugins.JvmPlugin)))[0m
[0m[[0m[0mdebug[0m] [0m[0mClause(Atom(sbt.plugins.CorePlugin),Set(Atom(sbt.plugins.IvyPlugin)))[0m
[0m[[0m[0mdebug[0m] [0m[0mClause(Atom(sbt.plugins.IvyPlugin),Set(Atom(sbt.plugins.JvmPlugin)))[0m
[0m[[0m[0mdebug[0m] [0m[0mClause(Atom(sbt.plugins.JvmPlugin),Set(Atom(sbt.plugins.SemanticdbPlugin)))[0m
[0m[[0m[0mdebug[0m] [0m[0mClause(Atom(sbt.plugins.JvmPlugin),Set(Atom(sbt.plugins.JUnitXmlReportPlugin)))[0m
[0m[[0m[0mdebug[0m] [0m[0mClause(Atom(sbt.plugins.CorePlugin),Set(Atom(sbt.plugins.Giter8TemplatePlugin)))[0m
[0m[[0m[0mdebug[0m] [0m[0mClause(Atom(sbt.plugins.JvmPlugin),Set(Atom(sbt.plugins.MiniDependencyTreePlugin)))[0m
[0m[[0m[0mdebug[0m] [0m[0mClause(Atom(sbt.plugins.JvmPlugin),Set(Atom(sbtassembly.AssemblyPlugin)))[0m
[0m[[0m[0mdebug[0m] [0m[0mClause(Atom(sbt.plugins.IvyPlugin),Set(Atom(com.typesafe.sbt.SbtPgp)))[0m
[0m[[0m[0mdebug[0m] [0m[0mClause(Atom(sbt.plugins.IvyPlugin),Set(Atom(sbtdirtymoney.DirtyMoneyPlugin)))[0m
[0m[[0m[0mdebug[0m] [0m[0mClause(Atom(sbt.plugins.JvmPlugin),Set(Atom(xerial.sbt.Sonatype)))[0m
[0m[[0m[0mdebug[0m] [0m[0mClause(Atom(sbt.plugins.JvmPlugin),Set(Atom(org.jetbrains.sbt.StructurePlugin)))[0m
[0m[[0m[0mdebug[0m] [0m[0mClause(Atom(sbt.plugins.JvmPlugin),Set(Atom(org.jetbrains.sbt.IdeaShellPlugin)))[0m
[0m[[0m[0mdebug[0m] [0m[0mClause(And(Set(Atom(sbt.plugins.CorePlugin), Atom(sbt.plugins.JvmPlugin))),Set(Atom(org.jetbrains.sbt.indices.SbtIntellijIndicesPlugin))))[0m
[0m[[0m[0mdebug[0m] [0m[0m  :: deduced result: Matched(sbt.plugins.CorePlugin,sbt.plugins.Giter8TemplatePlugin,sbt.plugins.IvyPlugin,sbtdirtymoney.DirtyMoneyPlugin,com.typesafe.sbt.SbtPgp,sbt.plugins.JvmPlugin,sbt.plugins.SemanticdbPlugin,org.jetbrains.sbt.indices.SbtIntellijIndicesPlugin,sbt.plugins.JUnitXmlReportPlugin,sbtassembly.AssemblyPlugin,xerial.sbt.Sonatype,org.jetbrains.sbt.IdeaShellPlugin,org.jetbrains.sbt.StructurePlugin,sbt.plugins.MiniDependencyTreePlugin)[0m
[0m[[0m[0mdebug[0m] [0m[0mPlugins.deducer#function took 4.541161 ms[0m
[0m[[0m[0minfo[0m] [0m[0mloading settings for project jcg_doop_testadapter from build.sbt ...[0m
[0m[[0m[0mdebug[0m] [0m[0m      Load.resolveProject(jcg_doop_testadapter) took 4.329628ms[0m
[0m[[0m[0mdebug[0m] [0m[0m[Loading] Loading project jcg_js_callgraph_testadapter @ /Users/MartinOwono/Desktop/SOSE25/BA/BA_Projekt/jcg_js_callgraph_testadapter[0m
[0m[[0m[0mdebug[0m] [0m[0mdeducing auto plugins based on known facts Set(Atom(sbt.plugins.CorePlugin)) and clauses Clauses(Clause(Atom(sbt.plugins.JvmPlugin),Set(Atom(sbt.plugins.IvyPlugin)))[0m
[0m[[0m[0mdebug[0m] [0m[0mClause(Atom(sbt.ScriptedPlugin),Set(Atom(sbt.plugins.JvmPlugin)))[0m
[0m[[0m[0mdebug[0m] [0m[0mClause(Atom(sbt.plugins.SbtPlugin),Set(Atom(sbt.ScriptedPlugin)))[0m
[0m[[0m[0mdebug[0m] [0m[0mClause(Atom(sbt.plugins.SemanticdbPlugin),Set(Atom(sbt.plugins.JvmPlugin)))[0m
[0m[[0m[0mdebug[0m] [0m[0mClause(Atom(sbt.plugins.JUnitXmlReportPlugin),Set(Atom(sbt.plugins.JvmPlugin)))[0m
[0m[[0m[0mdebug[0m] [0m[0mClause(Atom(sbt.plugins.MiniDependencyTreePlugin),Set(Atom(sbt.plugins.JvmPlugin)))[0m
[0m[[0m[0mdebug[0m] [0m[0mClause(Atom(sbtassembly.AssemblyPlugin),Set(Atom(sbt.plugins.JvmPlugin)))[0m
[0m[[0m[0mdebug[0m] [0m[0mClause(Atom(com.typesafe.sbt.SbtPgp),Set(Atom(sbt.plugins.IvyPlugin)))[0m
[0m[[0m[0mdebug[0m] [0m[0mClause(Atom(sbtdirtymoney.DirtyMoneyPlugin),Set(Atom(sbt.plugins.IvyPlugin)))[0m
[0m[[0m[0mdebug[0m] [0m[0mClause(Atom(xerial.sbt.Sonatype),Set(Atom(sbt.plugins.JvmPlugin)))[0m
[0m[[0m[0mdebug[0m] [0m[0mClause(Atom(org.jetbrains.sbt.StructurePlugin),Set(Atom(sbt.plugins.JvmPlugin)))[0m
[0m[[0m[0mdebug[0m] [0m[0mClause(Atom(org.jetbrains.sbt.IdeaShellPlugin),Set(Atom(sbt.plugins.JvmPlugin)))[0m
[0m[[0m[0mdebug[0m] [0m[0mClause(Atom(org.jetbrains.sbt.indices.SbtIntellijIndicesPlugin),Set(Atom(sbt.plugins.JvmPlugin)))[0m
[0m[[0m[0mdebug[0m] [0m[0mClause(Atom(sbt.plugins.CorePlugin),Set(Atom(sbt.plugins.IvyPlugin)))[0m
[0m[[0m[0mdebug[0m] [0m[0mClause(Atom(sbt.plugins.IvyPlugin),Set(Atom(sbt.plugins.JvmPlugin)))[0m
[0m[[0m[0mdebug[0m] [0m[0mClause(Atom(sbt.plugins.JvmPlugin),Set(Atom(sbt.plugins.SemanticdbPlugin)))[0m
[0m[[0m[0mdebug[0m] [0m[0mClause(Atom(sbt.plugins.JvmPlugin),Set(Atom(sbt.plugins.JUnitXmlReportPlugin)))[0m
[0m[[0m[0mdebug[0m] [0m[0mClause(Atom(sbt.plugins.CorePlugin),Set(Atom(sbt.plugins.Giter8TemplatePlugin)))[0m
[0m[[0m[0mdebug[0m] [0m[0mClause(Atom(sbt.plugins.JvmPlugin),Set(Atom(sbt.plugins.MiniDependencyTreePlugin)))[0m
[0m[[0m[0mdebug[0m] [0m[0mClause(Atom(sbt.plugins.JvmPlugin),Set(Atom(sbtassembly.AssemblyPlugin)))[0m
[0m[[0m[0mdebug[0m] [0m[0mClause(Atom(sbt.plugins.IvyPlugin),Set(Atom(com.typesafe.sbt.SbtPgp)))[0m
[0m[[0m[0mdebug[0m] [0m[0mClause(Atom(sbt.plugins.IvyPlugin),Set(Atom(sbtdirtymoney.DirtyMoneyPlugin)))[0m
[0m[[0m[0mdebug[0m] [0m[0mClause(Atom(sbt.plugins.JvmPlugin),Set(Atom(xerial.sbt.Sonatype)))[0m
[0m[[0m[0mdebug[0m] [0m[0mClause(Atom(sbt.plugins.JvmPlugin),Set(Atom(org.jetbrains.sbt.StructurePlugin)))[0m
[0m[[0m[0mdebug[0m] [0m[0mClause(Atom(sbt.plugins.JvmPlugin),Set(Atom(org.jetbrains.sbt.IdeaShellPlugin)))[0m
[0m[[0m[0mdebug[0m] [0m[0mClause(And(Set(Atom(sbt.plugins.CorePlugin), Atom(sbt.plugins.JvmPlugin))),Set(Atom(org.jetbrains.sbt.indices.SbtIntellijIndicesPlugin))))[0m
[0m[[0m[0mdebug[0m] [0m[0m  :: deduced result: Matched(sbt.plugins.CorePlugin,sbt.plugins.Giter8TemplatePlugin,sbt.plugins.IvyPlugin,sbtdirtymoney.DirtyMoneyPlugin,com.typesafe.sbt.SbtPgp,sbt.plugins.JvmPlugin,sbt.plugins.SemanticdbPlugin,org.jetbrains.sbt.indices.SbtIntellijIndicesPlugin,sbt.plugins.JUnitXmlReportPlugin,sbtassembly.AssemblyPlugin,xerial.sbt.Sonatype,org.jetbrains.sbt.IdeaShellPlugin,org.jetbrains.sbt.StructurePlugin,sbt.plugins.MiniDependencyTreePlugin)[0m
[0m[[0m[0mdebug[0m] [0m[0mPlugins.deducer#function took 4.944089 ms[0m
[0m[[0m[0mdebug[0m] [0m[0m      Load.resolveProject(jcg_js_callgraph_testadapter) took 2.523615ms[0m
[0m[[0m[0mdebug[0m] [0m[0m[Loading] Loading project jcg_jelly_testadapter @ /Users/MartinOwono/Desktop/SOSE25/BA/BA_Projekt/jcg_jelly_testadapter[0m
[0m[[0m[0mdebug[0m] [0m[0mdeducing auto plugins based on known facts Set(Atom(sbt.plugins.CorePlugin)) and clauses Clauses(Clause(Atom(sbt.plugins.JvmPlugin),Set(Atom(sbt.plugins.IvyPlugin)))[0m
[0m[[0m[0mdebug[0m] [0m[0mClause(Atom(sbt.ScriptedPlugin),Set(Atom(sbt.plugins.JvmPlugin)))[0m
[0m[[0m[0mdebug[0m] [0m[0mClause(Atom(sbt.plugins.SbtPlugin),Set(Atom(sbt.ScriptedPlugin)))[0m
[0m[[0m[0mdebug[0m] [0m[0mClause(Atom(sbt.plugins.SemanticdbPlugin),Set(Atom(sbt.plugins.JvmPlugin)))[0m
[0m[[0m[0mdebug[0m] [0m[0mClause(Atom(sbt.plugins.JUnitXmlReportPlugin),Set(Atom(sbt.plugins.JvmPlugin)))[0m
[0m[[0m[0mdebug[0m] [0m[0mClause(Atom(sbt.plugins.MiniDependencyTreePlugin),Set(Atom(sbt.plugins.JvmPlugin)))[0m
[0m[[0m[0mdebug[0m] [0m[0mClause(Atom(sbtassembly.AssemblyPlugin),Set(Atom(sbt.plugins.JvmPlugin)))[0m
[0m[[0m[0mdebug[0m] [0m[0mClause(Atom(com.typesafe.sbt.SbtPgp),Set(Atom(sbt.plugins.IvyPlugin)))[0m
[0m[[0m[0mdebug[0m] [0m[0mClause(Atom(sbtdirtymoney.DirtyMoneyPlugin),Set(Atom(sbt.plugins.IvyPlugin)))[0m
[0m[[0m[0mdebug[0m] [0m[0mClause(Atom(xerial.sbt.Sonatype),Set(Atom(sbt.plugins.JvmPlugin)))[0m
[0m[[0m[0mdebug[0m] [0m[0mClause(Atom(org.jetbrains.sbt.StructurePlugin),Set(Atom(sbt.plugins.JvmPlugin)))[0m
[0m[[0m[0mdebug[0m] [0m[0mClause(Atom(org.jetbrains.sbt.IdeaShellPlugin),Set(Atom(sbt.plugins.JvmPlugin)))[0m
[0m[[0m[0mdebug[0m] [0m[0mClause(Atom(org.jetbrains.sbt.indices.SbtIntellijIndicesPlugin),Set(Atom(sbt.plugins.JvmPlugin)))[0m
[0m[[0m[0mdebug[0m] [0m[0mClause(Atom(sbt.plugins.CorePlugin),Set(Atom(sbt.plugins.IvyPlugin)))[0m
[0m[[0m[0mdebug[0m] [0m[0mClause(Atom(sbt.plugins.IvyPlugin),Set(Atom(sbt.plugins.JvmPlugin)))[0m
[0m[[0m[0mdebug[0m] [0m[0mClause(Atom(sbt.plugins.JvmPlugin),Set(Atom(sbt.plugins.SemanticdbPlugin)))[0m
[0m[[0m[0mdebug[0m] [0m[0mClause(Atom(sbt.plugins.JvmPlugin),Set(Atom(sbt.plugins.JUnitXmlReportPlugin)))[0m
[0m[[0m[0mdebug[0m] [0m[0mClause(Atom(sbt.plugins.CorePlugin),Set(Atom(sbt.plugins.Giter8TemplatePlugin)))[0m
[0m[[0m[0mdebug[0m] [0m[0mClause(Atom(sbt.plugins.JvmPlugin),Set(Atom(sbt.plugins.MiniDependencyTreePlugin)))[0m
[0m[[0m[0mdebug[0m] [0m[0mClause(Atom(sbt.plugins.JvmPlugin),Set(Atom(sbtassembly.AssemblyPlugin)))[0m
[0m[[0m[0mdebug[0m] [0m[0mClause(Atom(sbt.plugins.IvyPlugin),Set(Atom(com.typesafe.sbt.SbtPgp)))[0m
[0m[[0m[0mdebug[0m] [0m[0mClause(Atom(sbt.plugins.IvyPlugin),Set(Atom(sbtdirtymoney.DirtyMoneyPlugin)))[0m
[0m[[0m[0mdebug[0m] [0m[0mClause(Atom(sbt.plugins.JvmPlugin),Set(Atom(xerial.sbt.Sonatype)))[0m
[0m[[0m[0mdebug[0m] [0m[0mClause(Atom(sbt.plugins.JvmPlugin),Set(Atom(org.jetbrains.sbt.StructurePlugin)))[0m
[0m[[0m[0mdebug[0m] [0m[0mClause(Atom(sbt.plugins.JvmPlugin),Set(Atom(org.jetbrains.sbt.IdeaShellPlugin)))[0m
[0m[[0m[0mdebug[0m] [0m[0mClause(And(Set(Atom(sbt.plugins.CorePlugin), Atom(sbt.plugins.JvmPlugin))),Set(Atom(org.jetbrains.sbt.indices.SbtIntellijIndicesPlugin))))[0m
[0m[[0m[0mdebug[0m] [0m[0m  :: deduced result: Matched(sbt.plugins.CorePlugin,sbt.plugins.Giter8TemplatePlugin,sbt.plugins.IvyPlugin,sbtdirtymoney.DirtyMoneyPlugin,com.typesafe.sbt.SbtPgp,sbt.plugins.JvmPlugin,sbt.plugins.SemanticdbPlugin,org.jetbrains.sbt.indices.SbtIntellijIndicesPlugin,sbt.plugins.JUnitXmlReportPlugin,sbtassembly.AssemblyPlugin,xerial.sbt.Sonatype,org.jetbrains.sbt.IdeaShellPlugin,org.jetbrains.sbt.StructurePlugin,sbt.plugins.MiniDependencyTreePlugin)[0m
[0m[[0m[0mdebug[0m] [0m[0mPlugins.deducer#function took 3.790495 ms[0m
[0m[[0m[0mdebug[0m] [0m[0m      Load.resolveProject(jcg_jelly_testadapter) took 2.319277ms[0m
[0m[[0m[0mdebug[0m] [0m[0m[Loading] Loading project jcg_tajs_testadapter @ /Users/MartinOwono/Desktop/SOSE25/BA/BA_Projekt/jcg_tajs_testadapter[0m
[0m[[0m[0mdebug[0m] [0m[0mdeducing auto plugins based on known facts Set(Atom(sbt.plugins.CorePlugin)) and clauses Clauses(Clause(Atom(sbt.plugins.JvmPlugin),Set(Atom(sbt.plugins.IvyPlugin)))[0m
[0m[[0m[0mdebug[0m] [0m[0mClause(Atom(sbt.ScriptedPlugin),Set(Atom(sbt.plugins.JvmPlugin)))[0m
[0m[[0m[0mdebug[0m] [0m[0mClause(Atom(sbt.plugins.SbtPlugin),Set(Atom(sbt.ScriptedPlugin)))[0m
[0m[[0m[0mdebug[0m] [0m[0mClause(Atom(sbt.plugins.SemanticdbPlugin),Set(Atom(sbt.plugins.JvmPlugin)))[0m
[0m[[0m[0mdebug[0m] [0m[0mClause(Atom(sbt.plugins.JUnitXmlReportPlugin),Set(Atom(sbt.plugins.JvmPlugin)))[0m
[0m[[0m[0mdebug[0m] [0m[0mClause(Atom(sbt.plugins.MiniDependencyTreePlugin),Set(Atom(sbt.plugins.JvmPlugin)))[0m
[0m[[0m[0mdebug[0m] [0m[0mClause(Atom(sbtassembly.AssemblyPlugin),Set(Atom(sbt.plugins.JvmPlugin)))[0m
[0m[[0m[0mdebug[0m] [0m[0mClause(Atom(com.typesafe.sbt.SbtPgp),Set(Atom(sbt.plugins.IvyPlugin)))[0m
[0m[[0m[0mdebug[0m] [0m[0mClause(Atom(sbtdirtymoney.DirtyMoneyPlugin),Set(Atom(sbt.plugins.IvyPlugin)))[0m
[0m[[0m[0mdebug[0m] [0m[0mClause(Atom(xerial.sbt.Sonatype),Set(Atom(sbt.plugins.JvmPlugin)))[0m
[0m[[0m[0mdebug[0m] [0m[0mClause(Atom(org.jetbrains.sbt.StructurePlugin),Set(Atom(sbt.plugins.JvmPlugin)))[0m
[0m[[0m[0mdebug[0m] [0m[0mClause(Atom(org.jetbrains.sbt.IdeaShellPlugin),Set(Atom(sbt.plugins.JvmPlugin)))[0m
[0m[[0m[0mdebug[0m] [0m[0mClause(Atom(org.jetbrains.sbt.indices.SbtIntellijIndicesPlugin),Set(Atom(sbt.plugins.JvmPlugin)))[0m
[0m[[0m[0mdebug[0m] [0m[0mClause(Atom(sbt.plugins.CorePlugin),Set(Atom(sbt.plugins.IvyPlugin)))[0m
[0m[[0m[0mdebug[0m] [0m[0mClause(Atom(sbt.plugins.IvyPlugin),Set(Atom(sbt.plugins.JvmPlugin)))[0m
[0m[[0m[0mdebug[0m] [0m[0mClause(Atom(sbt.plugins.JvmPlugin),Set(Atom(sbt.plugins.SemanticdbPlugin)))[0m
[0m[[0m[0mdebug[0m] [0m[0mClause(Atom(sbt.plugins.JvmPlugin),Set(Atom(sbt.plugins.JUnitXmlReportPlugin)))[0m
[0m[[0m[0mdebug[0m] [0m[0mClause(Atom(sbt.plugins.CorePlugin),Set(Atom(sbt.plugins.Giter8TemplatePlugin)))[0m
[0m[[0m[0mdebug[0m] [0m[0mClause(Atom(sbt.plugins.JvmPlugin),Set(Atom(sbt.plugins.MiniDependencyTreePlugin)))[0m
[0m[[0m[0mdebug[0m] [0m[0mClause(Atom(sbt.plugins.JvmPlugin),Set(Atom(sbtassembly.AssemblyPlugin)))[0m
[0m[[0m[0mdebug[0m] [0m[0mClause(Atom(sbt.plugins.IvyPlugin),Set(Atom(com.typesafe.sbt.SbtPgp)))[0m
[0m[[0m[0mdebug[0m] [0m[0mClause(Atom(sbt.plugins.IvyPlugin),Set(Atom(sbtdirtymoney.DirtyMoneyPlugin)))[0m
[0m[[0m[0mdebug[0m] [0m[0mClause(Atom(sbt.plugins.JvmPlugin),Set(Atom(xerial.sbt.Sonatype)))[0m
[0m[[0m[0mdebug[0m] [0m[0mClause(Atom(sbt.plugins.JvmPlugin),Set(Atom(org.jetbrains.sbt.StructurePlugin)))[0m
[0m[[0m[0mdebug[0m] [0m[0mClause(Atom(sbt.plugins.JvmPlugin),Set(Atom(org.jetbrains.sbt.IdeaShellPlugin)))[0m
[0m[[0m[0mdebug[0m] [0m[0mClause(And(Set(Atom(sbt.plugins.CorePlugin), Atom(sbt.plugins.JvmPlugin))),Set(Atom(org.jetbrains.sbt.indices.SbtIntellijIndicesPlugin))))[0m
[0m[[0m[0mdebug[0m] [0m[0m  :: deduced result: Matched(sbt.plugins.CorePlugin,sbt.plugins.Giter8TemplatePlugin,sbt.plugins.IvyPlugin,sbtdirtymoney.DirtyMoneyPlugin,com.typesafe.sbt.SbtPgp,sbt.plugins.JvmPlugin,sbt.plugins.SemanticdbPlugin,org.jetbrains.sbt.indices.SbtIntellijIndicesPlugin,sbt.plugins.JUnitXmlReportPlugin,sbtassembly.AssemblyPlugin,xerial.sbt.Sonatype,org.jetbrains.sbt.IdeaShellPlugin,org.jetbrains.sbt.StructurePlugin,sbt.plugins.MiniDependencyTreePlugin)[0m
[0m[[0m[0mdebug[0m] [0m[0mPlugins.deducer#function took 6.096207 ms[0m
[0m[[0m[0mdebug[0m] [0m[0m      Load.resolveProject(jcg_tajs_testadapter) took 2.2687ms[0m
[0m[[0m[0mdebug[0m] [0m[0m[Loading] Loading project jcg_code2flow_js_testadapter @ /Users/MartinOwono/Desktop/SOSE25/BA/BA_Projekt/jcg_code2flow_js_testadapter[0m
[0m[[0m[0mdebug[0m] [0m[0mdeducing auto plugins based on known facts Set(Atom(sbt.plugins.CorePlugin)) and clauses Clauses(Clause(Atom(sbt.plugins.JvmPlugin),Set(Atom(sbt.plugins.IvyPlugin)))[0m
[0m[[0m[0mdebug[0m] [0m[0mClause(Atom(sbt.ScriptedPlugin),Set(Atom(sbt.plugins.JvmPlugin)))[0m
[0m[[0m[0mdebug[0m] [0m[0mClause(Atom(sbt.plugins.SbtPlugin),Set(Atom(sbt.ScriptedPlugin)))[0m
[0m[[0m[0mdebug[0m] [0m[0mClause(Atom(sbt.plugins.SemanticdbPlugin),Set(Atom(sbt.plugins.JvmPlugin)))[0m
[0m[[0m[0mdebug[0m] [0m[0mClause(Atom(sbt.plugins.JUnitXmlReportPlugin),Set(Atom(sbt.plugins.JvmPlugin)))[0m
[0m[[0m[0mdebug[0m] [0m[0mClause(Atom(sbt.plugins.MiniDependencyTreePlugin),Set(Atom(sbt.plugins.JvmPlugin)))[0m
[0m[[0m[0mdebug[0m] [0m[0mClause(Atom(sbtassembly.AssemblyPlugin),Set(Atom(sbt.plugins.JvmPlugin)))[0m
[0m[[0m[0mdebug[0m] [0m[0mClause(Atom(com.typesafe.sbt.SbtPgp),Set(Atom(sbt.plugins.IvyPlugin)))[0m
[0m[[0m[0mdebug[0m] [0m[0mClause(Atom(sbtdirtymoney.DirtyMoneyPlugin),Set(Atom(sbt.plugins.IvyPlugin)))[0m
[0m[[0m[0mdebug[0m] [0m[0mClause(Atom(xerial.sbt.Sonatype),Set(Atom(sbt.plugins.JvmPlugin)))[0m
[0m[[0m[0mdebug[0m] [0m[0mClause(Atom(org.jetbrains.sbt.StructurePlugin),Set(Atom(sbt.plugins.JvmPlugin)))[0m
[0m[[0m[0mdebug[0m] [0m[0mClause(Atom(org.jetbrains.sbt.IdeaShellPlugin),Set(Atom(sbt.plugins.JvmPlugin)))[0m
[0m[[0m[0mdebug[0m] [0m[0mClause(Atom(org.jetbrains.sbt.indices.SbtIntellijIndicesPlugin),Set(Atom(sbt.plugins.JvmPlugin)))[0m
[0m[[0m[0mdebug[0m] [0m[0mClause(Atom(sbt.plugins.CorePlugin),Set(Atom(sbt.plugins.IvyPlugin)))[0m
[0m[[0m[0mdebug[0m] [0m[0mClause(Atom(sbt.plugins.IvyPlugin),Set(Atom(sbt.plugins.JvmPlugin)))[0m
[0m[[0m[0mdebug[0m] [0m[0mClause(Atom(sbt.plugins.JvmPlugin),Set(Atom(sbt.plugins.SemanticdbPlugin)))[0m
[0m[[0m[0mdebug[0m] [0m[0mClause(Atom(sbt.plugins.JvmPlugin),Set(Atom(sbt.plugins.JUnitXmlReportPlugin)))[0m
[0m[[0m[0mdebug[0m] [0m[0mClause(Atom(sbt.plugins.CorePlugin),Set(Atom(sbt.plugins.Giter8TemplatePlugin)))[0m
[0m[[0m[0mdebug[0m] [0m[0mClause(Atom(sbt.plugins.JvmPlugin),Set(Atom(sbt.plugins.MiniDependencyTreePlugin)))[0m
[0m[[0m[0mdebug[0m] [0m[0mClause(Atom(sbt.plugins.JvmPlugin),Set(Atom(sbtassembly.AssemblyPlugin)))[0m
[0m[[0m[0mdebug[0m] [0m[0mClause(Atom(sbt.plugins.IvyPlugin),Set(Atom(com.typesafe.sbt.SbtPgp)))[0m
[0m[[0m[0mdebug[0m] [0m[0mClause(Atom(sbt.plugins.IvyPlugin),Set(Atom(sbtdirtymoney.DirtyMoneyPlugin)))[0m
[0m[[0m[0mdebug[0m] [0m[0mClause(Atom(sbt.plugins.JvmPlugin),Set(Atom(xerial.sbt.Sonatype)))[0m
[0m[[0m[0mdebug[0m] [0m[0mClause(Atom(sbt.plugins.JvmPlugin),Set(Atom(org.jetbrains.sbt.StructurePlugin)))[0m
[0m[[0m[0mdebug[0m] [0m[0mClause(Atom(sbt.plugins.JvmPlugin),Set(Atom(org.jetbrains.sbt.IdeaShellPlugin)))[0m
[0m[[0m[0mdebug[0m] [0m[0mClause(And(Set(Atom(sbt.plugins.CorePlugin), Atom(sbt.plugins.JvmPlugin))),Set(Atom(org.jetbrains.sbt.indices.SbtIntellijIndicesPlugin))))[0m
[0m[[0m[0mdebug[0m] [0m[0m  :: deduced result: Matched(sbt.plugins.CorePlugin,sbt.plugins.Giter8TemplatePlugin,sbt.plugins.IvyPlugin,sbtdirtymoney.DirtyMoneyPlugin,com.typesafe.sbt.SbtPgp,sbt.plugins.JvmPlugin,sbt.plugins.SemanticdbPlugin,org.jetbrains.sbt.indices.SbtIntellijIndicesPlugin,sbt.plugins.JUnitXmlReportPlugin,sbtassembly.AssemblyPlugin,xerial.sbt.Sonatype,org.jetbrains.sbt.IdeaShellPlugin,org.jetbrains.sbt.StructurePlugin,sbt.plugins.MiniDependencyTreePlugin)[0m
[0m[[0m[0mdebug[0m] [0m[0mPlugins.deducer#function took 7.213395 ms[0m
[0m[[0m[0mdebug[0m] [0m[0m      Load.resolveProject(jcg_code2flow_js_testadapter) took 2.702877ms[0m
[0m[[0m[0mdebug[0m] [0m[0m[Loading] Loading project jcg_code2flow_py_testadapter @ /Users/MartinOwono/Desktop/SOSE25/BA/BA_Projekt/jcg_code2flow_py_testadapter[0m
[0m[[0m[0mdebug[0m] [0m[0mdeducing auto plugins based on known facts Set(Atom(sbt.plugins.CorePlugin)) and clauses Clauses(Clause(Atom(sbt.plugins.JvmPlugin),Set(Atom(sbt.plugins.IvyPlugin)))[0m
[0m[[0m[0mdebug[0m] [0m[0mClause(Atom(sbt.ScriptedPlugin),Set(Atom(sbt.plugins.JvmPlugin)))[0m
[0m[[0m[0mdebug[0m] [0m[0mClause(Atom(sbt.plugins.SbtPlugin),Set(Atom(sbt.ScriptedPlugin)))[0m
[0m[[0m[0mdebug[0m] [0m[0mClause(Atom(sbt.plugins.SemanticdbPlugin),Set(Atom(sbt.plugins.JvmPlugin)))[0m
[0m[[0m[0mdebug[0m] [0m[0mClause(Atom(sbt.plugins.JUnitXmlReportPlugin),Set(Atom(sbt.plugins.JvmPlugin)))[0m
[0m[[0m[0mdebug[0m] [0m[0mClause(Atom(sbt.plugins.MiniDependencyTreePlugin),Set(Atom(sbt.plugins.JvmPlugin)))[0m
[0m[[0m[0mdebug[0m] [0m[0mClause(Atom(sbtassembly.AssemblyPlugin),Set(Atom(sbt.plugins.JvmPlugin)))[0m
[0m[[0m[0mdebug[0m] [0m[0mClause(Atom(com.typesafe.sbt.SbtPgp),Set(Atom(sbt.plugins.IvyPlugin)))[0m
[0m[[0m[0mdebug[0m] [0m[0mClause(Atom(sbtdirtymoney.DirtyMoneyPlugin),Set(Atom(sbt.plugins.IvyPlugin)))[0m
[0m[[0m[0mdebug[0m] [0m[0mClause(Atom(xerial.sbt.Sonatype),Set(Atom(sbt.plugins.JvmPlugin)))[0m
[0m[[0m[0mdebug[0m] [0m[0mClause(Atom(org.jetbrains.sbt.StructurePlugin),Set(Atom(sbt.plugins.JvmPlugin)))[0m
[0m[[0m[0mdebug[0m] [0m[0mClause(Atom(org.jetbrains.sbt.IdeaShellPlugin),Set(Atom(sbt.plugins.JvmPlugin)))[0m
[0m[[0m[0mdebug[0m] [0m[0mClause(Atom(org.jetbrains.sbt.indices.SbtIntellijIndicesPlugin),Set(Atom(sbt.plugins.JvmPlugin)))[0m
[0m[[0m[0mdebug[0m] [0m[0mClause(Atom(sbt.plugins.CorePlugin),Set(Atom(sbt.plugins.IvyPlugin)))[0m
[0m[[0m[0mdebug[0m] [0m[0mClause(Atom(sbt.plugins.IvyPlugin),Set(Atom(sbt.plugins.JvmPlugin)))[0m
[0m[[0m[0mdebug[0m] [0m[0mClause(Atom(sbt.plugins.JvmPlugin),Set(Atom(sbt.plugins.SemanticdbPlugin)))[0m
[0m[[0m[0mdebug[0m] [0m[0mClause(Atom(sbt.plugins.JvmPlugin),Set(Atom(sbt.plugins.JUnitXmlReportPlugin)))[0m
[0m[[0m[0mdebug[0m] [0m[0mClause(Atom(sbt.plugins.CorePlugin),Set(Atom(sbt.plugins.Giter8TemplatePlugin)))[0m
[0m[[0m[0mdebug[0m] [0m[0mClause(Atom(sbt.plugins.JvmPlugin),Set(Atom(sbt.plugins.MiniDependencyTreePlugin)))[0m
[0m[[0m[0mdebug[0m] [0m[0mClause(Atom(sbt.plugins.JvmPlugin),Set(Atom(sbtassembly.AssemblyPlugin)))[0m
[0m[[0m[0mdebug[0m] [0m[0mClause(Atom(sbt.plugins.IvyPlugin),Set(Atom(com.typesafe.sbt.SbtPgp)))[0m
[0m[[0m[0mdebug[0m] [0m[0mClause(Atom(sbt.plugins.IvyPlugin),Set(Atom(sbtdirtymoney.DirtyMoneyPlugin)))[0m
[0m[[0m[0mdebug[0m] [0m[0mClause(Atom(sbt.plugins.JvmPlugin),Set(Atom(xerial.sbt.Sonatype)))[0m
[0m[[0m[0mdebug[0m] [0m[0mClause(Atom(sbt.plugins.JvmPlugin),Set(Atom(org.jetbrains.sbt.StructurePlugin)))[0m
[0m[[0m[0mdebug[0m] [0m[0mClause(Atom(sbt.plugins.JvmPlugin),Set(Atom(org.jetbrains.sbt.IdeaShellPlugin)))[0m
[0m[[0m[0mdebug[0m] [0m[0mClause(And(Set(Atom(sbt.plugins.CorePlugin), Atom(sbt.plugins.JvmPlugin))),Set(Atom(org.jetbrains.sbt.indices.SbtIntellijIndicesPlugin))))[0m
[0m[[0m[0mdebug[0m] [0m[0m  :: deduced result: Matched(sbt.plugins.CorePlugin,sbt.plugins.Giter8TemplatePlugin,sbt.plugins.IvyPlugin,sbtdirtymoney.DirtyMoneyPlugin,com.typesafe.sbt.SbtPgp,sbt.plugins.JvmPlugin,sbt.plugins.SemanticdbPlugin,org.jetbrains.sbt.indices.SbtIntellijIndicesPlugin,sbt.plugins.JUnitXmlReportPlugin,sbtassembly.AssemblyPlugin,xerial.sbt.Sonatype,org.jetbrains.sbt.IdeaShellPlugin,org.jetbrains.sbt.StructurePlugin,sbt.plugins.MiniDependencyTreePlugin)[0m
[0m[[0m[0mdebug[0m] [0m[0mPlugins.deducer#function took 3.602588 ms[0m
[0m[[0m[0mdebug[0m] [0m[0m      Load.resolveProject(jcg_code2flow_py_testadapter) took 4.317608ms[0m
[0m[[0m[0mdebug[0m] [0m[0m[Loading] Loading project jcg_pycg_testadapter @ /Users/MartinOwono/Desktop/SOSE25/BA/BA_Projekt/jcg_pycg_testadapter[0m
[0m[[0m[0mdebug[0m] [0m[0mdeducing auto plugins based on known facts Set(Atom(sbt.plugins.CorePlugin)) and clauses Clauses(Clause(Atom(sbt.plugins.JvmPlugin),Set(Atom(sbt.plugins.IvyPlugin)))[0m
[0m[[0m[0mdebug[0m] [0m[0mClause(Atom(sbt.ScriptedPlugin),Set(Atom(sbt.plugins.JvmPlugin)))[0m
[0m[[0m[0mdebug[0m] [0m[0mClause(Atom(sbt.plugins.SbtPlugin),Set(Atom(sbt.ScriptedPlugin)))[0m
[0m[[0m[0mdebug[0m] [0m[0mClause(Atom(sbt.plugins.SemanticdbPlugin),Set(Atom(sbt.plugins.JvmPlugin)))[0m
[0m[[0m[0mdebug[0m] [0m[0mClause(Atom(sbt.plugins.JUnitXmlReportPlugin),Set(Atom(sbt.plugins.JvmPlugin)))[0m
[0m[[0m[0mdebug[0m] [0m[0mClause(Atom(sbt.plugins.MiniDependencyTreePlugin),Set(Atom(sbt.plugins.JvmPlugin)))[0m
[0m[[0m[0mdebug[0m] [0m[0mClause(Atom(sbtassembly.AssemblyPlugin),Set(Atom(sbt.plugins.JvmPlugin)))[0m
[0m[[0m[0mdebug[0m] [0m[0mClause(Atom(com.typesafe.sbt.SbtPgp),Set(Atom(sbt.plugins.IvyPlugin)))[0m
[0m[[0m[0mdebug[0m] [0m[0mClause(Atom(sbtdirtymoney.DirtyMoneyPlugin),Set(Atom(sbt.plugins.IvyPlugin)))[0m
[0m[[0m[0mdebug[0m] [0m[0mClause(Atom(xerial.sbt.Sonatype),Set(Atom(sbt.plugins.JvmPlugin)))[0m
[0m[[0m[0mdebug[0m] [0m[0mClause(Atom(org.jetbrains.sbt.StructurePlugin),Set(Atom(sbt.plugins.JvmPlugin)))[0m
[0m[[0m[0mdebug[0m] [0m[0mClause(Atom(org.jetbrains.sbt.IdeaShellPlugin),Set(Atom(sbt.plugins.JvmPlugin)))[0m
[0m[[0m[0mdebug[0m] [0m[0mClause(Atom(org.jetbrains.sbt.indices.SbtIntellijIndicesPlugin),Set(Atom(sbt.plugins.JvmPlugin)))[0m
[0m[[0m[0mdebug[0m] [0m[0mClause(Atom(sbt.plugins.CorePlugin),Set(Atom(sbt.plugins.IvyPlugin)))[0m
[0m[[0m[0mdebug[0m] [0m[0mClause(Atom(sbt.plugins.IvyPlugin),Set(Atom(sbt.plugins.JvmPlugin)))[0m
[0m[[0m[0mdebug[0m] [0m[0mClause(Atom(sbt.plugins.JvmPlugin),Set(Atom(sbt.plugins.SemanticdbPlugin)))[0m
[0m[[0m[0mdebug[0m] [0m[0mClause(Atom(sbt.plugins.JvmPlugin),Set(Atom(sbt.plugins.JUnitXmlReportPlugin)))[0m
[0m[[0m[0mdebug[0m] [0m[0mClause(Atom(sbt.plugins.CorePlugin),Set(Atom(sbt.plugins.Giter8TemplatePlugin)))[0m
[0m[[0m[0mdebug[0m] [0m[0mClause(Atom(sbt.plugins.JvmPlugin),Set(Atom(sbt.plugins.MiniDependencyTreePlugin)))[0m
[0m[[0m[0mdebug[0m] [0m[0mClause(Atom(sbt.plugins.JvmPlugin),Set(Atom(sbtassembly.AssemblyPlugin)))[0m
[0m[[0m[0mdebug[0m] [0m[0mClause(Atom(sbt.plugins.IvyPlugin),Set(Atom(com.typesafe.sbt.SbtPgp)))[0m
[0m[[0m[0mdebug[0m] [0m[0mClause(Atom(sbt.plugins.IvyPlugin),Set(Atom(sbtdirtymoney.DirtyMoneyPlugin)))[0m
[0m[[0m[0mdebug[0m] [0m[0mClause(Atom(sbt.plugins.JvmPlugin),Set(Atom(xerial.sbt.Sonatype)))[0m
[0m[[0m[0mdebug[0m] [0m[0mClause(Atom(sbt.plugins.JvmPlugin),Set(Atom(org.jetbrains.sbt.StructurePlugin)))[0m
[0m[[0m[0mdebug[0m] [0m[0mClause(Atom(sbt.plugins.JvmPlugin),Set(Atom(org.jetbrains.sbt.IdeaShellPlugin)))[0m
[0m[[0m[0mdebug[0m] [0m[0mClause(And(Set(Atom(sbt.plugins.CorePlugin), Atom(sbt.plugins.JvmPlugin))),Set(Atom(org.jetbrains.sbt.indices.SbtIntellijIndicesPlugin))))[0m
[0m[[0m[0mdebug[0m] [0m[0m  :: deduced result: Matched(sbt.plugins.CorePlugin,sbt.plugins.Giter8TemplatePlugin,sbt.plugins.IvyPlugin,sbtdirtymoney.DirtyMoneyPlugin,com.typesafe.sbt.SbtPgp,sbt.plugins.JvmPlugin,sbt.plugins.SemanticdbPlugin,org.jetbrains.sbt.indices.SbtIntellijIndicesPlugin,sbt.plugins.JUnitXmlReportPlugin,sbtassembly.AssemblyPlugin,xerial.sbt.Sonatype,org.jetbrains.sbt.IdeaShellPlugin,org.jetbrains.sbt.StructurePlugin,sbt.plugins.MiniDependencyTreePlugin)[0m
[0m[[0m[0mdebug[0m] [0m[0mPlugins.deducer#function took 3.57483 ms[0m
[0m[[0m[0mdebug[0m] [0m[0m      Load.resolveProject(jcg_pycg_testadapter) took 2.111833ms[0m
[0m[[0m[0mdebug[0m] [0m[0m[Loading] Loading project jcg_pyan_testadapter @ /Users/MartinOwono/Desktop/SOSE25/BA/BA_Projekt/jcg_pyan_testadapter[0m
[0m[[0m[0mdebug[0m] [0m[0mdeducing auto plugins based on known facts Set(Atom(sbt.plugins.CorePlugin)) and clauses Clauses(Clause(Atom(sbt.plugins.JvmPlugin),Set(Atom(sbt.plugins.IvyPlugin)))[0m
[0m[[0m[0mdebug[0m] [0m[0mClause(Atom(sbt.ScriptedPlugin),Set(Atom(sbt.plugins.JvmPlugin)))[0m
[0m[[0m[0mdebug[0m] [0m[0mClause(Atom(sbt.plugins.SbtPlugin),Set(Atom(sbt.ScriptedPlugin)))[0m
[0m[[0m[0mdebug[0m] [0m[0mClause(Atom(sbt.plugins.SemanticdbPlugin),Set(Atom(sbt.plugins.JvmPlugin)))[0m
[0m[[0m[0mdebug[0m] [0m[0mClause(Atom(sbt.plugins.JUnitXmlReportPlugin),Set(Atom(sbt.plugins.JvmPlugin)))[0m
[0m[[0m[0mdebug[0m] [0m[0mClause(Atom(sbt.plugins.MiniDependencyTreePlugin),Set(Atom(sbt.plugins.JvmPlugin)))[0m
[0m[[0m[0mdebug[0m] [0m[0mClause(Atom(sbtassembly.AssemblyPlugin),Set(Atom(sbt.plugins.JvmPlugin)))[0m
[0m[[0m[0mdebug[0m] [0m[0mClause(Atom(com.typesafe.sbt.SbtPgp),Set(Atom(sbt.plugins.IvyPlugin)))[0m
[0m[[0m[0mdebug[0m] [0m[0mClause(Atom(sbtdirtymoney.DirtyMoneyPlugin),Set(Atom(sbt.plugins.IvyPlugin)))[0m
[0m[[0m[0mdebug[0m] [0m[0mClause(Atom(xerial.sbt.Sonatype),Set(Atom(sbt.plugins.JvmPlugin)))[0m
[0m[[0m[0mdebug[0m] [0m[0mClause(Atom(org.jetbrains.sbt.StructurePlugin),Set(Atom(sbt.plugins.JvmPlugin)))[0m
[0m[[0m[0mdebug[0m] [0m[0mClause(Atom(org.jetbrains.sbt.IdeaShellPlugin),Set(Atom(sbt.plugins.JvmPlugin)))[0m
[0m[[0m[0mdebug[0m] [0m[0mClause(Atom(org.jetbrains.sbt.indices.SbtIntellijIndicesPlugin),Set(Atom(sbt.plugins.JvmPlugin)))[0m
[0m[[0m[0mdebug[0m] [0m[0mClause(Atom(sbt.plugins.CorePlugin),Set(Atom(sbt.plugins.IvyPlugin)))[0m
[0m[[0m[0mdebug[0m] [0m[0mClause(Atom(sbt.plugins.IvyPlugin),Set(Atom(sbt.plugins.JvmPlugin)))[0m
[0m[[0m[0mdebug[0m] [0m[0mClause(Atom(sbt.plugins.JvmPlugin),Set(Atom(sbt.plugins.SemanticdbPlugin)))[0m
[0m[[0m[0mdebug[0m] [0m[0mClause(Atom(sbt.plugins.JvmPlugin),Set(Atom(sbt.plugins.JUnitXmlReportPlugin)))[0m
[0m[[0m[0mdebug[0m] [0m[0mClause(Atom(sbt.plugins.CorePlugin),Set(Atom(sbt.plugins.Giter8TemplatePlugin)))[0m
[0m[[0m[0mdebug[0m] [0m[0mClause(Atom(sbt.plugins.JvmPlugin),Set(Atom(sbt.plugins.MiniDependencyTreePlugin)))[0m
[0m[[0m[0mdebug[0m] [0m[0mClause(Atom(sbt.plugins.JvmPlugin),Set(Atom(sbtassembly.AssemblyPlugin)))[0m
[0m[[0m[0mdebug[0m] [0m[0mClause(Atom(sbt.plugins.IvyPlugin),Set(Atom(com.typesafe.sbt.SbtPgp)))[0m
[0m[[0m[0mdebug[0m] [0m[0mClause(Atom(sbt.plugins.IvyPlugin),Set(Atom(sbtdirtymoney.DirtyMoneyPlugin)))[0m
[0m[[0m[0mdebug[0m] [0m[0mClause(Atom(sbt.plugins.JvmPlugin),Set(Atom(xerial.sbt.Sonatype)))[0m
[0m[[0m[0mdebug[0m] [0m[0mClause(Atom(sbt.plugins.JvmPlugin),Set(Atom(org.jetbrains.sbt.StructurePlugin)))[0m
[0m[[0m[0mdebug[0m] [0m[0mClause(Atom(sbt.plugins.JvmPlugin),Set(Atom(org.jetbrains.sbt.IdeaShellPlugin)))[0m
[0m[[0m[0mdebug[0m] [0m[0mClause(And(Set(Atom(sbt.plugins.CorePlugin), Atom(sbt.plugins.JvmPlugin))),Set(Atom(org.jetbrains.sbt.indices.SbtIntellijIndicesPlugin))))[0m
[0m[[0m[0mdebug[0m] [0m[0m  :: deduced result: Matched(sbt.plugins.CorePlugin,sbt.plugins.Giter8TemplatePlugin,sbt.plugins.IvyPlugin,sbtdirtymoney.DirtyMoneyPlugin,com.typesafe.sbt.SbtPgp,sbt.plugins.JvmPlugin,sbt.plugins.SemanticdbPlugin,org.jetbrains.sbt.indices.SbtIntellijIndicesPlugin,sbt.plugins.JUnitXmlReportPlugin,sbtassembly.AssemblyPlugin,xerial.sbt.Sonatype,org.jetbrains.sbt.IdeaShellPlugin,org.jetbrains.sbt.StructurePlugin,sbt.plugins.MiniDependencyTreePlugin)[0m
[0m[[0m[0mdebug[0m] [0m[0mPlugins.deducer#function took 4.125072 ms[0m
[0m[[0m[0mdebug[0m] [0m[0m      Load.resolveProject(jcg_pyan_testadapter) took 2.076545ms[0m
[0m[[0m[0mdebug[0m] [0m[0m[Loading] Loading project jcg_jarvis_testadapter @ /Users/MartinOwono/Desktop/SOSE25/BA/BA_Projekt/jcg_jarvis_testadapter[0m
[0m[[0m[0mdebug[0m] [0m[0mdeducing auto plugins based on known facts Set(Atom(sbt.plugins.CorePlugin)) and clauses Clauses(Clause(Atom(sbt.plugins.JvmPlugin),Set(Atom(sbt.plugins.IvyPlugin)))[0m
[0m[[0m[0mdebug[0m] [0m[0mClause(Atom(sbt.ScriptedPlugin),Set(Atom(sbt.plugins.JvmPlugin)))[0m
[0m[[0m[0mdebug[0m] [0m[0mClause(Atom(sbt.plugins.SbtPlugin),Set(Atom(sbt.ScriptedPlugin)))[0m
[0m[[0m[0mdebug[0m] [0m[0mClause(Atom(sbt.plugins.SemanticdbPlugin),Set(Atom(sbt.plugins.JvmPlugin)))[0m
[0m[[0m[0mdebug[0m] [0m[0mClause(Atom(sbt.plugins.JUnitXmlReportPlugin),Set(Atom(sbt.plugins.JvmPlugin)))[0m
[0m[[0m[0mdebug[0m] [0m[0mClause(Atom(sbt.plugins.MiniDependencyTreePlugin),Set(Atom(sbt.plugins.JvmPlugin)))[0m
[0m[[0m[0mdebug[0m] [0m[0mClause(Atom(sbtassembly.AssemblyPlugin),Set(Atom(sbt.plugins.JvmPlugin)))[0m
[0m[[0m[0mdebug[0m] [0m[0mClause(Atom(com.typesafe.sbt.SbtPgp),Set(Atom(sbt.plugins.IvyPlugin)))[0m
[0m[[0m[0mdebug[0m] [0m[0mClause(Atom(sbtdirtymoney.DirtyMoneyPlugin),Set(Atom(sbt.plugins.IvyPlugin)))[0m
[0m[[0m[0mdebug[0m] [0m[0mClause(Atom(xerial.sbt.Sonatype),Set(Atom(sbt.plugins.JvmPlugin)))[0m
[0m[[0m[0mdebug[0m] [0m[0mClause(Atom(org.jetbrains.sbt.StructurePlugin),Set(Atom(sbt.plugins.JvmPlugin)))[0m
[0m[[0m[0mdebug[0m] [0m[0mClause(Atom(org.jetbrains.sbt.IdeaShellPlugin),Set(Atom(sbt.plugins.JvmPlugin)))[0m
[0m[[0m[0mdebug[0m] [0m[0mClause(Atom(org.jetbrains.sbt.indices.SbtIntellijIndicesPlugin),Set(Atom(sbt.plugins.JvmPlugin)))[0m
[0m[[0m[0mdebug[0m] [0m[0mClause(Atom(sbt.plugins.CorePlugin),Set(Atom(sbt.plugins.IvyPlugin)))[0m
[0m[[0m[0mdebug[0m] [0m[0mClause(Atom(sbt.plugins.IvyPlugin),Set(Atom(sbt.plugins.JvmPlugin)))[0m
[0m[[0m[0mdebug[0m] [0m[0mClause(Atom(sbt.plugins.JvmPlugin),Set(Atom(sbt.plugins.SemanticdbPlugin)))[0m
[0m[[0m[0mdebug[0m] [0m[0mClause(Atom(sbt.plugins.JvmPlugin),Set(Atom(sbt.plugins.JUnitXmlReportPlugin)))[0m
[0m[[0m[0mdebug[0m] [0m[0mClause(Atom(sbt.plugins.CorePlugin),Set(Atom(sbt.plugins.Giter8TemplatePlugin)))[0m
[0m[[0m[0mdebug[0m] [0m[0mClause(Atom(sbt.plugins.JvmPlugin),Set(Atom(sbt.plugins.MiniDependencyTreePlugin)))[0m
[0m[[0m[0mdebug[0m] [0m[0mClause(Atom(sbt.plugins.JvmPlugin),Set(Atom(sbtassembly.AssemblyPlugin)))[0m
[0m[[0m[0mdebug[0m] [0m[0mClause(Atom(sbt.plugins.IvyPlugin),Set(Atom(com.typesafe.sbt.SbtPgp)))[0m
[0m[[0m[0mdebug[0m] [0m[0mClause(Atom(sbt.plugins.IvyPlugin),Set(Atom(sbtdirtymoney.DirtyMoneyPlugin)))[0m
[0m[[0m[0mdebug[0m] [0m[0mClause(Atom(sbt.plugins.JvmPlugin),Set(Atom(xerial.sbt.Sonatype)))[0m
[0m[[0m[0mdebug[0m] [0m[0mClause(Atom(sbt.plugins.JvmPlugin),Set(Atom(org.jetbrains.sbt.StructurePlugin)))[0m
[0m[[0m[0mdebug[0m] [0m[0mClause(Atom(sbt.plugins.JvmPlugin),Set(Atom(org.jetbrains.sbt.IdeaShellPlugin)))[0m
[0m[[0m[0mdebug[0m] [0m[0mClause(And(Set(Atom(sbt.plugins.CorePlugin), Atom(sbt.plugins.JvmPlugin))),Set(Atom(org.jetbrains.sbt.indices.SbtIntellijIndicesPlugin))))[0m
[0m[[0m[0mdebug[0m] [0m[0m  :: deduced result: Matched(sbt.plugins.CorePlugin,sbt.plugins.Giter8TemplatePlugin,sbt.plugins.IvyPlugin,sbtdirtymoney.DirtyMoneyPlugin,com.typesafe.sbt.SbtPgp,sbt.plugins.JvmPlugin,sbt.plugins.SemanticdbPlugin,org.jetbrains.sbt.indices.SbtIntellijIndicesPlugin,sbt.plugins.JUnitXmlReportPlugin,sbtassembly.AssemblyPlugin,xerial.sbt.Sonatype,org.jetbrains.sbt.IdeaShellPlugin,org.jetbrains.sbt.StructurePlugin,sbt.plugins.MiniDependencyTreePlugin)[0m
[0m[[0m[0mdebug[0m] [0m[0mPlugins.deducer#function took 3.581033 ms[0m
[0m[[0m[0mdebug[0m] [0m[0m      Load.resolveProject(jcg_jarvis_testadapter) took 2.421434ms[0m
[0m[[0m[0mdebug[0m] [0m[0m[Loading] Loading project jcg_dynamic_testadapter @ /Users/MartinOwono/Desktop/SOSE25/BA/BA_Projekt/jcg_dynamic_testadapter[0m
[0m[[0m[0mdebug[0m] [0m[0mdeducing auto plugins based on known facts Set(Atom(sbt.plugins.CorePlugin)) and clauses Clauses(Clause(Atom(sbt.plugins.JvmPlugin),Set(Atom(sbt.plugins.IvyPlugin)))[0m
[0m[[0m[0mdebug[0m] [0m[0mClause(Atom(sbt.ScriptedPlugin),Set(Atom(sbt.plugins.JvmPlugin)))[0m
[0m[[0m[0mdebug[0m] [0m[0mClause(Atom(sbt.plugins.SbtPlugin),Set(Atom(sbt.ScriptedPlugin)))[0m
[0m[[0m[0mdebug[0m] [0m[0mClause(Atom(sbt.plugins.SemanticdbPlugin),Set(Atom(sbt.plugins.JvmPlugin)))[0m
[0m[[0m[0mdebug[0m] [0m[0mClause(Atom(sbt.plugins.JUnitXmlReportPlugin),Set(Atom(sbt.plugins.JvmPlugin)))[0m
[0m[[0m[0mdebug[0m] [0m[0mClause(Atom(sbt.plugins.MiniDependencyTreePlugin),Set(Atom(sbt.plugins.JvmPlugin)))[0m
[0m[[0m[0mdebug[0m] [0m[0mClause(Atom(sbtassembly.AssemblyPlugin),Set(Atom(sbt.plugins.JvmPlugin)))[0m
[0m[[0m[0mdebug[0m] [0m[0mClause(Atom(com.typesafe.sbt.SbtPgp),Set(Atom(sbt.plugins.IvyPlugin)))[0m
[0m[[0m[0mdebug[0m] [0m[0mClause(Atom(sbtdirtymoney.DirtyMoneyPlugin),Set(Atom(sbt.plugins.IvyPlugin)))[0m
[0m[[0m[0mdebug[0m] [0m[0mClause(Atom(xerial.sbt.Sonatype),Set(Atom(sbt.plugins.JvmPlugin)))[0m
[0m[[0m[0mdebug[0m] [0m[0mClause(Atom(org.jetbrains.sbt.StructurePlugin),Set(Atom(sbt.plugins.JvmPlugin)))[0m
[0m[[0m[0mdebug[0m] [0m[0mClause(Atom(org.jetbrains.sbt.IdeaShellPlugin),Set(Atom(sbt.plugins.JvmPlugin)))[0m
[0m[[0m[0mdebug[0m] [0m[0mClause(Atom(org.jetbrains.sbt.indices.SbtIntellijIndicesPlugin),Set(Atom(sbt.plugins.JvmPlugin)))[0m
[0m[[0m[0mdebug[0m] [0m[0mClause(Atom(sbt.plugins.CorePlugin),Set(Atom(sbt.plugins.IvyPlugin)))[0m
[0m[[0m[0mdebug[0m] [0m[0mClause(Atom(sbt.plugins.IvyPlugin),Set(Atom(sbt.plugins.JvmPlugin)))[0m
[0m[[0m[0mdebug[0m] [0m[0mClause(Atom(sbt.plugins.JvmPlugin),Set(Atom(sbt.plugins.SemanticdbPlugin)))[0m
[0m[[0m[0mdebug[0m] [0m[0mClause(Atom(sbt.plugins.JvmPlugin),Set(Atom(sbt.plugins.JUnitXmlReportPlugin)))[0m
[0m[[0m[0mdebug[0m] [0m[0mClause(Atom(sbt.plugins.CorePlugin),Set(Atom(sbt.plugins.Giter8TemplatePlugin)))[0m
[0m[[0m[0mdebug[0m] [0m[0mClause(Atom(sbt.plugins.JvmPlugin),Set(Atom(sbt.plugins.MiniDependencyTreePlugin)))[0m
[0m[[0m[0mdebug[0m] [0m[0mClause(Atom(sbt.plugins.JvmPlugin),Set(Atom(sbtassembly.AssemblyPlugin)))[0m
[0m[[0m[0mdebug[0m] [0m[0mClause(Atom(sbt.plugins.IvyPlugin),Set(Atom(com.typesafe.sbt.SbtPgp)))[0m
[0m[[0m[0mdebug[0m] [0m[0mClause(Atom(sbt.plugins.IvyPlugin),Set(Atom(sbtdirtymoney.DirtyMoneyPlugin)))[0m
[0m[[0m[0mdebug[0m] [0m[0mClause(Atom(sbt.plugins.JvmPlugin),Set(Atom(xerial.sbt.Sonatype)))[0m
[0m[[0m[0mdebug[0m] [0m[0mClause(Atom(sbt.plugins.JvmPlugin),Set(Atom(org.jetbrains.sbt.StructurePlugin)))[0m
[0m[[0m[0mdebug[0m] [0m[0mClause(Atom(sbt.plugins.JvmPlugin),Set(Atom(org.jetbrains.sbt.IdeaShellPlugin)))[0m
[0m[[0m[0mdebug[0m] [0m[0mClause(And(Set(Atom(sbt.plugins.CorePlugin), Atom(sbt.plugins.JvmPlugin))),Set(Atom(org.jetbrains.sbt.indices.SbtIntellijIndicesPlugin))))[0m
[0m[[0m[0mdebug[0m] [0m[0m  :: deduced result: Matched(sbt.plugins.CorePlugin,sbt.plugins.Giter8TemplatePlugin,sbt.plugins.IvyPlugin,sbtdirtymoney.DirtyMoneyPlugin,com.typesafe.sbt.SbtPgp,sbt.plugins.JvmPlugin,sbt.plugins.SemanticdbPlugin,org.jetbrains.sbt.indices.SbtIntellijIndicesPlugin,sbt.plugins.JUnitXmlReportPlugin,sbtassembly.AssemblyPlugin,xerial.sbt.Sonatype,org.jetbrains.sbt.IdeaShellPlugin,org.jetbrains.sbt.StructurePlugin,sbt.plugins.MiniDependencyTreePlugin)[0m
[0m[[0m[0mdebug[0m] [0m[0mPlugins.deducer#function took 3.009889 ms[0m
[0m[[0m[0mdebug[0m] [0m[0m      Load.resolveProject(jcg_dynamic_testadapter) took 2.002169ms[0m
[0m[[0m[0mdebug[0m] [0m[0m[Loading] Loading project jcg_testadapter_commons @ /Users/MartinOwono/Desktop/SOSE25/BA/BA_Projekt/jcg_testadapter_commons[0m
[0m[[0m[0mdebug[0m] [0m[0mdeducing auto plugins based on known facts Set(Atom(sbt.plugins.CorePlugin)) and clauses Clauses(Clause(Atom(sbt.plugins.JvmPlugin),Set(Atom(sbt.plugins.IvyPlugin)))[0m
[0m[[0m[0mdebug[0m] [0m[0mClause(Atom(sbt.ScriptedPlugin),Set(Atom(sbt.plugins.JvmPlugin)))[0m
[0m[[0m[0mdebug[0m] [0m[0mClause(Atom(sbt.plugins.SbtPlugin),Set(Atom(sbt.ScriptedPlugin)))[0m
[0m[[0m[0mdebug[0m] [0m[0mClause(Atom(sbt.plugins.SemanticdbPlugin),Set(Atom(sbt.plugins.JvmPlugin)))[0m
[0m[[0m[0mdebug[0m] [0m[0mClause(Atom(sbt.plugins.JUnitXmlReportPlugin),Set(Atom(sbt.plugins.JvmPlugin)))[0m
[0m[[0m[0mdebug[0m] [0m[0mClause(Atom(sbt.plugins.MiniDependencyTreePlugin),Set(Atom(sbt.plugins.JvmPlugin)))[0m
[0m[[0m[0mdebug[0m] [0m[0mClause(Atom(sbtassembly.AssemblyPlugin),Set(Atom(sbt.plugins.JvmPlugin)))[0m
[0m[[0m[0mdebug[0m] [0m[0mClause(Atom(com.typesafe.sbt.SbtPgp),Set(Atom(sbt.plugins.IvyPlugin)))[0m
[0m[[0m[0mdebug[0m] [0m[0mClause(Atom(sbtdirtymoney.DirtyMoneyPlugin),Set(Atom(sbt.plugins.IvyPlugin)))[0m
[0m[[0m[0mdebug[0m] [0m[0mClause(Atom(xerial.sbt.Sonatype),Set(Atom(sbt.plugins.JvmPlugin)))[0m
[0m[[0m[0mdebug[0m] [0m[0mClause(Atom(org.jetbrains.sbt.StructurePlugin),Set(Atom(sbt.plugins.JvmPlugin)))[0m
[0m[[0m[0mdebug[0m] [0m[0mClause(Atom(org.jetbrains.sbt.IdeaShellPlugin),Set(Atom(sbt.plugins.JvmPlugin)))[0m
[0m[[0m[0mdebug[0m] [0m[0mClause(Atom(org.jetbrains.sbt.indices.SbtIntellijIndicesPlugin),Set(Atom(sbt.plugins.JvmPlugin)))[0m
[0m[[0m[0mdebug[0m] [0m[0mClause(Atom(sbt.plugins.CorePlugin),Set(Atom(sbt.plugins.IvyPlugin)))[0m
[0m[[0m[0mdebug[0m] [0m[0mClause(Atom(sbt.plugins.IvyPlugin),Set(Atom(sbt.plugins.JvmPlugin)))[0m
[0m[[0m[0mdebug[0m] [0m[0mClause(Atom(sbt.plugins.JvmPlugin),Set(Atom(sbt.plugins.SemanticdbPlugin)))[0m
[0m[[0m[0mdebug[0m] [0m[0mClause(Atom(sbt.plugins.JvmPlugin),Set(Atom(sbt.plugins.JUnitXmlReportPlugin)))[0m
[0m[[0m[0mdebug[0m] [0m[0mClause(Atom(sbt.plugins.CorePlugin),Set(Atom(sbt.plugins.Giter8TemplatePlugin)))[0m
[0m[[0m[0mdebug[0m] [0m[0mClause(Atom(sbt.plugins.JvmPlugin),Set(Atom(sbt.plugins.MiniDependencyTreePlugin)))[0m
[0m[[0m[0mdebug[0m] [0m[0mClause(Atom(sbt.plugins.JvmPlugin),Set(Atom(sbtassembly.AssemblyPlugin)))[0m
[0m[[0m[0mdebug[0m] [0m[0mClause(Atom(sbt.plugins.IvyPlugin),Set(Atom(com.typesafe.sbt.SbtPgp)))[0m
[0m[[0m[0mdebug[0m] [0m[0mClause(Atom(sbt.plugins.IvyPlugin),Set(Atom(sbtdirtymoney.DirtyMoneyPlugin)))[0m
[0m[[0m[0mdebug[0m] [0m[0mClause(Atom(sbt.plugins.JvmPlugin),Set(Atom(xerial.sbt.Sonatype)))[0m
[0m[[0m[0mdebug[0m] [0m[0mClause(Atom(sbt.plugins.JvmPlugin),Set(Atom(org.jetbrains.sbt.StructurePlugin)))[0m
[0m[[0m[0mdebug[0m] [0m[0mClause(Atom(sbt.plugins.JvmPlugin),Set(Atom(org.jetbrains.sbt.IdeaShellPlugin)))[0m
[0m[[0m[0mdebug[0m] [0m[0mClause(And(Set(Atom(sbt.plugins.CorePlugin), Atom(sbt.plugins.JvmPlugin))),Set(Atom(org.jetbrains.sbt.indices.SbtIntellijIndicesPlugin))))[0m
[0m[[0m[0mdebug[0m] [0m[0m  :: deduced result: Matched(sbt.plugins.CorePlugin,sbt.plugins.Giter8TemplatePlugin,sbt.plugins.IvyPlugin,sbtdirtymoney.DirtyMoneyPlugin,com.typesafe.sbt.SbtPgp,sbt.plugins.JvmPlugin,sbt.plugins.SemanticdbPlugin,org.jetbrains.sbt.indices.SbtIntellijIndicesPlugin,sbt.plugins.JUnitXmlReportPlugin,sbtassembly.AssemblyPlugin,xerial.sbt.Sonatype,org.jetbrains.sbt.IdeaShellPlugin,org.jetbrains.sbt.StructurePlugin,sbt.plugins.MiniDependencyTreePlugin)[0m
[0m[[0m[0mdebug[0m] [0m[0mPlugins.deducer#function took 3.292123 ms[0m
[0m[[0m[0minfo[0m] [0m[0mloading settings for project jcg_testadapter_commons from build.sbt ...[0m
[0m[[0m[0mdebug[0m] [0m[0m      Load.resolveProject(jcg_testadapter_commons) took 3.180279ms[0m
[0m[[0m[0mdebug[0m] [0m[0m[Loading] Loading project jcg_callgraphs_testadapter @ /Users/MartinOwono/Desktop/SOSE25/BA/BA_Projekt/jcg_callgraphs_testadapter[0m
[0m[[0m[0mdebug[0m] [0m[0mdeducing auto plugins based on known facts Set(Atom(sbt.plugins.CorePlugin)) and clauses Clauses(Clause(Atom(sbt.plugins.JvmPlugin),Set(Atom(sbt.plugins.IvyPlugin)))[0m
[0m[[0m[0mdebug[0m] [0m[0mClause(Atom(sbt.ScriptedPlugin),Set(Atom(sbt.plugins.JvmPlugin)))[0m
[0m[[0m[0mdebug[0m] [0m[0mClause(Atom(sbt.plugins.SbtPlugin),Set(Atom(sbt.ScriptedPlugin)))[0m
[0m[[0m[0mdebug[0m] [0m[0mClause(Atom(sbt.plugins.SemanticdbPlugin),Set(Atom(sbt.plugins.JvmPlugin)))[0m
[0m[[0m[0mdebug[0m] [0m[0mClause(Atom(sbt.plugins.JUnitXmlReportPlugin),Set(Atom(sbt.plugins.JvmPlugin)))[0m
[0m[[0m[0mdebug[0m] [0m[0mClause(Atom(sbt.plugins.MiniDependencyTreePlugin),Set(Atom(sbt.plugins.JvmPlugin)))[0m
[0m[[0m[0mdebug[0m] [0m[0mClause(Atom(sbtassembly.AssemblyPlugin),Set(Atom(sbt.plugins.JvmPlugin)))[0m
[0m[[0m[0mdebug[0m] [0m[0mClause(Atom(com.typesafe.sbt.SbtPgp),Set(Atom(sbt.plugins.IvyPlugin)))[0m
[0m[[0m[0mdebug[0m] [0m[0mClause(Atom(sbtdirtymoney.DirtyMoneyPlugin),Set(Atom(sbt.plugins.IvyPlugin)))[0m
[0m[[0m[0mdebug[0m] [0m[0mClause(Atom(xerial.sbt.Sonatype),Set(Atom(sbt.plugins.JvmPlugin)))[0m
[0m[[0m[0mdebug[0m] [0m[0mClause(Atom(org.jetbrains.sbt.StructurePlugin),Set(Atom(sbt.plugins.JvmPlugin)))[0m
[0m[[0m[0mdebug[0m] [0m[0mClause(Atom(org.jetbrains.sbt.IdeaShellPlugin),Set(Atom(sbt.plugins.JvmPlugin)))[0m
[0m[[0m[0mdebug[0m] [0m[0mClause(Atom(org.jetbrains.sbt.indices.SbtIntellijIndicesPlugin),Set(Atom(sbt.plugins.JvmPlugin)))[0m
[0m[[0m[0mdebug[0m] [0m[0mClause(Atom(sbt.plugins.CorePlugin),Set(Atom(sbt.plugins.IvyPlugin)))[0m
[0m[[0m[0mdebug[0m] [0m[0mClause(Atom(sbt.plugins.IvyPlugin),Set(Atom(sbt.plugins.JvmPlugin)))[0m
[0m[[0m[0mdebug[0m] [0m[0mClause(Atom(sbt.plugins.JvmPlugin),Set(Atom(sbt.plugins.SemanticdbPlugin)))[0m
[0m[[0m[0mdebug[0m] [0m[0mClause(Atom(sbt.plugins.JvmPlugin),Set(Atom(sbt.plugins.JUnitXmlReportPlugin)))[0m
[0m[[0m[0mdebug[0m] [0m[0mClause(Atom(sbt.plugins.CorePlugin),Set(Atom(sbt.plugins.Giter8TemplatePlugin)))[0m
[0m[[0m[0mdebug[0m] [0m[0mClause(Atom(sbt.plugins.JvmPlugin),Set(Atom(sbt.plugins.MiniDependencyTreePlugin)))[0m
[0m[[0m[0mdebug[0m] [0m[0mClause(Atom(sbt.plugins.JvmPlugin),Set(Atom(sbtassembly.AssemblyPlugin)))[0m
[0m[[0m[0mdebug[0m] [0m[0mClause(Atom(sbt.plugins.IvyPlugin),Set(Atom(com.typesafe.sbt.SbtPgp)))[0m
[0m[[0m[0mdebug[0m] [0m[0mClause(Atom(sbt.plugins.IvyPlugin),Set(Atom(sbtdirtymoney.DirtyMoneyPlugin)))[0m
[0m[[0m[0mdebug[0m] [0m[0mClause(Atom(sbt.plugins.JvmPlugin),Set(Atom(xerial.sbt.Sonatype)))[0m
[0m[[0m[0mdebug[0m] [0m[0mClause(Atom(sbt.plugins.JvmPlugin),Set(Atom(org.jetbrains.sbt.StructurePlugin)))[0m
[0m[[0m[0mdebug[0m] [0m[0mClause(Atom(sbt.plugins.JvmPlugin),Set(Atom(org.jetbrains.sbt.IdeaShellPlugin)))[0m
[0m[[0m[0mdebug[0m] [0m[0mClause(And(Set(Atom(sbt.plugins.CorePlugin), Atom(sbt.plugins.JvmPlugin))),Set(Atom(org.jetbrains.sbt.indices.SbtIntellijIndicesPlugin))))[0m
[0m[[0m[0mdebug[0m] [0m[0m  :: deduced result: Matched(sbt.plugins.CorePlugin,sbt.plugins.Giter8TemplatePlugin,sbt.plugins.IvyPlugin,sbtdirtymoney.DirtyMoneyPlugin,com.typesafe.sbt.SbtPgp,sbt.plugins.JvmPlugin,sbt.plugins.SemanticdbPlugin,org.jetbrains.sbt.indices.SbtIntellijIndicesPlugin,sbt.plugins.JUnitXmlReportPlugin,sbtassembly.AssemblyPlugin,xerial.sbt.Sonatype,org.jetbrains.sbt.IdeaShellPlugin,org.jetbrains.sbt.StructurePlugin,sbt.plugins.MiniDependencyTreePlugin)[0m
[0m[[0m[0mdebug[0m] [0m[0mPlugins.deducer#function took 3.684364 ms[0m
[0m[[0m[0minfo[0m] [0m[0mloading settings for project jcg_callgraphs_testadapter from build.sbt ...[0m
[0m[[0m[0mdebug[0m] [0m[0m      Load.resolveProject(jcg_callgraphs_testadapter) took 4.368881ms[0m
[0m[[0m[0mdebug[0m] [0m[0m[Loading] Loading project jcg_evaluation @ /Users/MartinOwono/Desktop/SOSE25/BA/BA_Projekt/jcg_evaluation[0m
[0m[[0m[0mdebug[0m] [0m[0mdeducing auto plugins based on known facts Set(Atom(sbt.plugins.CorePlugin)) and clauses Clauses(Clause(Atom(sbt.plugins.JvmPlugin),Set(Atom(sbt.plugins.IvyPlugin)))[0m
[0m[[0m[0mdebug[0m] [0m[0mClause(Atom(sbt.ScriptedPlugin),Set(Atom(sbt.plugins.JvmPlugin)))[0m
[0m[[0m[0mdebug[0m] [0m[0mClause(Atom(sbt.plugins.SbtPlugin),Set(Atom(sbt.ScriptedPlugin)))[0m
[0m[[0m[0mdebug[0m] [0m[0mClause(Atom(sbt.plugins.SemanticdbPlugin),Set(Atom(sbt.plugins.JvmPlugin)))[0m
[0m[[0m[0mdebug[0m] [0m[0mClause(Atom(sbt.plugins.JUnitXmlReportPlugin),Set(Atom(sbt.plugins.JvmPlugin)))[0m
[0m[[0m[0mdebug[0m] [0m[0mClause(Atom(sbt.plugins.MiniDependencyTreePlugin),Set(Atom(sbt.plugins.JvmPlugin)))[0m
[0m[[0m[0mdebug[0m] [0m[0mClause(Atom(sbtassembly.AssemblyPlugin),Set(Atom(sbt.plugins.JvmPlugin)))[0m
[0m[[0m[0mdebug[0m] [0m[0mClause(Atom(com.typesafe.sbt.SbtPgp),Set(Atom(sbt.plugins.IvyPlugin)))[0m
[0m[[0m[0mdebug[0m] [0m[0mClause(Atom(sbtdirtymoney.DirtyMoneyPlugin),Set(Atom(sbt.plugins.IvyPlugin)))[0m
[0m[[0m[0mdebug[0m] [0m[0mClause(Atom(xerial.sbt.Sonatype),Set(Atom(sbt.plugins.JvmPlugin)))[0m
[0m[[0m[0mdebug[0m] [0m[0mClause(Atom(org.jetbrains.sbt.StructurePlugin),Set(Atom(sbt.plugins.JvmPlugin)))[0m
[0m[[0m[0mdebug[0m] [0m[0mClause(Atom(org.jetbrains.sbt.IdeaShellPlugin),Set(Atom(sbt.plugins.JvmPlugin)))[0m
[0m[[0m[0mdebug[0m] [0m[0mClause(Atom(org.jetbrains.sbt.indices.SbtIntellijIndicesPlugin),Set(Atom(sbt.plugins.JvmPlugin)))[0m
[0m[[0m[0mdebug[0m] [0m[0mClause(Atom(sbt.plugins.CorePlugin),Set(Atom(sbt.plugins.IvyPlugin)))[0m
[0m[[0m[0mdebug[0m] [0m[0mClause(Atom(sbt.plugins.IvyPlugin),Set(Atom(sbt.plugins.JvmPlugin)))[0m
[0m[[0m[0mdebug[0m] [0m[0mClause(Atom(sbt.plugins.JvmPlugin),Set(Atom(sbt.plugins.SemanticdbPlugin)))[0m
[0m[[0m[0mdebug[0m] [0m[0mClause(Atom(sbt.plugins.JvmPlugin),Set(Atom(sbt.plugins.JUnitXmlReportPlugin)))[0m
[0m[[0m[0mdebug[0m] [0m[0mClause(Atom(sbt.plugins.CorePlugin),Set(Atom(sbt.plugins.Giter8TemplatePlugin)))[0m
[0m[[0m[0mdebug[0m] [0m[0mClause(Atom(sbt.plugins.JvmPlugin),Set(Atom(sbt.plugins.MiniDependencyTreePlugin)))[0m
[0m[[0m[0mdebug[0m] [0m[0mClause(Atom(sbt.plugins.JvmPlugin),Set(Atom(sbtassembly.AssemblyPlugin)))[0m
[0m[[0m[0mdebug[0m] [0m[0mClause(Atom(sbt.plugins.IvyPlugin),Set(Atom(com.typesafe.sbt.SbtPgp)))[0m
[0m[[0m[0mdebug[0m] [0m[0mClause(Atom(sbt.plugins.IvyPlugin),Set(Atom(sbtdirtymoney.DirtyMoneyPlugin)))[0m
[0m[[0m[0mdebug[0m] [0m[0mClause(Atom(sbt.plugins.JvmPlugin),Set(Atom(xerial.sbt.Sonatype)))[0m
[0m[[0m[0mdebug[0m] [0m[0mClause(Atom(sbt.plugins.JvmPlugin),Set(Atom(org.jetbrains.sbt.StructurePlugin)))[0m
[0m[[0m[0mdebug[0m] [0m[0mClause(Atom(sbt.plugins.JvmPlugin),Set(Atom(org.jetbrains.sbt.IdeaShellPlugin)))[0m
[0m[[0m[0mdebug[0m] [0m[0mClause(And(Set(Atom(sbt.plugins.CorePlugin), Atom(sbt.plugins.JvmPlugin))),Set(Atom(org.jetbrains.sbt.indices.SbtIntellijIndicesPlugin))))[0m
[0m[[0m[0mdebug[0m] [0m[0m  :: deduced result: Matched(sbt.plugins.CorePlugin,sbt.plugins.Giter8TemplatePlugin,sbt.plugins.IvyPlugin,sbtdirtymoney.DirtyMoneyPlugin,com.typesafe.sbt.SbtPgp,sbt.plugins.JvmPlugin,sbt.plugins.SemanticdbPlugin,org.jetbrains.sbt.indices.SbtIntellijIndicesPlugin,sbt.plugins.JUnitXmlReportPlugin,sbtassembly.AssemblyPlugin,xerial.sbt.Sonatype,org.jetbrains.sbt.IdeaShellPlugin,org.jetbrains.sbt.StructurePlugin,sbt.plugins.MiniDependencyTreePlugin)[0m
[0m[[0m[0mdebug[0m] [0m[0mPlugins.deducer#function took 7.113917 ms[0m
[0m[[0m[0minfo[0m] [0m[0mloading settings for project jcg_evaluation from build.sbt ...[0m
[0m[[0m[0mdebug[0m] [0m[0m      Load.resolveProject(jcg_evaluation) took 2.660045ms[0m
[0m[[0m[0mdebug[0m] [0m[0m[Loading] Done in /Users/MartinOwono/Desktop/SOSE25/BA/BA_Projekt, returning: (jcg_annotations, jcg_data_format, jcg_testcases, jcg_annotation_matcher, jcg_wala_testadapter, jcg_soot_testadapter, jcg_opal_testadapter, jcg_doop_testadapter, jcg_js_callgraph_testadapter, jcg_jelly_testadapter, jcg_tajs_testadapter, jcg_code2flow_js_testadapter, jcg_code2flow_py_testadapter, jcg_pycg_testadapter, jcg_pyan_testadapter, jcg_jarvis_testadapter, jcg_dynamic_testadapter, jcg_testadapter_commons, jcg_callgraphs_testadapter, jcg_evaluation)[0m
[0m[[0m[0mdebug[0m] [0m[0mdeducing auto plugins based on known facts Set(Atom(sbt.plugins.CorePlugin)) and clauses Clauses(Clause(Atom(sbt.plugins.JvmPlugin),Set(Atom(sbt.plugins.IvyPlugin)))[0m
[0m[[0m[0mdebug[0m] [0m[0mClause(Atom(sbt.ScriptedPlugin),Set(Atom(sbt.plugins.JvmPlugin)))[0m
[0m[[0m[0mdebug[0m] [0m[0mClause(Atom(sbt.plugins.SbtPlugin),Set(Atom(sbt.ScriptedPlugin)))[0m
[0m[[0m[0mdebug[0m] [0m[0mClause(Atom(sbt.plugins.SemanticdbPlugin),Set(Atom(sbt.plugins.JvmPlugin)))[0m
[0m[[0m[0mdebug[0m] [0m[0mClause(Atom(sbt.plugins.JUnitXmlReportPlugin),Set(Atom(sbt.plugins.JvmPlugin)))[0m
[0m[[0m[0mdebug[0m] [0m[0mClause(Atom(sbt.plugins.MiniDependencyTreePlugin),Set(Atom(sbt.plugins.JvmPlugin)))[0m
[0m[[0m[0mdebug[0m] [0m[0mClause(Atom(sbtassembly.AssemblyPlugin),Set(Atom(sbt.plugins.JvmPlugin)))[0m
[0m[[0m[0mdebug[0m] [0m[0mClause(Atom(com.typesafe.sbt.SbtPgp),Set(Atom(sbt.plugins.IvyPlugin)))[0m
[0m[[0m[0mdebug[0m] [0m[0mClause(Atom(sbtdirtymoney.DirtyMoneyPlugin),Set(Atom(sbt.plugins.IvyPlugin)))[0m
[0m[[0m[0mdebug[0m] [0m[0mClause(Atom(xerial.sbt.Sonatype),Set(Atom(sbt.plugins.JvmPlugin)))[0m
[0m[[0m[0mdebug[0m] [0m[0mClause(Atom(org.jetbrains.sbt.StructurePlugin),Set(Atom(sbt.plugins.JvmPlugin)))[0m
[0m[[0m[0mdebug[0m] [0m[0mClause(Atom(org.jetbrains.sbt.IdeaShellPlugin),Set(Atom(sbt.plugins.JvmPlugin)))[0m
[0m[[0m[0mdebug[0m] [0m[0mClause(Atom(org.jetbrains.sbt.indices.SbtIntellijIndicesPlugin),Set(Atom(sbt.plugins.JvmPlugin)))[0m
[0m[[0m[0mdebug[0m] [0m[0mClause(Atom(sbt.plugins.CorePlugin),Set(Atom(sbt.plugins.IvyPlugin)))[0m
[0m[[0m[0mdebug[0m] [0m[0mClause(Atom(sbt.plugins.IvyPlugin),Set(Atom(sbt.plugins.JvmPlugin)))[0m
[0m[[0m[0mdebug[0m] [0m[0mClause(Atom(sbt.plugins.JvmPlugin),Set(Atom(sbt.plugins.SemanticdbPlugin)))[0m
[0m[[0m[0mdebug[0m] [0m[0mClause(Atom(sbt.plugins.JvmPlugin),Set(Atom(sbt.plugins.JUnitXmlReportPlugin)))[0m
[0m[[0m[0mdebug[0m] [0m[0mClause(Atom(sbt.plugins.CorePlugin),Set(Atom(sbt.plugins.Giter8TemplatePlugin)))[0m
[0m[[0m[0mdebug[0m] [0m[0mClause(Atom(sbt.plugins.JvmPlugin),Set(Atom(sbt.plugins.MiniDependencyTreePlugin)))[0m
[0m[[0m[0mdebug[0m] [0m[0mClause(Atom(sbt.plugins.JvmPlugin),Set(Atom(sbtassembly.AssemblyPlugin)))[0m
[0m[[0m[0mdebug[0m] [0m[0mClause(Atom(sbt.plugins.IvyPlugin),Set(Atom(com.typesafe.sbt.SbtPgp)))[0m
[0m[[0m[0mdebug[0m] [0m[0mClause(Atom(sbt.plugins.IvyPlugin),Set(Atom(sbtdirtymoney.DirtyMoneyPlugin)))[0m
[0m[[0m[0mdebug[0m] [0m[0mClause(Atom(sbt.plugins.JvmPlugin),Set(Atom(xerial.sbt.Sonatype)))[0m
[0m[[0m[0mdebug[0m] [0m[0mClause(Atom(sbt.plugins.JvmPlugin),Set(Atom(org.jetbrains.sbt.StructurePlugin)))[0m
[0m[[0m[0mdebug[0m] [0m[0mClause(Atom(sbt.plugins.JvmPlugin),Set(Atom(org.jetbrains.sbt.IdeaShellPlugin)))[0m
[0m[[0m[0mdebug[0m] [0m[0mClause(And(Set(Atom(sbt.plugins.CorePlugin), Atom(sbt.plugins.JvmPlugin))),Set(Atom(org.jetbrains.sbt.indices.SbtIntellijIndicesPlugin))))[0m
[0m[[0m[0mdebug[0m] [0m[0m  :: deduced result: Matched(sbt.plugins.CorePlugin,sbt.plugins.Giter8TemplatePlugin,sbt.plugins.IvyPlugin,sbtdirtymoney.DirtyMoneyPlugin,com.typesafe.sbt.SbtPgp,sbt.plugins.JvmPlugin,sbt.plugins.SemanticdbPlugin,org.jetbrains.sbt.indices.SbtIntellijIndicesPlugin,sbt.plugins.JUnitXmlReportPlugin,sbtassembly.AssemblyPlugin,xerial.sbt.Sonatype,org.jetbrains.sbt.IdeaShellPlugin,org.jetbrains.sbt.StructurePlugin,sbt.plugins.MiniDependencyTreePlugin)[0m
[0m[[0m[0mdebug[0m] [0m[0mPlugins.deducer#function took 4.430799 ms[0m
[0m[[0m[0minfo[0m] [0m[0mloading settings for project ba_projekt from build.sbt ...[0m
[0m[[0m[0mdebug[0m] [0m[0m        Load.resolveProject(ba_projekt) took 6.645401ms[0m
[0m[[0m[0mdebug[0m] [0m[0m      Load.loadTransitive: finalizeProject(Project(id ba_projekt, base: /Users/MartinOwono/Desktop/SOSE25/BA/BA_Projekt, aggregate: List(ProjectRef(file:/Users/MartinOwono/Desktop/SOSE25/BA/BA_Projekt/,jcg_annotations), ProjectRef(file:/Users/MartinOwono/Desktop/SOSE25/BA/BA_Projekt/,jcg_data_format), ProjectRef(file:/Users/MartinOwono/Desktop/SOSE25/BA/BA_Projekt/,jcg_testcases), ProjectRef(file:/Users/MartinOwono/Desktop/SOSE25/BA/BA_Projekt/,jcg_annotation_matcher), ProjectRef(file:/Users/MartinOwono/Desktop/SOSE25/BA/BA_Projekt/,jcg_wala_testadapter), ProjectRef(file:/Users/MartinOwono/Desktop/SOSE25/BA/BA_Projekt/,jcg_soot_testadapter), ProjectRef(file:/Users/MartinOwono/Desktop/SOSE25/BA/BA_Projekt/,jcg_opal_testadapter), ProjectRef(file:/Users/MartinOwono/Desktop/SOSE25/BA/BA_Projekt/,jcg_doop_testadapter), ProjectRef(file:/Users/MartinOwono/Desktop/SOSE25/BA/BA_Projekt/,jcg_js_callgraph_testadapter), ProjectRef(file:/Users/MartinOwono/Desktop/SOSE25/BA/BA_Projekt/,jcg_jelly_testadapter), ProjectRef(file:/Users/MartinOwono/Desktop/SOSE25/BA/BA_Projekt/,jcg_tajs_testadapter), ProjectRef(file:/Users/MartinOwono/Desktop/SOSE25/BA/BA_Projekt/,jcg_code2flow_js_testadapter), ProjectRef(file:/Users/MartinOwono/Desktop/SOSE25/BA/BA_Projekt/,jcg_code2flow_py_testadapter), ProjectRef(file:/Users/MartinOwono/Desktop/SOSE25/BA/BA_Projekt/,jcg_pycg_testadapter), ProjectRef(file:/Users/MartinOwono/Desktop/SOSE25/BA/BA_Projekt/,jcg_pyan_testadapter), ProjectRef(file:/Users/MartinOwono/Desktop/SOSE25/BA/BA_Projekt/,jcg_jarvis_testadapter), ProjectRef(file:/Users/MartinOwono/Desktop/SOSE25/BA/BA_Projekt/,jcg_dynamic_testadapter), ProjectRef(file:/Users/MartinOwono/Desktop/SOSE25/BA/BA_Projekt/,jcg_testadapter_commons), ProjectRef(file:/Users/MartinOwono/Desktop/SOSE25/BA/BA_Projekt/,jcg_callgraphs_testadapter), ProjectRef(file:/Users/MartinOwono/Desktop/SOSE25/BA/BA_Projekt/,jcg_evaluation)), plugins: List(<none>))) took 14.969923ms[0m
[0m[[0m[0mdebug[0m] [0m[0m[Loading] Done in /Users/MartinOwono/Desktop/SOSE25/BA/BA_Projekt, returning: (ba_projekt, jcg_annotations, jcg_data_format, jcg_testcases, jcg_annotation_matcher, jcg_wala_testadapter, jcg_soot_testadapter, jcg_opal_testadapter, jcg_doop_testadapter, jcg_js_callgraph_testadapter, jcg_jelly_testadapter, jcg_tajs_testadapter, jcg_code2flow_js_testadapter, jcg_code2flow_py_testadapter, jcg_pycg_testadapter, jcg_pyan_testadapter, jcg_jarvis_testadapter, jcg_dynamic_testadapter, jcg_testadapter_commons, jcg_callgraphs_testadapter, jcg_evaluation)[0m
[0m[[0m[0mdebug[0m] [0m[0m    Load.loadUnit: loadedProjectsRaw took 1302.523423ms[0m
[0m[[0m[0mdebug[0m] [0m[0m    Load.loadUnit: cleanEvalClasses took 22.129489ms[0m
[0m[[0m[0mdebug[0m] [0m[0m  Load.loadUnit(file:/Users/MartinOwono/Desktop/SOSE25/BA/BA_Projekt/, ...) took 5567.279222ms[0m
[0m[[0m[0mdebug[0m] [0m[0mLoad.apply: load took 5591.608923ms[0m
[0m[[0m[0mdebug[0m] [0m[0mLoad.apply: resolveProjects took 20.948819ms[0m
[0m[[0m[0mdebug[0m] [0m[0mLoad.apply: finalTransforms took 376.057475ms[0m
[0m[[0m[0mdebug[0m] [0m[0mLoad.apply: config.delegates took 8.617372ms[0m
[0m[[0m[0minfo[0m] [0m[0mresolving key references (18458 settings) ...[0m
[0m[[0m[0mdebug[0m] [0m[0mLoad.apply: Def.make(settings)... took 2608.430329ms[0m
[0m[[0m[0mdebug[0m] [0m[0mLoad.apply: structureIndex took 1542.374969ms[0m
[0m[[0m[0mdebug[0m] [0m[0mLoad.apply: mkStreams took 0.003839ms[0m
[0m[[0m[0minfo[0m] [0m[0mset current project to ba_projekt (in build file:/Users/MartinOwono/Desktop/SOSE25/BA/BA_Projekt/)[0m
[0m[[0m[0mdebug[0m] [0m[0m> Exec(sbtPopOnFailure, None, None)[0m
[0m[[0m[0mdebug[0m] [0m[0m> Exec(resumeFromFailure, None, None)[0m
[0m[[0m[0mdebug[0m] [0m[0m> Exec(notifyUsersAboutShell, None, None)[0m
[0m[[0m[0mdebug[0m] [0m[0m> Exec(iflast shell, None, None)[0m
[0m[[0m[0mdebug[0m] [0m[0m> Exec(; set ideaPort in Global := 60804 ; idea-shell, None, None)[0m
[0m[[0m[0mdebug[0m] [0m[0m> Exec(set ideaPort in Global := 60804, None, None)[0m
[0m[[0m[0minfo[0m] [0m[0mDefining Global / ideaPort[0m
[0m[[0m[0minfo[0m] [0m[0mThe new value will be used by Compile / compile, Test / compile and 39 others.[0m
[0m[[0m[0minfo[0m] [0m[0m	Run `last` for details.[0m
[0m[[0m[0mdebug[0m] [0m[0mDefining [0m
[0m[[0m[0mdebug[0m] [0m[0m	Global / ideaPort[0m
[0m[[0m[0mdebug[0m] [0m[0m[0m
[0m[[0m[0mdebug[0m] [0m[0mThe new value will be used by [0m
[0m[[0m[0mdebug[0m] [0m[0m	Compile / compile[0m
[0m[[0m[0mdebug[0m] [0m[0m	Test / compile[0m
[0m[[0m[0mdebug[0m] [0m[0m	jcg_annotation_matcher / Compile / compile[0m
[0m[[0m[0mdebug[0m] [0m[0m	jcg_annotation_matcher / Test / compile[0m
[0m[[0m[0mdebug[0m] [0m[0m	jcg_annotations / Compile / compile[0m
[0m[[0m[0mdebug[0m] [0m[0m	jcg_annotations / Test / compile[0m
[0m[[0m[0mdebug[0m] [0m[0m	jcg_callgraphs_testadapter / Compile / compile[0m
[0m[[0m[0mdebug[0m] [0m[0m	jcg_callgraphs_testadapter / Test / compile[0m
[0m[[0m[0mdebug[0m] [0m[0m	jcg_code2flow_js_testadapter / Compile / compile[0m
[0m[[0m[0mdebug[0m] [0m[0m	jcg_code2flow_js_testadapter / Test / compile[0m
[0m[[0m[0mdebug[0m] [0m[0m	jcg_code2flow_py_testadapter / Compile / compile[0m
[0m[[0m[0mdebug[0m] [0m[0m	jcg_code2flow_py_testadapter / Test / compile[0m
[0m[[0m[0mdebug[0m] [0m[0m	jcg_data_format / Compile / compile[0m
[0m[[0m[0mdebug[0m] [0m[0m	jcg_data_format / Test / compile[0m
[0m[[0m[0mdebug[0m] [0m[0m	jcg_doop_testadapter / Compile / compile[0m
[0m[[0m[0mdebug[0m] [0m[0m	jcg_doop_testadapter / Test / compile[0m
[0m[[0m[0mdebug[0m] [0m[0m	jcg_dynamic_testadapter / Compile / compile[0m
[0m[[0m[0mdebug[0m] [0m[0m	jcg_dynamic_testadapter / Test / compile[0m
[0m[[0m[0mdebug[0m] [0m[0m	jcg_evaluation / Compile / compile[0m
[0m[[0m[0mdebug[0m] [0m[0m	jcg_evaluation / Test / compile[0m
[0m[[0m[0mdebug[0m] [0m[0m	jcg_jarvis_testadapter / Compile / compile[0m
[0m[[0m[0mdebug[0m] [0m[0m	jcg_jarvis_testadapter / Test / compile[0m
[0m[[0m[0mdebug[0m] [0m[0m	jcg_jelly_testadapter / Compile / compile[0m
[0m[[0m[0mdebug[0m] [0m[0m	jcg_jelly_testadapter / Test / compile[0m
[0m[[0m[0mdebug[0m] [0m[0m	jcg_js_callgraph_testadapter / Compile / compile[0m
[0m[[0m[0mdebug[0m] [0m[0m	jcg_js_callgraph_testadapter / Test / compile[0m
[0m[[0m[0mdebug[0m] [0m[0m	jcg_opal_testadapter / Compile / compile[0m
[0m[[0m[0mdebug[0m] [0m[0m	jcg_opal_testadapter / Test / compile[0m
[0m[[0m[0mdebug[0m] [0m[0m	jcg_pyan_testadapter / Compile / compile[0m
[0m[[0m[0mdebug[0m] [0m[0m	jcg_pyan_testadapter / Test / compile[0m
[0m[[0m[0mdebug[0m] [0m[0m	jcg_pycg_testadapter / Compile / compile[0m
[0m[[0m[0mdebug[0m] [0m[0m	jcg_pycg_testadapter / Test / compile[0m
[0m[[0m[0mdebug[0m] [0m[0m	jcg_soot_testadapter / Compile / compile[0m
[0m[[0m[0mdebug[0m] [0m[0m	jcg_soot_testadapter / Test / compile[0m
[0m[[0m[0mdebug[0m] [0m[0m	jcg_tajs_testadapter / Compile / compile[0m
[0m[[0m[0mdebug[0m] [0m[0m	jcg_tajs_testadapter / Test / compile[0m
[0m[[0m[0mdebug[0m] [0m[0m	jcg_testadapter_commons / Compile / compile[0m
[0m[[0m[0mdebug[0m] [0m[0m	jcg_testadapter_commons / Test / compile[0m
[0m[[0m[0mdebug[0m] [0m[0m	jcg_testcases / Compile / compile[0m
[0m[[0m[0mdebug[0m] [0m[0m	jcg_testcases / Test / compile[0m
[0m[[0m[0mdebug[0m] [0m[0m	jcg_wala_testadapter / Compile / compile[0m
[0m[[0m[0mdebug[0m] [0m[0m	jcg_wala_testadapter / Test / compile[0m
[0m[[0m[0minfo[0m] [0m[0mReapplying settings...[0m
[0m[[0m[0minfo[0m] [0m[0mset current project to ba_projekt (in build file:/Users/MartinOwono/Desktop/SOSE25/BA/BA_Projekt/)[0m
[0m[[0m[0mdebug[0m] [0m[0m> Exec(idea-shell, None, None)[0m
